target,provider,lead,tmax,tmin,precip,wind
2026-06-12,arpege,1,15.6,10.4,3.6,
2026-06-12,arpege,2,16.2,12,2.5,
2026-06-12,arpege,3,16.5,12.4,5,
2026-06-12,ecmwf,1,17.9,10,2.1,22.7
2026-06-12,ecmwf,2,18.2,10.5,3,27.1
2026-06-12,ecmwf,3,17.5,8.7,3.9,27.4
2026-06-12,ecmwf,4,16.1,10.9,4.5,22.7
2026-06-12,ecmwf,5,16.6,12.3,4.8,27.3
2026-06-12,ecmwf,6,16.4,12.4,5.4,24.1
2026-06-12,ecmwf,7,16.7,9.5,1.2,21.7
2026-06-12,gem,1,17.4,11.6,2.1,40
2026-06-12,gem,2,16.1,12.2,2.3,31.7
2026-06-12,gem,3,15.4,11.2,2.9,33.5
2026-06-12,gem,4,16.8,11,1.5,28.4
2026-06-12,gem,5,18.4,11.6,6.8,
2026-06-12,gem,7,17.3,11.6,1.1,29.9
2026-06-12,gfs,1,16.2,12.2,2,39.4
2026-06-12,gfs,2,16,12.3,1.9,43.7
2026-06-12,gfs,3,15.7,13,0.6,25.7
2026-06-12,gfs,4,17.6,12.2,1.5,26.6
2026-06-12,gfs,5,15.8,13,1.7,33.4
2026-06-12,gfs,6,15.8,12.2,0.3,29.4
2026-06-12,gfs,7,17.6,12.2,2.5,45.6
2026-06-12,icon,1,16.6,11,0.8,30.2
2026-06-12,icon,2,18.8,12.3,4.2,36
2026-06-12,icon,3,17.2,12.7,1.4,34.3
2026-06-12,icon,4,16.7,13.2,3,23.5
2026-06-12,icon,5,17.3,12.8,10.3,29.7
2026-06-12,icon,6,17.1,13.6,3.9,21.6
2026-06-12,ukmo,1,16,12.8,4.7,44.3
2026-06-12,ukmo,2,16.2,12.6,,
2026-06-12,ukmo,4,16.7,12.7,9.5,52.2
2026-06-12,ukmo,6,16.2,13.4,,50
2026-06-13,arpege,1,15.5,13.7,4.6,
2026-06-13,arpege,2,15.6,12.6,0.8,
2026-06-13,arpege,3,16.5,13.2,0.2,
2026-06-13,ecmwf,1,15.2,11.2,4.5,31.3
2026-06-13,ecmwf,2,15.7,11.7,3,32.8
2026-06-13,ecmwf,3,14.8,10.5,7.5,28.4
2026-06-13,ecmwf,4,17.4,12,3,32.8
2026-06-13,ecmwf,5,17.3,12.1,1.8,29.6
2026-06-13,ecmwf,6,19.6,11.6,3.9,26.4
2026-06-13,ecmwf,7,18.3,12,0.6,21
2026-06-13,gem,1,16.5,13,4.6,43.6
2026-06-13,gem,2,15.7,13.1,4.6,46.4
2026-06-13,gem,3,17.4,12.9,0.2,35.6
2026-06-13,gem,4,17.7,12.4,0.5,39.2
2026-06-13,gem,5,18.4,13.8,1.9,
2026-06-13,gem,7,19.1,13.5,0.3,42.1
2026-06-13,gfs,1,14.9,13.1,2.8,53.6
2026-06-13,gfs,2,14.9,13.3,2.4,52.3
2026-06-13,gfs,3,15.9,13.7,2.9,50.4
2026-06-13,gfs,4,16.7,14,0.2,53.6
2026-06-13,gfs,5,17.6,13.9,0.7,44
2026-06-13,gfs,6,16,12.4,0.8,49.8
2026-06-13,gfs,7,15,13.6,6.4,51.2
2026-06-13,icon,1,16.3,13.5,2.9,39.9
2026-06-13,icon,2,16.3,13.5,2.6,35.6
2026-06-13,icon,3,16.6,13.2,1,37.4
2026-06-13,icon,4,18.1,14.2,0,37.3
2026-06-13,icon,5,19.3,13.9,1.6,28.1
2026-06-13,icon,6,18.2,12.9,1.1,35.6
2026-06-13,ukmo,1,15.4,13.4,1.3,50.8
2026-06-13,ukmo,2,15.7,13.4,,
2026-06-13,ukmo,4,15.6,14.1,3.3,54.7
2026-06-13,ukmo,6,15.6,13.9,,53.3
2026-06-14,arpege,1,16.6,13.6,0.1,
2026-06-14,arpege,2,16.5,12.8,2.4,
2026-06-14,arpege,3,16.7,12.6,1.4,
2026-06-14,ecmwf,1,15.3,10,8.4,29.4
2026-06-14,ecmwf,2,15.7,10.1,9.3,33
2026-06-14,ecmwf,3,16.7,11.1,3.6,31.3
2026-06-14,ecmwf,4,16.6,10.5,3.9,30.8
2026-06-14,ecmwf,5,15.7,11.2,6.3,31.3
2026-06-14,ecmwf,6,18.4,11.5,0,27.2
2026-06-14,ecmwf,7,21.7,11.3,0.9,25.2
2026-06-14,gem,1,16.3,12.1,7.7,40.3
2026-06-14,gem,2,15.8,11.9,5.2,41
2026-06-14,gem,3,16.3,12.7,3.1,35.3
2026-06-14,gem,4,15.1,12.7,4,31.7
2026-06-14,gem,5,17.1,11.9,0.6,
2026-06-14,gem,7,16.7,12.5,0,43.2
2026-06-14,gfs,1,15.6,13,7.8,51.5
2026-06-14,gfs,2,15.7,13.1,4.5,51.5
2026-06-14,gfs,3,15.3,12.6,6.2,47.9
2026-06-14,gfs,4,15.8,13.4,2.2,51.3
2026-06-14,gfs,5,16.4,12.9,0.1,56.3
2026-06-14,gfs,6,18.7,14,0,41.7
2026-06-14,gfs,7,15.9,13.3,0.6,50.1
2026-06-14,icon,1,15.9,12.8,7.4,37
2026-06-14,icon,2,16.5,12.5,12.3,32.9
2026-06-14,icon,3,16.2,12.4,11.2,35.3
2026-06-14,icon,4,16.5,13,5.6,41.8
2026-06-14,icon,5,16.6,13.2,0.3,38.8
2026-06-14,icon,6,21.1,12.5,0.8,34.3
2026-06-14,ukmo,1,15.6,12.7,6.8,48.2
2026-06-14,ukmo,2,15.3,13.2,,
2026-06-14,ukmo,4,16.6,12.5,3.4,47.2
2026-06-14,ukmo,6,16.8,13.7,,55.1
2026-06-15,arpege,1,16,13.6,0,
2026-06-15,arpege,2,17.7,13.4,0.3,
2026-06-15,arpege,3,17,13.5,0.3,
2026-06-15,ecmwf,1,15.6,11.3,0,33.3
2026-06-15,ecmwf,2,15.7,11.6,0,31.6
2026-06-15,ecmwf,3,16.4,11.7,0,33.1
2026-06-15,ecmwf,4,17.9,11.5,0,28.2
2026-06-15,ecmwf,5,14.7,11.9,2.7,32
2026-06-15,ecmwf,6,16.5,11.4,0,28
2026-06-15,ecmwf,7,18.4,11.6,1.8,22.2
2026-06-15,gem,1,15.9,13.2,0,40
2026-06-15,gem,2,15.7,13,0,40
2026-06-15,gem,3,16.8,13,0.2,40.3
2026-06-15,gem,4,18.5,13.3,1,29.5
2026-06-15,gem,5,18.3,12.8,0.2,
2026-06-15,gem,7,16.3,11.1,0.3,33.8
2026-06-15,gfs,1,15.9,13.3,2,49.3
2026-06-15,gfs,2,14.8,13.5,0.1,50.7
2026-06-15,gfs,3,15,13.3,0.5,53.5
2026-06-15,gfs,4,15.3,13.7,2.7,51.5
2026-06-15,gfs,5,16.3,13.6,0.1,40.9
2026-06-15,gfs,6,19,13.6,0,47.7
2026-06-15,gfs,7,19.2,13.6,0,37.4
2026-06-15,icon,1,16.4,12.8,0,42.4
2026-06-15,icon,2,16.7,13.7,0,36.7
2026-06-15,icon,3,17,14.1,0.6,35
2026-06-15,icon,4,18.1,14.1,2.3,35.7
2026-06-15,icon,5,18,14,7.5,30.6
2026-06-15,icon,6,19.8,13.4,1.5,28.7
2026-06-15,ukmo,1,15.5,13.6,0,45.4
2026-06-15,ukmo,2,16,13.1,0,45.4
2026-06-15,ukmo,3,16.1,13.5,0.4,48.6
2026-06-15,ukmo,4,15.9,13.7,0,54.4
2026-06-15,ukmo,5,17,13.9,0,43.2
2026-06-15,ukmo,6,15.5,12.9,0,50.8
2026-06-16,arpege,1,15.6,13.4,0,
2026-06-16,arpege,2,17.3,12.7,0,
2026-06-16,arpege,3,17.5,13,0,
2026-06-16,ecmwf,1,17.2,11.1,0,20.8
2026-06-16,ecmwf,2,16.7,11.2,0.3,21.3
2026-06-16,ecmwf,3,16.2,11.4,0,20.8
2026-06-16,ecmwf,4,19,11.3,0,20.8
2026-06-16,ecmwf,5,21.3,11.6,0,22.4
2026-06-16,ecmwf,6,14.8,10,0,21.7
2026-06-16,ecmwf,7,22.9,11.1,0.9,26.8
2026-06-16,gem,1,15.7,12,0,35.3
2026-06-16,gem,2,16.4,12.3,0,33.8
2026-06-16,gem,3,16.6,11.6,0,31
2026-06-16,gem,4,17.7,11.5,0,30.6
2026-06-16,gem,5,18.5,11.3,0,
2026-06-16,gem,7,19.9,11.7,0,24.5
2026-06-16,gfs,1,15.8,12.5,0,39
2026-06-16,gfs,2,15.6,12.9,0,40.9
2026-06-16,gfs,3,16,13,0.1,47.9
2026-06-16,gfs,4,15.8,12.9,1.3,43.4
2026-06-16,gfs,5,15.9,12.8,0,43.4
2026-06-16,gfs,6,16.9,12.8,0,40.3
2026-06-16,gfs,7,19.3,14.2,0,25.6
2026-06-16,icon,1,15.4,12,0,31
2026-06-16,icon,2,16.4,12.9,0,28
2026-06-16,icon,3,16.7,13.1,0,28
2026-06-16,icon,4,17.4,13.1,0,27
2026-06-16,icon,5,19.2,11.9,0,37.7
2026-06-16,icon,6,18.1,12.2,0,27.8
2026-06-16,ukmo,1,15,12.8,0,37.1
2026-06-16,ukmo,2,15.1,12,0,39.6
2026-06-16,ukmo,3,15.5,12.7,0,40
2026-06-16,ukmo,4,15.3,11.9,0,46.1
2026-06-16,ukmo,5,15.6,12.8,0.3,47.9
2026-06-16,ukmo,6,17.4,12.6,0,42.1
2026-06-17,arpege,1,18.1,13,0,
2026-06-17,arpege,2,18.1,12.6,0,
2026-06-17,arpege,3,18.8,12.5,0,
2026-06-17,ecmwf,1,20.3,10.1,0,12.9
2026-06-17,ecmwf,2,19.5,10.6,0.3,12.7
2026-06-17,ecmwf,3,20.6,10.5,0,14.5
2026-06-17,ecmwf,4,18.1,13.7,0.9,10.8
2026-06-17,ecmwf,5,19.4,14.9,2.4,21.6
2026-06-17,ecmwf,6,20.2,14,0.6,22.7
2026-06-17,ecmwf,7,17.9,11.3,0.6,13.7
2026-06-17,gem,1,20,11.2,0.2,19.8
2026-06-17,gem,2,18.7,11.9,0,23.8
2026-06-17,gem,3,19.2,10.5,0,17.3
2026-06-17,gem,4,19.6,13.2,0,17.3
2026-06-17,gem,5,21.4,15,0.3,
2026-06-17,gem,7,20.6,12.9,0,22.3
2026-06-17,gfs,1,18.4,12.4,0.6,26.7
2026-06-17,gfs,2,17.2,13,0,30
2026-06-17,gfs,3,17.9,13,0,20.2
2026-06-17,gfs,4,18.7,13.3,0.9,29.2
2026-06-17,gfs,5,17.6,13.2,1.2,34.5
2026-06-17,gfs,6,17.6,15,1,38
2026-06-17,gfs,7,20.3,16.7,0.4,35.4
2026-06-17,icon,1,18.4,11.8,0,19.4
2026-06-17,icon,2,19,12.9,0.2,14
2026-06-17,icon,3,20.4,13.7,0.4,11.9
2026-06-17,icon,4,20.2,14.7,2.7,13.9
2026-06-17,icon,5,23.7,15.4,0.4,16.8
2026-06-17,icon,6,24.6,11.8,0,19.5
2026-06-17,ukmo,1,16.8,12.5,0.4,23.4
2026-06-17,ukmo,2,16.7,11.4,0,26.6
2026-06-17,ukmo,3,16.5,12.1,0.9,25.6
2026-06-17,ukmo,4,18,13.1,0,32.8
2026-06-17,ukmo,5,17,12.9,0.3,21.2
2026-06-17,ukmo,6,17.4,14.7,1.1,30.2
2026-06-18,arpege,1,21.9,15.7,0,
2026-06-18,arpege,2,21.2,15.6,0,
2026-06-18,arpege,3,21.6,14.4,0,
2026-06-18,ecmwf,1,22.5,16.1,2.1,14.2
2026-06-18,ecmwf,2,22.5,15.6,2.7,15.5
2026-06-18,ecmwf,3,24.1,16.7,2.7,17.2
2026-06-18,ecmwf,4,23.3,16.6,2.4,15.8
2026-06-18,ecmwf,5,23.8,12.6,3,21.4
2026-06-18,ecmwf,6,20.3,14.5,0.6,26.6
2026-06-18,ecmwf,7,26,15.7,0,17.3
2026-06-18,gem,1,21.9,15,0.2,18.4
2026-06-18,gem,2,21,15.7,0.6,18.7
2026-06-18,gem,3,21.8,16.1,0,21.6
2026-06-18,gem,4,22.1,15.8,0.4,19.1
2026-06-18,gem,5,22.2,16.2,0,
2026-06-18,gem,7,21.6,16.6,0.2,22.3
2026-06-18,gfs,1,18.6,15.6,0.1,26.5
2026-06-18,gfs,2,18.1,15.7,0.4,30.7
2026-06-18,gfs,3,19,16.3,0,22.9
2026-06-18,gfs,4,19.1,16.3,0.5,20.5
2026-06-18,gfs,5,18.8,16.2,0,29.7
2026-06-18,gfs,6,19.3,15.2,0.8,27
2026-06-18,gfs,7,19.4,15.7,0.2,38.2
2026-06-18,icon,1,23.1,15.6,0,15.4
2026-06-18,icon,2,22,16.4,0.1,17.8
2026-06-18,icon,3,22.1,16.5,0,20
2026-06-18,icon,4,22.2,16.7,0,19.7
2026-06-18,icon,5,26.1,14.7,0,38.5
2026-06-18,icon,6,26,16.1,0,20.2
2026-06-18,ukmo,1,18.2,15.4,0,27.7
2026-06-18,ukmo,2,17.4,15.7,0.5,24.5
2026-06-18,ukmo,3,17.9,14.8,0.2,25.6
2026-06-18,ukmo,4,17.8,15.5,0,27.7
2026-06-18,ukmo,5,18.7,15.3,0,41.8
2026-06-18,ukmo,6,18.2,16.2,0,23
2026-06-19,arpege,1,25.7,15.8,0,
2026-06-19,arpege,2,26.2,17,1.5,
2026-06-19,arpege,3,26.9,15.6,0.1,
2026-06-19,ecmwf,1,25.7,17.7,3.6,14.8
2026-06-19,ecmwf,2,26.2,16.8,0,14.4
2026-06-19,ecmwf,3,24.9,16.2,0,13.5
2026-06-19,ecmwf,4,24.4,15.6,4.8,16.3
2026-06-19,ecmwf,5,26.5,15.8,0,16.2
2026-06-19,ecmwf,6,25.4,12.8,0,19.1
2026-06-19,ecmwf,7,21.8,14.5,0,9.2
2026-06-19,gem,1,24.6,16.5,0,21.2
2026-06-19,gem,2,25.8,16.3,2.4,18.7
2026-06-19,gem,3,25.4,16.4,0,18.4
2026-06-19,gem,4,27.1,17,0,19.1
2026-06-19,gem,5,25.7,15.6,0,
2026-06-19,gem,7,26.5,13.7,1.8,27.7
2026-06-19,gfs,1,19.8,16.7,1.1,25.3
2026-06-19,gfs,2,19.8,16.3,0,22.8
2026-06-19,gfs,3,20.1,16.5,1.6,25
2026-06-19,gfs,4,19.9,16.1,3.3,23.1
2026-06-19,gfs,5,19.5,16.6,0,28.4
2026-06-19,gfs,6,18.6,16.7,3.3,28.8
2026-06-19,gfs,7,18.9,17,4.4,29.4
2026-06-19,icon,1,27,16.4,0,18
2026-06-19,icon,2,24.7,17.1,0,14.3
2026-06-19,icon,3,25.5,17.3,0,13.1
2026-06-19,icon,4,25.4,16.9,0,14.4
2026-06-19,icon,5,26.6,16.4,2.7,14.6
2026-06-19,icon,6,27.6,13.7,0,15.4
2026-06-19,ukmo,1,21.4,17.4,1.8,25.9
2026-06-19,ukmo,2,19,16.7,0,27.7
2026-06-19,ukmo,3,20.7,16.8,0,30.2
2026-06-19,ukmo,4,20.8,17.3,0,23.8
2026-06-19,ukmo,5,21.2,16.5,0,29.5
2026-06-19,ukmo,6,20.8,16.4,1.1,23
2026-06-20,arpege,1,27,18,0.1,
2026-06-20,arpege,2,29.6,19.9,1.2,
2026-06-20,arpege,3,29,19.1,3.7,
2026-06-20,ecmwf,1,28.6,18.4,2.4,18.4
2026-06-20,ecmwf,2,30,18.9,0,15.2
2026-06-20,ecmwf,3,29.3,19.3,4.2,16.8
2026-06-20,ecmwf,4,29,18.8,9.9,15.9
2026-06-20,ecmwf,5,28.5,19.4,0,14.9
2026-06-20,ecmwf,6,27.1,21.4,1.2,16.1
2026-06-20,ecmwf,7,29.7,16.1,1.8,16.9
2026-06-20,gem,1,25.4,17.6,1.5,21.2
2026-06-20,gem,2,24.6,18,0.3,18
2026-06-20,gem,3,25.5,18.6,9.1,26.3
2026-06-20,gem,4,25,20.1,3.6,23.8
2026-06-20,gem,5,27.2,19,0,
2026-06-20,gem,7,25.7,17.5,3.7,17.3
2026-06-20,gfs,1,20,16.7,10.6,45.4
2026-06-20,gfs,2,19.8,17.5,15.4,42.7
2026-06-20,gfs,3,19.8,17.9,8.1,25.9
2026-06-20,gfs,4,20.3,17.7,9.9,23.7
2026-06-20,gfs,5,22.4,17.9,12.6,24.9
2026-06-20,gfs,6,21.9,17.8,5,27.2
2026-06-20,gfs,7,22,17.9,7,27.1
2026-06-20,icon,1,27.4,18.5,0.1,27.2
2026-06-20,icon,2,24.2,18.2,1.5,15.8
2026-06-20,icon,3,26.4,17.9,0.4,22.8
2026-06-20,icon,4,26.3,18.2,6.9,17.6
2026-06-20,icon,5,25.6,18.1,5.2,13.5
2026-06-20,icon,6,25.6,17.1,0.2,21.1
2026-06-20,ukmo,1,21.2,17.6,7.6,24.8
2026-06-20,ukmo,2,20.8,17,0,27
2026-06-20,ukmo,3,20.5,17.5,4.8,30.2
2026-06-20,ukmo,4,20.7,17.5,1.8,29.2
2026-06-20,ukmo,5,21,17.7,10.9,29.2
2026-06-20,ukmo,6,20.4,18.3,4,21.2
2026-06-21,arpege,1,20.9,17.6,0,
2026-06-21,arpege,2,21.6,17.5,0,
2026-06-21,arpege,3,21,16.5,0,
2026-06-21,ecmwf,1,21.8,16.9,0,16.2
2026-06-21,ecmwf,2,21.9,16.6,0,14.7
2026-06-21,ecmwf,3,21.6,17.3,0,14
2026-06-21,ecmwf,4,21,16.4,0,15.3
2026-06-21,ecmwf,5,22.2,17.4,0,13.7
2026-06-21,ecmwf,6,25,20.2,3.9,11.5
2026-06-21,ecmwf,7,20.8,17.2,0.3,20.1
2026-06-21,gem,1,20.3,16.6,0,21.2
2026-06-21,gem,2,19.4,15.1,0,23.8
2026-06-21,gem,3,19.8,15,0,26.6
2026-06-21,gem,4,20.7,16.3,0,21.2
2026-06-21,gem,5,22,17.2,0.2,21.6
2026-06-21,gem,6,26.6,19.2,0,19.1
2026-06-21,gem,7,26.6,17.8,0,11.9
2026-06-21,gfs,1,18.1,16.5,0,22.3
2026-06-21,gfs,2,17.7,15,0,25.4
2026-06-21,gfs,3,17.7,14.8,0.3,24.6
2026-06-21,gfs,4,18.3,14.2,0,30.5
2026-06-21,gfs,5,18.3,15.3,0,24.8
2026-06-21,gfs,6,20,16.1,0,20.7
2026-06-21,gfs,7,20.1,17.3,4.9,43.2
2026-06-21,icon,1,19.9,16.4,0,13.8
2026-06-21,icon,2,19.5,16.3,0,16.5
2026-06-21,icon,3,19.3,15.4,0,19.8
2026-06-21,icon,4,19.1,14.3,0,20.3
2026-06-21,icon,5,19.6,14.8,0,22.7
2026-06-21,icon,6,21.4,16,0.2,14.5
2026-06-21,ukmo,1,19.5,16.4,0,24.8
2026-06-21,ukmo,2,18.6,15,0,27.4
2026-06-21,ukmo,3,18.2,15.3,0,30.2
2026-06-21,ukmo,4,18.3,14.5,0,29.5
2026-06-21,ukmo,5,19.9,14.7,0,27.7
2026-06-21,ukmo,6,19.1,17.1,0.4,14.8
2026-06-22,arpege,1,18.9,16.8,0,
2026-06-22,arpege,2,19.4,15.9,0,
2026-06-22,arpege,3,21.4,16.2,0,
2026-06-22,ecmwf,1,20.1,15.4,0,14.2
2026-06-22,ecmwf,2,20.1,15.9,0,15.2
2026-06-22,ecmwf,3,21,14.7,0,14.2
2026-06-22,ecmwf,4,21.3,15.6,0,9.7
2026-06-22,ecmwf,5,22.3,14.6,0,13.2
2026-06-22,ecmwf,6,23.1,18.6,3,13.9
2026-06-22,ecmwf,7,25.8,17,0,14
2026-06-22,gem,1,18.6,14.4,0,16.9
2026-06-22,gem,2,18.8,14,0,16.2
2026-06-22,gem,3,20.5,13.6,0,13.3
2026-06-22,gem,4,20.5,13.5,0,12.6
2026-06-22,gem,5,20,14.1,0,12.6
2026-06-22,gem,6,22.9,14.6,0,22.7
2026-06-22,gem,7,29.7,18.3,0.3,23.4
2026-06-22,gfs,1,17.6,14.6,0,21.2
2026-06-22,gfs,2,17.7,14.8,0,21.4
2026-06-22,gfs,3,18,14.9,0,21.6
2026-06-22,gfs,4,17.9,15.3,0,20.1
2026-06-22,gfs,5,17.9,14.8,0,34.4
2026-06-22,gfs,6,18.1,16.2,0,29.8
2026-06-22,gfs,7,22.5,16.4,5.3,34.3
2026-06-22,icon,1,18.7,14.7,0,14
2026-06-22,icon,2,20.3,15.2,0,13.5
2026-06-22,icon,3,21,15,0,11.4
2026-06-22,icon,4,21.1,14.4,0,9.9
2026-06-22,icon,5,18.9,14.3,0,13.1
2026-06-22,icon,6,19.4,15.7,0,15.6
2026-06-22,ukmo,1,19.5,15.5,0,22.3
2026-06-22,ukmo,2,17.7,15.9,0,24.5
2026-06-22,ukmo,3,18.2,16.2,0,19.1
2026-06-22,ukmo,4,18.1,15,0,22.7
2026-06-22,ukmo,5,17.5,15.3,0,19.1
2026-06-22,ukmo,6,18.7,16.4,1.4,36.4
2026-06-23,arpege,1,19.1,15.5,0,
2026-06-23,arpege,2,21.2,15.3,0,
2026-06-23,arpege,3,20.7,15.6,0,
2026-06-23,ecmwf,1,20.8,13.6,0,11.2
2026-06-23,ecmwf,2,21.4,14.4,0,13
2026-06-23,ecmwf,3,20.9,15.1,0,12.8
2026-06-23,ecmwf,4,21.9,14.6,0,14.9
2026-06-23,ecmwf,5,25,17.2,0,14.1
2026-06-23,ecmwf,6,27.9,15.4,8.1,20.7
2026-06-23,ecmwf,7,25.6,18.8,26.7,25.9
2026-06-23,gem,1,19.3,13.8,0,15.1
2026-06-23,gem,2,20.1,13.5,0,17.3
2026-06-23,gem,3,20.7,13.3,0,15.1
2026-06-23,gem,4,21.1,13.6,0,15.1
2026-06-23,gem,5,20.8,14,0,14.8
2026-06-23,gem,6,21.8,13.2,0.4,19.8
2026-06-23,gem,7,23.3,16.2,0.4,36.7
2026-06-23,gfs,1,18.3,14.8,0,23.5
2026-06-23,gfs,2,18.6,14.6,0,21.1
2026-06-23,gfs,3,18.3,14.5,0,22.1
2026-06-23,gfs,4,18.7,14.9,0,17.3
2026-06-23,gfs,5,18.6,13.7,0,28
2026-06-23,gfs,6,17.2,13.8,0,35.6
2026-06-23,gfs,7,18.6,14.1,3.4,48.6
2026-06-23,icon,1,19.1,14.5,0,14.2
2026-06-23,icon,2,20.1,14.9,0,17.7
2026-06-23,icon,3,22,14.6,0,8.7
2026-06-23,icon,4,22.1,15.9,0,13.8
2026-06-23,icon,5,29.3,15,0,18.9
2026-06-23,icon,6,25.2,14.1,0,18.7
2026-06-23,ukmo,1,19.4,15.4,0,24.5
2026-06-23,ukmo,2,18.2,16,0,18.4
2026-06-23,ukmo,3,17.9,14.3,0,17.3
2026-06-23,ukmo,4,17.9,15.8,0,17.3
2026-06-23,ukmo,5,18.6,15.9,0,12.2
2026-06-23,ukmo,6,18.6,14.2,1.2,31
2026-06-24,arpege,1,24.6,13.1,0,
2026-06-24,arpege,2,25.3,16.4,0,
2026-06-24,arpege,3,28.7,16.5,0,
2026-06-24,ecmwf,1,27.3,14.4,0,7.8
2026-06-24,ecmwf,2,26.8,14.4,0,11.5
2026-06-24,ecmwf,3,27.6,14.6,0,11.4
2026-06-24,ecmwf,4,27,14.9,0,13.9
2026-06-24,ecmwf,5,28.8,17,1.2,13
2026-06-24,ecmwf,6,26,17,0.3,26.8
2026-06-24,ecmwf,7,21.3,14.2,0,24.5
2026-06-24,gem,1,25,15,0,12.6
2026-06-24,gem,2,24.1,14.5,0,14.8
2026-06-24,gem,3,24.2,14.7,0,15.5
2026-06-24,gem,4,24.1,13.7,0,15.5
2026-06-24,gem,5,25.6,15.5,0,23.8
2026-06-24,gem,6,25.3,15.2,1.3,25.2
2026-06-24,gem,7,24.6,17.8,0,33.5
2026-06-24,gfs,1,21.4,16.7,0,16.2
2026-06-24,gfs,2,21.1,16.7,0,19.1
2026-06-24,gfs,3,20.4,16.6,0,16.5
2026-06-24,gfs,4,21.2,16.1,0,19.3
2026-06-24,gfs,5,21.2,16.3,0,19.6
2026-06-24,gfs,6,18,15,0,32.1
2026-06-24,gfs,7,17.5,14.3,0,32.4
2026-06-24,icon,1,24.6,14.6,0,9.4
2026-06-24,icon,2,26,16.3,0,13.8
2026-06-24,icon,3,26,15.7,0,13.1
2026-06-24,icon,4,23.3,17.5,0,28.9
2026-06-24,icon,5,23.7,16.2,0,36.4
2026-06-24,icon,6,20.9,15.5,0,30.5
2026-06-24,ukmo,1,23.5,18.3,0,13.7
2026-06-24,ukmo,2,20.6,18,0,18
2026-06-24,ukmo,3,19.7,17.6,0,19.1
2026-06-24,ukmo,4,20.4,16.9,0,28.1
2026-06-24,ukmo,5,19.1,16.6,0,13.3
2026-06-24,ukmo,6,18.8,15.8,0,35.6
2026-06-25,arpege,1,22,18.6,0,
2026-06-25,arpege,2,23.5,18.3,0,
2026-06-25,arpege,3,26.1,17.9,0,
2026-06-25,ecmwf,1,25.3,17.8,0,15.1
2026-06-25,ecmwf,2,25.4,17.8,0,14.7
2026-06-25,ecmwf,3,25.5,17.8,0,14.8
2026-06-25,ecmwf,4,25,17,0,13.2
2026-06-25,ecmwf,5,26.3,16.4,0,25.2
2026-06-25,ecmwf,6,21.8,14.6,0,24.8
2026-06-25,ecmwf,7,19.1,14.1,0,29.8
2026-06-25,gem,1,22.3,17.8,0,20.5
2026-06-25,gem,2,22.5,17.2,0,20.5
2026-06-25,gem,3,24.7,17.3,0,15.5
2026-06-25,gem,4,24.4,17,0,15.5
2026-06-25,gem,5,23.3,17,0,19.4
2026-06-25,gem,6,24,13.9,0,33.8
2026-06-25,gem,7,23,14.3,0,36
2026-06-25,gfs,1,20,16.5,0,21.6
2026-06-25,gfs,2,20.2,16.6,0,20.5
2026-06-25,gfs,3,20.1,16.3,0,19.2
2026-06-25,gfs,4,20.7,16.3,0,18.8
2026-06-25,gfs,5,19.3,14.6,0,32.3
2026-06-25,gfs,6,19.9,13.7,0,41.2
2026-06-25,gfs,7,17.8,13.4,0,38
2026-06-25,icon,1,22.3,18,0,20.8
2026-06-25,icon,2,22.4,18.3,0,20.1
2026-06-25,icon,3,22,17.1,0,21.9
2026-06-25,icon,4,22.6,17.2,0,16.3
2026-06-25,icon,5,21.3,14.5,0,27.4
2026-06-25,icon,6,19.8,14.3,0,32
2026-06-25,ukmo,1,22,17.1,0,28.1
2026-06-25,ukmo,2,20.3,16.2,0,27.4
2026-06-25,ukmo,3,19.7,16.1,0,21.2
2026-06-25,ukmo,4,20.1,17.4,0,30.2
2026-06-25,ukmo,5,19.1,15.2,0,39.6
2026-06-25,ukmo,6,21.2,18,0,17.6
2026-06-26,arpege,1,28.7,18.3,0,
2026-06-26,arpege,2,28.1,17.3,0,
2026-06-26,arpege,3,26.8,17.5,0,
2026-06-26,ecmwf,1,27.1,16.7,0,17.8
2026-06-26,ecmwf,2,27.8,16.9,0,15.3
2026-06-26,ecmwf,3,27.4,16.8,0,15.1
2026-06-26,ecmwf,4,27.2,17.9,0,13.7
2026-06-26,ecmwf,5,28.3,18.4,0,16.9
2026-06-26,ecmwf,6,27.9,16.5,0,15.7
2026-06-26,ecmwf,7,22.5,15.3,0,15.3
2026-06-26,gem,1,24.4,16,0,18
2026-06-26,gem,2,24.5,16.5,0,19.4
2026-06-26,gem,3,25.8,16.5,0,20.2
2026-06-26,gem,4,27.9,16.8,0,28.1
2026-06-26,gem,5,25.6,16.2,0,19.8
2026-06-26,gem,6,25,14.4,0,22
2026-06-26,gem,7,22.6,12.8,0,20.9
2026-06-26,gfs,1,20.8,17.3,0,23.4
2026-06-26,gfs,2,20.7,17.3,0,23.3
2026-06-26,gfs,3,20.3,17.3,0,23.4
2026-06-26,gfs,4,21.3,17.6,0,25.5
2026-06-26,gfs,5,20.2,17.1,0,24.6
2026-06-26,gfs,6,19.6,16.2,0,39.3
2026-06-26,gfs,7,20.1,14.2,0,23.4
2026-06-26,icon,1,28.6,17,0,16.6
2026-06-26,icon,2,24.5,16.9,0,17.5
2026-06-26,icon,3,24.2,17.3,0,17
2026-06-26,icon,4,24.1,16.8,0,18.7
2026-06-26,icon,5,23.8,17.1,0,19.2
2026-06-26,icon,6,23.1,14.7,0,18.7
2026-06-26,ukmo,1,23.8,18.4,0,24.8
2026-06-26,ukmo,2,21.7,18.1,0,27
2026-06-26,ukmo,3,21.5,18,0,26.3
2026-06-26,ukmo,4,20.3,18.4,0,32
2026-06-26,ukmo,5,20.2,17.8,0,42.5
2026-06-26,ukmo,6,20.6,13.8,0,28.1
2026-06-27,arpege,1,32.4,22.3,0,
2026-06-27,arpege,2,32.1,22.4,0,
2026-06-27,arpege,3,30.5,22.6,0,
2026-06-27,ecmwf,1,32.2,22.3,0,16.8
2026-06-27,ecmwf,2,32.6,21.9,0,14.7
2026-06-27,ecmwf,3,32.5,22,0,13.5
2026-06-27,ecmwf,4,32.8,22.4,0,17.2
2026-06-27,ecmwf,5,33.2,22,0,17.6
2026-06-27,ecmwf,6,33.7,23.9,0,13
2026-06-27,ecmwf,7,33,17.6,0,24
2026-06-27,gem,1,29.4,21.2,0,20.5
2026-06-27,gem,2,29.1,20.5,0,19.8
2026-06-27,gem,3,30.8,21.2,0,20.2
2026-06-27,gem,4,29.7,22.2,0,27.4
2026-06-27,gem,5,31.3,20.2,7.8,24.5
2026-06-27,gem,6,28.4,19.4,0,36.7
2026-06-27,gem,7,29.2,14.7,0,23.8
2026-06-27,gfs,1,21.2,19.1,2.1,38.4
2026-06-27,gfs,2,24,19.2,11.9,36.8
2026-06-27,gfs,3,23.7,19,0.9,26.3
2026-06-27,gfs,4,23.8,19.2,4.5,24.7
2026-06-27,gfs,5,25.1,18.6,0.5,23.8
2026-06-27,gfs,6,23.8,18.2,0.2,28.1
2026-06-27,gfs,7,20.3,17.3,1.8,31
2026-06-27,icon,1,33.9,21,0,16.7
2026-06-27,icon,2,30.9,21.1,0,16.3
2026-06-27,icon,3,28.9,20.7,0,15.2
2026-06-27,icon,4,29.9,20.8,0,17.7
2026-06-27,icon,5,30.2,19.8,0,20.1
2026-06-27,icon,6,31.5,18.8,0,16.7
2026-06-27,ukmo,1,27.2,22.1,0.9,45.7
2026-06-27,ukmo,2,21.7,19.9,0.1,25.9
2026-06-27,ukmo,3,21.5,19.3,0,26.3
2026-06-27,ukmo,4,20.5,19.1,0,30.6
2026-06-27,ukmo,5,22.1,18.8,0,35.6
2026-06-27,ukmo,6,21.3,19.1,1.6,29.5
2026-06-28,arpege,1,25.5,19.9,16.8,
2026-06-28,arpege,2,27.5,21.1,2.9,
2026-06-28,arpege,3,30.9,22,0,
2026-06-28,ecmwf,1,30.5,21.3,4.5,16.9
2026-06-28,ecmwf,2,28.8,22.1,13.2,20.1
2026-06-28,ecmwf,3,32.5,23.1,1.2,15.6
2026-06-28,ecmwf,4,33,23.5,1.2,18.6
2026-06-28,ecmwf,5,34.3,22.6,0.3,14
2026-06-28,ecmwf,6,33.7,23.5,0,15.2
2026-06-28,ecmwf,7,30.3,20.1,2.1,11.5
2026-06-28,gem,1,24.3,19.4,1.6,17.3
2026-06-28,gem,2,24.5,19.6,0,21.6
2026-06-28,gem,3,26.1,20.5,2.9,41
2026-06-28,gem,4,25.9,21,0,27
2026-06-28,gem,5,27.2,20.5,0,21.2
2026-06-28,gem,6,25.1,19.1,2.1,33.1
2026-06-28,gem,7,25.9,18.6,0.6,18.4
2026-06-28,gfs,1,21.8,18.8,0.4,25.3
2026-06-28,gfs,2,22.6,18.5,2.7,21.2
2026-06-28,gfs,3,21.5,18.4,3.1,18.6
2026-06-28,gfs,4,21.1,18.3,21.6,46.6
2026-06-28,gfs,5,21.8,17.7,10.2,32.8
2026-06-28,gfs,6,22.3,17.4,0,33.4
2026-06-28,gfs,7,21.5,17.5,0.4,32.1
2026-06-28,icon,1,27.6,20,2,42.3
2026-06-28,icon,2,26.3,20.4,1.8,20.3
2026-06-28,icon,3,26,21,0,24.9
2026-06-28,icon,4,28,19.9,3.2,31.5
2026-06-28,icon,5,28,21.4,1.6,22.7
2026-06-28,icon,6,26.2,17.7,0,22.3
2026-06-28,ukmo,1,25.2,20.9,9.7,46.4
2026-06-28,ukmo,2,21.7,20,1.8,26.3
2026-06-28,ukmo,3,21.4,19.2,2.1,36
2026-06-28,ukmo,4,21.7,18.8,7.5,37.8
2026-06-28,ukmo,5,22,19.2,7.4,40.7
2026-06-28,ukmo,6,21.4,19.1,7.5,28.8
2026-06-29,arpege,1,21.1,19.5,0,
2026-06-29,arpege,2,25.2,19.5,7.2,
2026-06-29,arpege,3,24.3,19.2,3.8,
2026-06-29,ecmwf,1,23,18.2,9.9,15.7
2026-06-29,ecmwf,2,22.8,18.5,10.5,14.3
2026-06-29,ecmwf,3,24.5,18.1,0,14.6
2026-06-29,ecmwf,4,24.2,18,1.2,23.1
2026-06-29,ecmwf,5,26.6,20.4,0.3,18.4
2026-06-29,ecmwf,6,26.9,20.7,0.9,22
2026-06-29,ecmwf,7,27.2,21.2,4.5,27.1
2026-06-29,gem,1,22.3,18.3,0.4,23.4
2026-06-29,gem,2,22.1,18.6,0,27.7
2026-06-29,gem,3,23.6,19.4,3,37.4
2026-06-29,gem,4,22.3,17.7,0.2,29.2
2026-06-29,gem,5,22.5,17.4,0.1,24.5
2026-06-29,gem,6,24.2,18.5,3.9,29.5
2026-06-29,gem,7,22.7,17.9,6.9,23
2026-06-29,gfs,1,20.1,17.6,0,26.4
2026-06-29,gfs,2,20.8,17.2,0,24.1
2026-06-29,gfs,3,20.8,17.4,0.1,24.7
2026-06-29,gfs,4,19.7,17.5,10.7,30.6
2026-06-29,gfs,5,19.2,17,0.1,27.4
2026-06-29,gfs,6,19.3,16.8,0,32.1
2026-06-29,gfs,7,21.7,16.5,1,28
2026-06-29,icon,1,23.5,19.2,0,24.2
2026-06-29,icon,2,23.8,19.5,3.2,16.5
2026-06-29,icon,3,23.2,18.7,0,17
2026-06-29,icon,4,22.4,18.8,0.3,32.1
2026-06-29,icon,5,22,17.9,10.8,28
2026-06-29,icon,6,21.5,17.8,0,19.4
2026-06-29,ukmo,1,22.5,20.3,1.3,28.1
2026-06-29,ukmo,2,21.4,18.3,5.4,31
2026-06-29,ukmo,3,20.7,19,0,33.8
2026-06-29,ukmo,4,19.7,18.5,0,34.2
2026-06-29,ukmo,5,20,18.2,1.2,35.3
2026-06-29,ukmo,6,20.2,18.3,0,28.4
2026-06-30,arpege,1,20.3,17.5,0.1,
2026-06-30,arpege,2,21.8,17.8,0.9,
2026-06-30,arpege,3,23.6,17.2,0,
2026-06-30,ecmwf,1,21.6,14.3,1.2,13
2026-06-30,ecmwf,2,22,14.7,0.3,16
2026-06-30,ecmwf,3,21,16.8,0.3,14.1
2026-06-30,ecmwf,4,23.1,16.1,1.2,15.2
2026-06-30,ecmwf,5,21.4,14.6,2.7,12.7
2026-06-30,ecmwf,6,21.1,17.4,0,16.5
2026-06-30,ecmwf,7,21.4,18,0,19.6
2026-06-30,gem,1,21.2,16.5,0,11.9
2026-06-30,gem,2,20.5,15.6,0,18
2026-06-30,gem,3,23,16.3,0,23
2026-06-30,gem,4,21.9,14.6,0,20.5
2026-06-30,gem,5,20.5,15.2,0,25.2
2026-06-30,gem,6,20.9,15.9,0,24.5
2026-06-30,gem,7,20.6,16.1,0,20.9
2026-06-30,gfs,1,19.5,16.2,0,22.9
2026-06-30,gfs,2,18.4,15.7,0.9,32.2
2026-06-30,gfs,3,18.1,16.5,0,26.7
2026-06-30,gfs,4,18.2,14.8,1.1,20.9
2026-06-30,gfs,5,17.8,13.2,4.7,27.4
2026-06-30,gfs,6,17.9,15.4,0,32.8
2026-06-30,gfs,7,18.5,15.2,0,23.5
2026-06-30,icon,1,21.7,16.9,0,17.3
2026-06-30,icon,2,21.4,17.6,0,13.4
2026-06-30,icon,3,22.5,17.7,2.6,11.8
2026-06-30,icon,4,21.2,17,1.4,13.6
2026-06-30,icon,5,19.8,16.5,0,19.7
2026-06-30,icon,6,21.1,15.4,0,21.9
2026-06-30,ukmo,1,20.4,17.9,0.1,31.7
2026-06-30,ukmo,2,20.4,17.5,0,30.6
2026-06-30,ukmo,3,19.1,17.5,0,27.7
2026-06-30,ukmo,4,19.3,17.2,0,29.5
2026-06-30,ukmo,5,19.2,16.5,0,33.1
2026-06-30,ukmo,6,18.8,17,0,24.1
2026-07-01,arpege,1,20.8,16.8,0.2,
2026-07-01,arpege,2,20.8,16.4,14.5,
2026-07-01,arpege,3,20.9,18.4,0.2,
2026-07-01,ecmwf,1,21.1,16.6,5.1,12.3
2026-07-01,ecmwf,2,20.5,16.2,7.5,11.7
2026-07-01,ecmwf,3,21.9,16.8,0.9,11.2
2026-07-01,ecmwf,4,22,17,0.3,14
2026-07-01,ecmwf,5,21.1,16.7,2.7,16.3
2026-07-01,ecmwf,6,21.3,16,10.8,11.1
2026-07-01,ecmwf,7,20.3,16.4,0.3,13.2
2026-07-01,gem,1,20,17.2,0.2,20.2
2026-07-01,gem,2,19.9,16.1,13.8,25.6
2026-07-01,gem,3,19.8,15.8,3.9,20.5
2026-07-01,gem,4,20.6,16.7,0,30.2
2026-07-01,gem,5,21.7,15.9,0,22.7
2026-07-01,gem,6,21.3,15.8,0,17.3
2026-07-01,gem,7,21.6,15.2,0,22
2026-07-01,gfs,1,20.3,16.7,4,19.9
2026-07-01,gfs,2,19.3,16,0,25.9
2026-07-01,gfs,3,19.1,16.9,0.1,25.2
2026-07-01,gfs,4,19.1,14.6,4.3,24.9
2026-07-01,gfs,5,18.6,15.3,0.6,36.8
2026-07-01,gfs,6,18.7,15.3,0,27.2
2026-07-01,gfs,7,19.1,15,0,28.9
2026-07-01,icon,1,20.8,17.6,4.2,17.3
2026-07-01,icon,2,19.7,16.7,4.4,14.5
2026-07-01,icon,3,22.2,17.4,1.7,16.7
2026-07-01,icon,4,20.6,15.8,18.6,17
2026-07-01,icon,5,21,16.4,0.6,15
2026-07-01,icon,6,21.1,17.3,0,18.3
2026-07-01,ukmo,1,21.4,16.9,4.7,25.2
2026-07-01,ukmo,2,20.2,18.5,0.4,24.5
2026-07-01,ukmo,3,20.1,17.1,1.5,20.9
2026-07-01,ukmo,4,19.3,16.9,0,24.5
2026-07-01,ukmo,5,19.3,16.7,0.6,28.1
2026-07-01,ukmo,6,19.5,17.2,0,23
2026-07-02,arpege,1,22,18.2,3.5,
2026-07-02,arpege,2,22.3,17.3,3,
2026-07-02,arpege,3,22.5,16.9,1.8,
2026-07-02,ecmwf,1,20.9,14.2,4.5,27.9
2026-07-02,ecmwf,2,23.6,14,1.8,28.1
2026-07-02,ecmwf,3,21.9,13.7,0.9,26.9
2026-07-02,ecmwf,4,22.5,14.3,2.7,28.6
2026-07-02,ecmwf,5,23.7,15.1,1.2,24.9
2026-07-02,ecmwf,6,22,15.3,0.6,24.4
2026-07-02,ecmwf,7,21.8,14.9,3.6,17.2
2026-07-02,gem,1,19.5,16.7,2.8,49.3
2026-07-02,gem,2,20.3,16.3,5.8,49.3
2026-07-02,gem,3,21,14.7,4.1,36
2026-07-02,gem,4,20.9,16.2,0.6,30.6
2026-07-02,gem,5,21.5,14.9,0,28.4
2026-07-02,gem,6,21.9,14.4,0,30.2
2026-07-02,gem,7,22.2,15.8,0,25.6
2026-07-02,gfs,1,21,16.9,1.9,59.5
2026-07-02,gfs,2,20.6,16.6,3.6,54.6
2026-07-02,gfs,3,20.3,15.8,2.1,57.6
2026-07-02,gfs,4,20,16,0.4,48
2026-07-02,gfs,5,19.3,15.2,1.1,42.2
2026-07-02,gfs,6,17.4,15,1.7,37.8
2026-07-02,gfs,7,18.7,15.3,0.3,43.2
2026-07-02,icon,1,20.3,17.7,0.5,43.9
2026-07-02,icon,2,19.6,17.7,7.3,39.8
2026-07-02,icon,3,19.8,17.5,6.5,40.9
2026-07-02,icon,4,22.2,17.5,2.7,38.2
2026-07-02,icon,5,23.9,17.2,2.4,23.2
2026-07-02,icon,6,21.4,15.3,2.2,26.3
2026-07-02,ukmo,1,20.4,17.1,2.7,50
2026-07-02,ukmo,2,20.1,17.5,4.9,53.6
2026-07-02,ukmo,3,20.2,17.2,2.6,56.2
2026-07-02,ukmo,4,21.4,18.3,0,38.2
2026-07-02,ukmo,5,19.8,17.2,3.3,34.6
2026-07-02,ukmo,6,19.7,16.9,0.6,37.8
2026-07-03,arpege,1,18.3,17.4,0,
2026-07-03,arpege,2,19.8,16.7,0,
2026-07-03,arpege,3,19.4,16.3,0,
2026-07-03,ecmwf,1,18.7,14.4,0.3,39.6
2026-07-03,ecmwf,2,18.4,14,0,39.5
2026-07-03,ecmwf,3,18.3,13.8,0,37.2
2026-07-03,ecmwf,4,19,14.1,0,31.6
2026-07-03,ecmwf,5,18.8,14.3,0,34.9
2026-07-03,ecmwf,6,19.1,14.7,0,28.9
2026-07-03,ecmwf,7,18.7,14.8,0,31.2
2026-07-03,gem,1,18,15.8,0.1,59
2026-07-03,gem,2,18,15.6,0.1,58.3
2026-07-03,gem,3,17.5,14.9,0,51.5
2026-07-03,gem,4,17.5,13.1,0.2,44.6
2026-07-03,gem,5,18.8,14.4,0.1,34.6
2026-07-03,gem,6,19.2,15.1,0,33.8
2026-07-03,gem,7,20,14.7,0.2,29.5
2026-07-03,gfs,1,17.9,16.3,2.2,67.7
2026-07-03,gfs,2,18.2,16.5,0.3,60.9
2026-07-03,gfs,3,18,16.4,0.5,61.6
2026-07-03,gfs,4,18.1,15.6,0.5,48.3
2026-07-03,gfs,5,17.3,15.8,1.1,52
2026-07-03,gfs,6,17.3,15.5,0.2,52.5
2026-07-03,gfs,7,17.9,14.9,0.1,52.8
2026-07-03,icon,1,19.8,17,0,57.4
2026-07-03,icon,2,20.1,16.2,0.3,45.1
2026-07-03,icon,3,19.4,15.9,0.2,48.3
2026-07-03,icon,4,19.5,16,1.1,49
2026-07-03,icon,5,19.2,16.3,0,49.1
2026-07-03,icon,6,19.5,15.5,4.8,32.1
2026-07-03,ukmo,1,16.7,15.3,0.1,57.6
2026-07-03,ukmo,2,17.5,15.7,0,58
2026-07-03,ukmo,3,17,15.8,0,59
2026-07-03,ukmo,4,18.8,16.1,0.2,55.4
2026-07-03,ukmo,5,19.9,16.2,4.6,44.6
2026-07-03,ukmo,6,19.1,16.3,6.7,38.5
2026-07-04,arpege,1,19.4,16.8,0,
2026-07-04,arpege,2,21.2,16.7,0.7,
2026-07-04,arpege,3,21,17,3.7,
2026-07-04,ecmwf,1,19.8,14.2,2.7,25
2026-07-04,ecmwf,2,19.4,13.6,1.8,24.2
2026-07-04,ecmwf,3,21.1,13.4,0,23.9
2026-07-04,ecmwf,4,21.2,12.6,0.6,25.2
2026-07-04,ecmwf,5,22.4,12.8,0.9,33.8
2026-07-04,ecmwf,6,21.4,13.9,1.8,32.1
2026-07-04,ecmwf,7,21.4,14.1,1.2,31.4
2026-07-04,gem,1,19.6,16.1,1.2,38.2
2026-07-04,gem,2,20.3,15.9,0.7,38.5
2026-07-04,gem,3,20.4,14.4,0.9,38.2
2026-07-04,gem,4,20.3,15,0,35.6
2026-07-04,gem,5,18.1,14.6,1.5,39.2
2026-07-04,gem,6,19.3,14.7,1.2,36.7
2026-07-04,gem,7,19,13.8,0,32.4
2026-07-04,gfs,1,18.1,16.1,1.2,48.8
2026-07-04,gfs,2,19.6,16.7,0.5,51.1
2026-07-04,gfs,3,20.6,16.6,1.6,46.8
2026-07-04,gfs,4,19.3,16.2,2.6,44.6
2026-07-04,gfs,5,18.7,15.6,0,51.6
2026-07-04,gfs,6,18.1,14.7,0.7,54.1
2026-07-04,gfs,7,18.7,15.2,0,49.9
2026-07-04,icon,1,21.2,16,0.4,41.1
2026-07-04,icon,2,21.3,16.5,1,36.7
2026-07-04,icon,3,19.5,16.7,7.7,42.5
2026-07-04,icon,4,20.5,17.1,0.6,35.6
2026-07-04,icon,5,20.6,15.5,2.4,49.2
2026-07-04,icon,6,20,14.5,0.8,37.2
2026-07-04,ukmo,1,17.5,15.5,1.5,43.9
2026-07-04,ukmo,2,19.2,15.2,0,51.5
2026-07-04,ukmo,3,18.4,16,5.6,46.4
2026-07-04,ukmo,4,19.8,16.1,0.2,49
2026-07-04,ukmo,5,19.7,15.7,0,54.7
2026-07-04,ukmo,6,18.3,15.4,0.3,50.4
2026-07-05,arpege,1,17.7,15.5,0.3,
2026-07-05,arpege,2,19.4,15.7,0.3,
2026-07-05,arpege,3,20.7,16.9,0.9,
2026-07-05,ecmwf,1,19.8,13.8,0.9,30.8
2026-07-05,ecmwf,2,20,14.3,0.9,30.9
2026-07-05,ecmwf,3,20.5,15.3,0.9,32.2
2026-07-05,ecmwf,4,20.2,15.7,2.1,27.6
2026-07-05,ecmwf,5,19.6,14.1,3,27.7
2026-07-05,ecmwf,6,19.5,15.2,2.7,31.8
2026-07-05,ecmwf,7,20.8,14.9,0.6,24.9
2026-07-05,gem,1,18.6,15.5,1.4,40.3
2026-07-05,gem,2,19.6,16,0.4,39.6
2026-07-05,gem,3,19.4,14.2,0,39.2
2026-07-05,gem,4,19.3,14.4,0.2,40.7
2026-07-05,gem,5,20.4,16.4,0.9,35.3
2026-07-05,gem,6,18.4,14.5,0,37.1
2026-07-05,gem,7,19.6,13.6,0.1,43.6
2026-07-05,gfs,1,18.3,15.7,1.6,49.3
2026-07-05,gfs,2,18.1,16.1,2.8,60.6
2026-07-05,gfs,3,19.4,16.9,3.4,50.1
2026-07-05,gfs,4,20.2,17.2,1.9,48.8
2026-07-05,gfs,5,18.6,16.2,1.3,55.2
2026-07-05,gfs,6,20.4,15.4,0,62.4
2026-07-05,gfs,7,17.9,14.9,0.5,52.9
2026-07-05,icon,1,19.6,15.6,1.1,39.3
2026-07-05,icon,2,19.7,16.4,2.9,35.8
2026-07-05,icon,3,21.2,17.3,4.8,34.6
2026-07-05,icon,4,20.8,17.5,8.1,35.1
2026-07-05,icon,5,21.9,16.8,2,36.9
2026-07-05,icon,6,20,15.6,0.6,46.5
2026-07-05,ukmo,1,17.8,15.7,0.3,43.2
2026-07-05,ukmo,2,18.6,16,1.5,43.9
2026-07-05,ukmo,3,19.3,16.8,1.2,42.1
2026-07-05,ukmo,4,19.7,16.4,0,46.4
2026-07-05,ukmo,5,18.6,15.9,0.1,47.9
2026-07-05,ukmo,6,18.9,16.3,3.8,47.2
2026-07-06,arpege,1,18.3,14.5,2.3,
2026-07-06,arpege,2,17.1,13.8,3.6,
2026-07-06,arpege,3,17.7,15.3,5.3,
2026-07-06,ecmwf,1,19.7,11.9,3,26.3
2026-07-06,ecmwf,2,19.5,12.4,2.1,24.7
2026-07-06,ecmwf,3,18.4,13.7,3.6,22.3
2026-07-06,ecmwf,4,19.8,15,3.3,24.8
2026-07-06,ecmwf,5,18.3,14.1,0.6,32.1
2026-07-06,ecmwf,6,17.3,15.1,3.9,20.8
2026-07-06,ecmwf,7,18.6,13.4,1.2,34.4
2026-07-06,gem,1,17.5,14.5,4.3,41.8
2026-07-06,gem,2,17.4,15.2,7.5,43.9
2026-07-06,gem,3,17.1,13.8,0.1,31.7
2026-07-06,gem,4,19.1,13.7,1.6,35.3
2026-07-06,gem,5,18,13.5,2.8,32
2026-07-06,gem,6,19.5,13.6,0.9,35.3
2026-07-06,gem,7,20.5,15.2,0.9,34.2
2026-07-06,gfs,1,17.8,14.2,7.4,43.9
2026-07-06,gfs,2,17.5,14.5,5.2,44.2
2026-07-06,gfs,3,18.6,15.1,6.7,45.8
2026-07-06,gfs,4,19.7,16.3,5.3,56
2026-07-06,gfs,5,19.5,15.7,4.5,48.3
2026-07-06,gfs,6,18.4,14.9,0.5,60.6
2026-07-06,gfs,7,18.4,16,0,49.9
2026-07-06,icon,1,17.6,14.3,8.5,36.4
2026-07-06,icon,2,17.5,14.5,9.7,35.7
2026-07-06,icon,3,18.1,15.6,2.7,32.1
2026-07-06,icon,4,18.5,15.9,18.9,31
2026-07-06,icon,5,21.3,15.5,2.9,30.7
2026-07-06,icon,6,23.1,15.8,0.2,30.1
2026-07-06,ukmo,1,17.7,14.5,4,45
2026-07-06,ukmo,2,18.1,14.7,3.2,46.4
2026-07-06,ukmo,3,18.3,15.6,2.4,41.8
2026-07-06,ukmo,4,18.5,16.9,5.1,45
2026-07-06,ukmo,5,19,15.3,3.6,42.1
2026-07-06,ukmo,6,19.5,15.9,0.4,44.3
2026-07-07,arpege,1,17.7,15.4,1.4,
2026-07-07,arpege,2,17.6,14.8,3.3,
2026-07-07,arpege,3,18.4,15.7,2.7,
2026-07-07,ecmwf,1,19.1,14.2,5.4,33
2026-07-07,ecmwf,2,19,14.2,4.8,34.4
2026-07-07,ecmwf,3,19.2,14.1,4.2,36.7
2026-07-07,ecmwf,4,18.1,13.8,3.3,34.8
2026-07-07,ecmwf,5,17.9,13.3,7.2,31.1
2026-07-07,ecmwf,6,18.6,13.6,4.5,25.9
2026-07-07,ecmwf,7,19.1,15,1.5,27
2026-07-07,gem,1,17.3,14.3,5.1,51.1
2026-07-07,gem,2,17,14.4,6.6,48.2
2026-07-07,gem,3,17.6,14.3,10.9,47.2
2026-07-07,gem,4,17,12.5,2.7,54
2026-07-07,gem,5,16.8,12.8,4,31.7
2026-07-07,gem,6,18.7,15.4,1.9,39.6
2026-07-07,gem,7,19.1,14.9,2,35.6
2026-07-07,gfs,1,17.2,15.1,5.3,56.4
2026-07-07,gfs,2,18.3,15.3,5.2,58.6
2026-07-07,gfs,3,18.3,16.6,7.9,55.7
2026-07-07,gfs,4,18.2,16.8,16,55.1
2026-07-07,gfs,5,19.8,16.6,5.6,49.1
2026-07-07,gfs,6,19.4,14.4,1.3,65
2026-07-07,gfs,7,21.5,15.8,0.1,46.3
2026-07-07,icon,1,17.4,14.6,4,45.2
2026-07-07,icon,2,18,15.4,7.4,41.9
2026-07-07,icon,3,18.7,15.4,7.1,42
2026-07-07,icon,4,18.2,13.6,13.3,49.7
2026-07-07,icon,5,18,13.7,7.3,42.8
2026-07-07,icon,6,20.6,16.5,0.9,44
2026-07-07,ukmo,1,17.4,15.5,2.7,50.8
2026-07-07,ukmo,2,18.4,15.8,2.9,52.6
2026-07-07,ukmo,3,18.6,15.5,6.5,56.9
2026-07-07,ukmo,4,19,16.6,9.7,56.9
2026-07-07,ukmo,5,19.4,14.4,1.1,44.3
2026-07-07,ukmo,6,19.3,16.8,7.8,49.3
2026-07-08,arpege,1,18.5,14.6,0,
2026-07-08,arpege,2,19.1,13.8,0,
2026-07-08,arpege,3,19.3,13.9,0,
2026-07-08,ecmwf,1,19.8,13.2,0,28.3
2026-07-08,ecmwf,2,19.9,13.4,0,28
2026-07-08,ecmwf,3,20.1,13.7,0,32.4
2026-07-08,ecmwf,4,17.7,13.9,0,35.1
2026-07-08,ecmwf,5,19,12.7,0,30.1
2026-07-08,ecmwf,6,18.8,13.4,0,18.8
2026-07-08,ecmwf,7,18,13.7,2.1,28.3
2026-07-08,gem,1,18.7,13.8,0,41.8
2026-07-08,gem,2,18.6,14.1,0,41.4
2026-07-08,gem,3,19.3,12.9,0,34.2
2026-07-08,gem,4,19.5,13.4,0,53.3
2026-07-08,gem,5,20.1,14.1,3.2,41
2026-07-08,gem,6,20,13.8,0,29.2
2026-07-08,gem,7,21.1,14.1,0,42.1
2026-07-08,gfs,1,18.5,14.7,0,52.8
2026-07-08,gfs,2,18.7,14.9,0,53.5
2026-07-08,gfs,3,18.4,14.7,0,48.4
2026-07-08,gfs,4,18.9,15,0.3,63.1
2026-07-08,gfs,5,18.5,15.2,0,67.1
2026-07-08,gfs,6,19.3,15.6,0.7,60.1
2026-07-08,gfs,7,21,16,0.2,46.7
2026-07-08,icon,1,18.5,13.6,0,42
2026-07-08,icon,2,18.9,14.2,0,37.4
2026-07-08,icon,3,18.4,14.7,0,38
2026-07-08,icon,4,18.6,15.1,0,47.2
2026-07-08,icon,5,20.1,14.8,2.8,41.8
2026-07-08,icon,6,20.2,16.1,0,38.9
2026-07-08,ukmo,1,18.3,15,0,47.9
2026-07-08,ukmo,2,18.4,14.8,0,49.3
2026-07-08,ukmo,3,17.9,14.5,0,52.9
2026-07-08,ukmo,4,18.6,14.2,0.4,58.3
2026-07-08,ukmo,5,18.4,15.2,0,58
2026-07-08,ukmo,6,19.9,15.9,0,45.4
2026-07-09,arpege,1,18.6,15.3,0,
2026-07-09,arpege,2,20.4,14.9,0,
2026-07-09,arpege,3,19.9,15.3,0,
2026-07-09,ecmwf,1,21.1,14.2,0,20.3
2026-07-09,ecmwf,2,21.4,15,0,21.9
2026-07-09,ecmwf,3,20.8,16,0.9,22.1
2026-07-09,ecmwf,4,21.5,15.4,0.6,20.5
2026-07-09,ecmwf,5,21.6,14.8,0,18.7
2026-07-09,ecmwf,6,21,13.8,0.6,19.3
2026-07-09,ecmwf,7,20.7,13.4,1.2,21.7
2026-07-09,gem,1,20.8,14.6,0,29.5
2026-07-09,gem,2,20.8,14.4,0,30.2
2026-07-09,gem,3,22.4,14.1,0,24.8
2026-07-09,gem,4,22.7,16.1,0,25.9
2026-07-09,gem,5,22.7,13.6,0,20.5
2026-07-09,gem,6,19.8,12.6,0,20.9
2026-07-09,gem,7,21,14.2,0,23
2026-07-09,gfs,1,19.3,15.7,0,36.7
2026-07-09,gfs,2,19.7,16,0.2,35.9
2026-07-09,gfs,3,19.9,16,0.4,43.5
2026-07-09,gfs,4,20,16.4,0,48.5
2026-07-09,gfs,5,19.9,15.8,0,36.9
2026-07-09,gfs,6,20,15.7,0,37.9
2026-07-09,gfs,7,20.8,15.6,0,42.3
2026-07-09,icon,1,18.8,14.6,0,29.9
2026-07-09,icon,2,18.8,15.1,0,24.7
2026-07-09,icon,3,19.1,16.3,0,26.2
2026-07-09,icon,4,19.8,16.8,0,24.3
2026-07-09,icon,5,21.5,16.7,0,25.2
2026-07-09,icon,6,20.8,15,0,36.6
2026-07-09,ukmo,1,19.1,16,0,36
2026-07-09,ukmo,2,17.9,15.2,0,43.2
2026-07-09,ukmo,3,18.7,15.5,0,42.8
2026-07-09,ukmo,4,18.3,15.8,0.3,35.6
2026-07-09,ukmo,5,18.9,14.4,0,38.5
2026-07-09,ukmo,6,19.2,17,0,42.8
2026-07-10,arpege,1,19.6,17.4,0,
2026-07-10,arpege,2,21.3,16.1,0,
2026-07-10,arpege,3,22.1,16.2,0,
2026-07-10,ecmwf,1,23,15.1,0,12.6
2026-07-10,ecmwf,2,22.4,15,0,13.2
2026-07-10,ecmwf,3,21.8,14.3,0,12.8
2026-07-10,ecmwf,4,22.8,15.7,0,16.1
2026-07-10,ecmwf,5,23.1,15.4,0,11.6
2026-07-10,ecmwf,6,22.6,16.1,0,9.4
2026-07-10,ecmwf,7,24.6,15.9,0.3,13.1
2026-07-10,gem,1,20.7,16,0,22
2026-07-10,gem,2,20.9,15.9,0,24.8
2026-07-10,gem,3,23,14.8,0,23.4
2026-07-10,gem,4,22.5,16.2,0,19.4
2026-07-10,gem,5,22.7,16.2,0,19.4
2026-07-10,gem,6,23,16.7,0,23.8
2026-07-10,gem,7,23.5,15,0,15.8
2026-07-10,gfs,1,19.9,16.4,0,26.4
2026-07-10,gfs,2,19.7,17.2,0,17.9
2026-07-10,gfs,3,19.9,16.6,0,29.6
2026-07-10,gfs,4,21,16.8,0,26.1
2026-07-10,gfs,5,20.7,16.7,0,28.5
2026-07-10,gfs,6,20.4,18.1,0,27.6
2026-07-10,gfs,7,20.5,16.9,0,27.7
2026-07-10,icon,1,21.2,15.8,0,17.5
2026-07-10,icon,2,20.9,16.3,0,15.1
2026-07-10,icon,3,21,16.4,0,17
2026-07-10,icon,4,21.9,16.8,0,12.8
2026-07-10,icon,5,23.3,17.7,0,11.7
2026-07-10,icon,6,23.4,18.2,0,14.3
2026-07-10,ukmo,1,19.8,17.3,0,24.8
2026-07-10,ukmo,2,17.8,16.2,0,23.8
2026-07-10,ukmo,3,18.3,16.2,0,26.3
2026-07-10,ukmo,4,18.2,15.1,0,25.9
2026-07-10,ukmo,5,18.6,17.5,0,26.3
2026-07-10,ukmo,6,18.7,15.4,0,24.5
2026-07-11,arpege,1,21.7,16.7,0,
2026-07-11,arpege,2,23.5,15.6,0,
2026-07-11,arpege,3,23.9,15.2,0,
2026-07-11,ecmwf,1,24.3,16.6,0,11.2
2026-07-11,ecmwf,2,25,16.1,0,16
2026-07-11,ecmwf,3,23.8,15.9,0,8
2026-07-11,ecmwf,4,24.4,16.5,0,12.8
2026-07-11,ecmwf,5,25.6,16.6,0,12.7
2026-07-11,ecmwf,6,21.7,17.4,0,19.9
2026-07-11,ecmwf,7,23.7,16.6,0,15.8
2026-07-11,gem,1,22.1,15.3,0,16.2
2026-07-11,gem,2,22.3,15.6,0,12.6
2026-07-11,gem,3,23.9,15.1,0,17.3
2026-07-11,gem,4,23.3,15.2,0,13.7
2026-07-11,gem,5,23.9,15.1,0,21.2
2026-07-11,gem,6,23,15.9,0,20.2
2026-07-11,gem,7,24.1,15.8,0,19.1
2026-07-11,gfs,1,21.6,17.4,0,19.8
2026-07-11,gfs,2,21.9,17,0,25.4
2026-07-11,gfs,3,21.9,17.4,0,20.2
2026-07-11,gfs,4,21.5,17.6,0,30.8
2026-07-11,gfs,5,22.2,18.2,0,21.3
2026-07-11,gfs,6,21.8,18.5,0,13.4
2026-07-11,gfs,7,19.8,18.2,0,23.1
2026-07-11,icon,1,22.2,16.4,0,11.9
2026-07-11,icon,2,22.5,16.3,0,15.5
2026-07-11,icon,3,22.1,16.3,0,13.2
2026-07-11,icon,4,22.5,16.4,0,14.7
2026-07-11,icon,5,23.4,17.2,0,13
2026-07-11,icon,6,23.4,17.7,0,18
2026-07-11,ukmo,1,21.4,18.2,0,15.8
2026-07-11,ukmo,2,19.1,17.2,0,14.8
2026-07-11,ukmo,3,19.2,17.5,0,16.6
2026-07-11,ukmo,4,19.5,16,0,36.7
2026-07-11,ukmo,5,19.5,17.5,0,12.6
2026-07-11,ukmo,6,19.9,17.8,0,19.4
2026-07-12,arpege,1,21.8,18.4,0,
2026-07-12,arpege,2,23.2,17.4,0,
2026-07-12,arpege,3,23.8,16.6,0,
2026-07-12,ecmwf,1,24,16.4,0,14.2
2026-07-12,ecmwf,2,24,17.7,0,16.8
2026-07-12,ecmwf,3,24.6,17.2,0,16.2
2026-07-12,ecmwf,4,26,17.2,0,13
2026-07-12,ecmwf,5,23.8,17.4,0,15.9
2026-07-12,ecmwf,6,24,16.6,0,18.4
2026-07-12,ecmwf,7,24.2,18,0,13.1
2026-07-12,gem,1,20.6,16.4,0,21.6
2026-07-12,gem,2,20.4,16.2,0,16.9
2026-07-12,gem,3,24.5,16.8,0,14.8
2026-07-12,gem,4,25.8,15.8,0,14.8
2026-07-12,gem,5,23.8,16.6,0,23.4
2026-07-12,gem,6,22.5,17.2,0,19.1
2026-07-12,gem,7,24.4,16,0,17.3
2026-07-12,gfs,1,19.8,16.9,0.7,21.3
2026-07-12,gfs,2,19.7,16.7,0,25.3
2026-07-12,gfs,3,19.3,16.8,0.6,22.3
2026-07-12,gfs,4,19.5,15.8,0,27.6
2026-07-12,gfs,5,20,15.9,0,31.3
2026-07-12,gfs,6,20.8,17.3,0,26.4
2026-07-12,gfs,7,22,18,0,29.3
2026-07-12,icon,1,21.4,16.8,0,16.3
2026-07-12,icon,2,21.2,17.1,0,19.1
2026-07-12,icon,3,22.3,17.3,0,18.1
2026-07-12,icon,4,21.5,16.9,0,16
2026-07-12,icon,5,23.7,18,0,15
2026-07-12,icon,6,22.7,17.4,0,15.8
2026-07-12,ukmo,1,20.6,18,0,23.4
2026-07-12,ukmo,2,19.2,17.1,0,24.1
2026-07-12,ukmo,3,19.1,16.9,0,15.5
2026-07-12,ukmo,4,19.5,15.6,0,33.5
2026-07-12,ukmo,5,19,14.9,0,24.5
2026-07-12,ukmo,6,19.2,17.9,0,12.2
2026-07-13,arpege,1,22.2,18.7,0,
2026-07-13,arpege,2,20.8,18.1,2.4,
2026-07-13,arpege,3,22.7,16.7,0.2,
2026-07-13,ecmwf,1,22.5,17.3,0,18.2
2026-07-13,ecmwf,2,21.3,16.5,0.6,16.8
2026-07-13,ecmwf,3,21.1,17.6,2.4,17.3
2026-07-13,ecmwf,4,25,18.1,0,17.9
2026-07-13,ecmwf,5,24.9,16.9,0,8.9
2026-07-13,ecmwf,6,23,17.9,1.2,15.2
2026-07-13,ecmwf,7,23.8,18.8,0,24.7
2026-07-13,gem,1,21.4,16.1,9.9,26.6
2026-07-13,gem,2,19.9,15,3.1,20.2
2026-07-13,gem,3,22.7,16.7,0,17.3
2026-07-13,gem,4,24,17.4,0,15.5
2026-07-13,gem,5,25.1,17.1,0,18.4
2026-07-13,gem,6,23.1,17.5,0,15.5
2026-07-13,gem,7,24.6,15.3,0,19.8
2026-07-13,gfs,1,18.8,17.1,3.4,29.9
2026-07-13,gfs,2,19.2,16.9,5,18.5
2026-07-13,gfs,3,19.6,17,0.6,18.3
2026-07-13,gfs,4,19.3,16.6,0.1,19
2026-07-13,gfs,5,19.4,16.7,0,19.7
2026-07-13,gfs,6,19.6,17.7,0,19.2
2026-07-13,gfs,7,20.7,17,0,28.9
2026-07-13,icon,1,23.1,17,0.1,20.3
2026-07-13,icon,2,20.9,16.8,1.6,16.2
2026-07-13,icon,3,21.3,16.5,0,19.2
2026-07-13,icon,4,21,16.2,0,19.4
2026-07-13,icon,5,21.2,16.2,0,19.8
2026-07-13,icon,6,22.9,17.4,0,12.3
2026-07-13,ukmo,1,20.1,18.1,0.7,27.4
2026-07-13,ukmo,2,18.2,17.1,6.6,26.3
2026-07-13,ukmo,3,18.2,16.9,0,24.8
2026-07-13,ukmo,4,19.1,16.7,0,26.6
2026-07-13,ukmo,5,17.9,16.9,0,23
2026-07-13,ukmo,6,19.1,17.5,0,21.6
2026-07-14,arpege,1,22.7,18,0,
2026-07-14,arpege,2,23.4,16.6,0.7,
2026-07-14,arpege,3,21.5,17.4,0,
2026-07-14,ecmwf,1,24.3,16.7,0,12.9
2026-07-14,ecmwf,2,24,16.6,0,13.2
2026-07-14,ecmwf,3,22.4,17.8,0,15.1
2026-07-14,ecmwf,4,22.7,15.7,0,13.1
2026-07-14,ecmwf,5,22.8,18.1,0,17.5
2026-07-14,ecmwf,6,23.9,18.5,0,11.5
2026-07-14,ecmwf,7,23,16.1,0,9.5
2026-07-14,gem,1,22.2,15.5,0,14.4
2026-07-14,gem,2,22.9,15.4,0.1,11.9
2026-07-14,gem,3,22.7,15.7,0.4,15.8
2026-07-14,gem,4,22.8,17.6,0,15.8
2026-07-14,gem,5,22.9,17.2,0,23
2026-07-14,gem,6,24.4,16.3,0,23.4
2026-07-14,gem,7,24,16.6,0,17.3
2026-07-14,gfs,1,19.5,17.6,0,19.4
2026-07-14,gfs,2,19.7,17.4,0.3,17.7
2026-07-14,gfs,3,20.1,17.1,0,17.6
2026-07-14,gfs,4,19.2,17.6,0,21.8
2026-07-14,gfs,5,20.5,17.4,0.1,22.7
2026-07-14,gfs,6,19.7,17.5,0.8,30.6
2026-07-14,gfs,7,20.7,16.4,0,21
2026-07-14,icon,1,23.6,16.2,0,14.1
2026-07-14,icon,2,22.5,17.5,0,11.7
2026-07-14,icon,3,22.7,16.8,0,16.4
2026-07-14,icon,4,21.4,15.7,0,20.3
2026-07-14,icon,5,21.8,16.5,0,17.8
2026-07-14,icon,6,22.8,15.7,0,14.9
2026-07-14,ukmo,1,21.5,17.8,0,22.7
2026-07-14,ukmo,2,18.7,17.1,0,15.5
2026-07-14,ukmo,3,19.7,17,0.2,17.6
2026-07-14,ukmo,4,18.1,16.6,0,25.9
2026-07-14,ukmo,5,17.8,15.5,0,24.1
2026-07-14,ukmo,6,17.9,15.6,0,18.7
2026-07-15,arpege,1,22.5,19.3,0,
2026-07-15,arpege,2,22.9,17.3,0,
2026-07-15,arpege,3,24.9,16.6,0,
2026-07-15,ecmwf,1,22.7,16,0,21.5
2026-07-15,ecmwf,2,23.9,16.2,0,18.3
2026-07-15,ecmwf,3,24.4,16,0,17.1
2026-07-15,ecmwf,4,25.4,16,0,14.5
2026-07-15,ecmwf,5,24.3,15.5,0,14.9
2026-07-15,ecmwf,6,23.2,17.7,0,19.3
2026-07-15,ecmwf,7,24,18.2,0,16
2026-07-15,gem,1,21.8,16.5,0,17.3
2026-07-15,gem,2,22.7,16.7,0,14.4
2026-07-15,gem,3,23.8,15.7,0,13
2026-07-15,gem,4,24.1,15.7,0,8.3
2026-07-15,gem,5,24,14.6,0,16.2
2026-07-15,gem,6,23.6,14.8,0,24.8
2026-07-15,gem,7,24.4,16.7,0.3,34.6
2026-07-15,gfs,1,19.9,18,0,19.9
2026-07-15,gfs,2,20.3,17.8,0,16.9
2026-07-15,gfs,3,22,18.4,0,17
2026-07-15,gfs,4,22.5,17.7,0,19.4
2026-07-15,gfs,5,19.6,17.9,0,29.6
2026-07-15,gfs,6,20.3,17.3,0,31.4
2026-07-15,gfs,7,19.2,17.8,0.1,38.7
2026-07-15,icon,1,23.3,16.6,0,19.8
2026-07-15,icon,2,23.1,17.8,0,15.7
2026-07-15,icon,3,24.4,17.5,0,11.5
2026-07-15,icon,4,24.2,16.3,0,14.1
2026-07-15,icon,5,23.6,16.7,0,14.8
2026-07-15,icon,6,23,16.8,0,17.8
2026-07-15,ukmo,1,21.2,19.1,0,28.1
2026-07-15,ukmo,2,19.1,17.3,0,18.4
2026-07-15,ukmo,3,19,17.2,0,14.8
2026-07-15,ukmo,4,19.2,16.9,0,10.1
2026-07-15,ukmo,5,18.3,16.5,0,22.3
2026-07-15,ukmo,6,18.1,17.3,0,30.6
2026-07-16,arpege,1,23.6,15.2,2.8,
2026-07-16,arpege,2,22.4,15.8,1.7,
2026-07-16,arpege,3,24.3,16.7,0,
2026-07-16,ecmwf,1,23.4,16,0.6,13.9
2026-07-16,ecmwf,2,22.7,15.9,1.8,11.3
2026-07-16,ecmwf,3,23,17.8,0.9,15.4
2026-07-16,ecmwf,4,24.3,18,0,15.4
2026-07-16,ecmwf,5,27.5,16.5,0,20.6
2026-07-16,ecmwf,6,23.7,17.1,0,17.2
2026-07-16,ecmwf,7,25.1,18.4,0,19.6
2026-07-16,gem,1,21.4,15.6,1,24.1
2026-07-16,gem,2,20.7,14.9,0.1,11.9
2026-07-16,gem,3,24.1,15.1,0,9.4
2026-07-16,gem,4,23.8,16.7,0,13.3
2026-07-16,gem,5,25.4,16,0,12.6
2026-07-16,gem,6,24.8,14.4,0,15.8
2026-07-16,gem,7,25.1,15.4,0,29.5
2026-07-16,gfs,1,20.4,17.3,8.9,29.2
2026-07-16,gfs,2,19.6,17.3,0,16.6
2026-07-16,gfs,3,20.1,17.4,0,24.4
2026-07-16,gfs,4,20.6,17.3,0,35.6
2026-07-16,gfs,5,21.8,17.5,0,23.5
2026-07-16,gfs,6,20.6,17.8,0,37.4
2026-07-16,gfs,7,19.8,17.4,0,38.7
2026-07-16,icon,1,22.5,14.8,0,16.3
2026-07-16,icon,2,20.9,16.8,1.4,14.4
2026-07-16,icon,3,23.1,17.4,0.9,13.2
2026-07-16,icon,4,24.3,17.4,0,19.6
2026-07-16,icon,5,25,17,0,20.5
2026-07-16,icon,6,23.9,16.5,0,23.4
2026-07-16,ukmo,1,21.8,17.9,0,27
2026-07-16,ukmo,2,19,17.5,2.1,15.8
2026-07-16,ukmo,3,18.7,17.7,7.8,8.6
2026-07-16,ukmo,4,19.2,17.4,0,12.2
2026-07-16,ukmo,5,20.3,17,0,13
2026-07-16,ukmo,6,19.3,17,0,29.2
2026-07-17,arpege,1,22.9,17.9,9,
2026-07-17,arpege,2,25.3,17.8,13.7,
2026-07-17,arpege,3,24.7,17.6,3.5,
2026-07-17,ecmwf,1,23.7,17.4,4.5,11.2
2026-07-17,ecmwf,2,25.5,17.1,5.7,19.5
2026-07-17,ecmwf,3,24.3,16.3,0.3,12.2
2026-07-17,ecmwf,4,24.8,16.7,0.3,13.3
2026-07-17,ecmwf,5,26.2,17.7,0.6,16.8
2026-07-17,ecmwf,6,26.4,18.8,2.7,12.8
2026-07-17,ecmwf,7,22.6,17.8,2.7,17
2026-07-17,gem,1,22.2,17.1,2.1,26.6
2026-07-17,gem,2,21.5,16.3,4,15.5
2026-07-17,gem,3,21.8,15.9,1.4,11.5
2026-07-17,gem,4,23.7,17.7,0,15.1
2026-07-17,gem,5,24.8,16.5,0,15.5
2026-07-17,gem,6,25.8,17.9,0,17.3
2026-07-17,gem,7,26.6,17,0,21.6
2026-07-17,gfs,1,21.8,18.8,6,32.8
2026-07-17,gfs,2,22,18.9,4.1,31
2026-07-17,gfs,3,20.3,17.5,5.7,28.5
2026-07-17,gfs,4,19,16.8,11.7,28.6
2026-07-17,gfs,5,20.6,18.1,0,43.6
2026-07-17,gfs,6,20.9,17.8,0,33.2
2026-07-17,gfs,7,22,17.6,0.5,25.7
2026-07-17,icon,1,25.4,16.4,2.2,23.2
2026-07-17,icon,2,22.9,17.7,7.9,21.3
2026-07-17,icon,3,22.3,17,7.7,14.2
2026-07-17,icon,4,21.4,17.1,4.2,14.1
2026-07-17,icon,5,23.8,18.9,0,24.2
2026-07-17,icon,6,25,18.9,0,23.3
2026-07-17,ukmo,1,21.6,19,0.1,20.9
2026-07-17,ukmo,2,20.6,18,2.2,20.2
2026-07-17,ukmo,3,19.2,17.6,10.4,22
2026-07-17,ukmo,4,19.4,17,6,31.7
2026-07-17,ukmo,5,19.5,17.5,0,19.1
2026-07-17,ukmo,6,20,17.6,0,33.1
2026-07-18,arpege,1,19.6,17.1,0,
2026-07-18,arpege,2,20.3,17.1,0.9,
2026-07-18,arpege,3,20.3,16.5,0,
2026-07-18,ecmwf,1,20.9,15.1,0,30.6
2026-07-18,ecmwf,2,20,14.7,0,28.8
2026-07-18,ecmwf,3,20.6,16.1,2.1,31
2026-07-18,ecmwf,4,21.6,16.1,2.1,30.6
2026-07-18,ecmwf,5,21.4,16.3,0,28.5
2026-07-18,ecmwf,6,23,17.8,0,21.3
2026-07-18,ecmwf,7,24.5,15.7,1.2,35.2
2026-07-18,gem,1,19.2,16.3,0.1,36.7
2026-07-18,gem,2,19.9,16.1,0.3,42.5
2026-07-18,gem,3,19.2,15.9,7.6,39.6
2026-07-18,gem,4,19.5,15.5,0,38.2
2026-07-18,gem,5,21.4,16.4,0,38.5
2026-07-18,gem,6,22.5,16.5,0.4,38.5
2026-07-18,gem,7,25.4,18.3,0,21.2
2026-07-18,gfs,1,19.1,16.3,0.1,49.4
2026-07-18,gfs,2,19.5,16.4,0.1,45.7
2026-07-18,gfs,3,19.4,16.1,3.1,50.4
2026-07-18,gfs,4,18.7,15.8,0.2,50.1
2026-07-18,gfs,5,19,15.4,0,45.4
2026-07-18,gfs,6,20.8,16,0,41.9
2026-07-18,gfs,7,20.9,17.8,0,28.4
2026-07-18,icon,1,20.2,16.1,0,41.1
2026-07-18,icon,2,20.2,16.3,0.1,39.3
2026-07-18,icon,3,19.4,16.2,3.7,36
2026-07-18,icon,4,20,16.8,5.9,40.1
2026-07-18,icon,5,20.8,15.8,0,42
2026-07-18,icon,6,26.3,18.3,0,15.3
2026-07-18,ukmo,1,20.4,16.8,0,45.4
2026-07-18,ukmo,2,20,16.7,0,46.1
2026-07-18,ukmo,3,19.9,16.7,0,47.5
2026-07-18,ukmo,4,18.9,16,0.6,43.6
2026-07-18,ukmo,5,19,15.5,0,35.3
2026-07-18,ukmo,6,20,18.6,0.5,25.6
2026-07-19,arpege,1,20,16.8,0.1,
2026-07-19,arpege,2,20,15.5,2.7,
2026-07-19,arpege,3,22,15.8,1.8,
2026-07-19,ecmwf,1,20.8,14.5,3.6,24.7
2026-07-19,ecmwf,2,19.7,14.3,2.4,28.3
2026-07-19,ecmwf,3,19.2,13.5,7.8,29.9
2026-07-19,ecmwf,4,19.7,14.2,18.6,22.7
2026-07-19,ecmwf,5,19.5,15,14.7,24.7
2026-07-19,ecmwf,6,21,16.1,5.1,19.5
2026-07-19,ecmwf,7,22.5,15.2,0.9,22.4
2026-07-19,gem,1,19.1,15.3,14.9,43.2
2026-07-19,gem,2,19.2,14.8,2,36.7
2026-07-19,gem,3,19.3,13.9,5.3,35.6
2026-07-19,gem,4,16.4,14.3,22.3,41
2026-07-19,gem,5,18.9,14,6.5,36.7
2026-07-19,gem,6,20.5,15.2,1.8,28.4
2026-07-19,gem,7,24.1,15.5,5.5,42.8
2026-07-19,gfs,1,17.6,15.2,0.7,44.8
2026-07-19,gfs,2,17.6,15.5,1.1,40.8
2026-07-19,gfs,3,17.3,14.7,0.3,41.9
2026-07-19,gfs,4,17.3,14.8,3.8,55.8
2026-07-19,gfs,5,17.4,14.2,0.3,51.3
2026-07-19,gfs,6,17.9,15.7,0.1,37.9
2026-07-19,gfs,7,20,15.9,0,34.3
2026-07-19,icon,1,18.1,15.8,1.5,35.5
2026-07-19,icon,2,19.7,15.5,1.1,32.5
2026-07-19,icon,3,17.2,15,13,39.7
2026-07-19,icon,4,19.1,14.6,5.4,31.2
2026-07-19,icon,5,17.8,13.2,1.6,37
2026-07-19,icon,6,21.2,17.4,0,29.5
2026-07-19,ukmo,1,17.5,15.9,0.3,42.8
2026-07-19,ukmo,2,17.6,15.7,1.5,43.2
2026-07-19,ukmo,3,18.6,16.5,0.7,46.4
2026-07-19,ukmo,4,18,16.3,5.6,47.2
2026-07-19,ukmo,5,18.2,15.3,5.3,44.6
2026-07-19,ukmo,6,19.4,17.7,0.7,31.7
2026-07-20,arpege,1,18.8,16.3,0.7,
2026-07-20,arpege,2,19.3,15.5,1.8,
2026-07-20,arpege,3,19.5,15.6,0.6,
2026-07-20,ecmwf,1,19.5,14,7.2,31.4
2026-07-20,ecmwf,2,19.6,14.3,15,32.2
2026-07-20,ecmwf,3,19.5,14,6,33.3
2026-07-20,ecmwf,4,18.5,13.7,12,29.8
2026-07-20,ecmwf,5,20,12.1,0.6,18.7
2026-07-20,ecmwf,6,19.9,13.8,0.3,17.6
2026-07-20,ecmwf,7,21.6,14.5,0,19.1
2026-07-20,gem,1,17.9,15.3,15.2,46.8
2026-07-20,gem,2,18.4,15.1,5.6,43.2
2026-07-20,gem,3,17.6,13.9,3.2,37.8
2026-07-20,gem,4,17.5,13.7,10,23
2026-07-20,gem,5,19.2,11.6,0,21.6
2026-07-20,gem,6,19.3,14.2,2.4,25.6
2026-07-20,gem,7,20,15.7,0.9,24.5
2026-07-20,gfs,1,18.8,15.2,4.7,50.4
2026-07-20,gfs,2,19.3,14.9,2.4,46.7
2026-07-20,gfs,3,19.2,15.1,3.6,50.8
2026-07-20,gfs,4,18.8,15.3,2.1,46.8
2026-07-20,gfs,5,18.3,15.4,0.6,26.6
2026-07-20,gfs,6,18.6,14.6,0.4,44.4
2026-07-20,gfs,7,18.1,15.3,0.9,41.1
2026-07-20,icon,1,19.1,15.4,4.7,38.9
2026-07-20,icon,2,19.6,15.3,3,35.7
2026-07-20,icon,3,19.5,15.2,8.3,35.2
2026-07-20,icon,4,20.1,14.3,8.3,29.9
2026-07-20,icon,5,20.3,15.9,0.3,20.3
2026-07-20,icon,6,19.3,14.9,2.5,30.8
2026-07-20,ukmo,1,19,15.3,5,47.5
2026-07-20,ukmo,2,18.8,15.1,2.9,50.4
2026-07-20,ukmo,3,18.8,15.8,3.2,54.4
2026-07-20,ukmo,4,18.9,16.1,4.5,50.8
2026-07-20,ukmo,5,18.7,16,0.6,23.8
2026-07-20,ukmo,6,18.6,15,0,30.6
2026-07-21,arpege,1,20.3,16.9,0,
2026-07-21,arpege,2,21,17.1,0,
2026-07-21,arpege,3,21.8,17.2,0,
2026-07-21,ecmwf,1,21.3,14.7,0,18.1
2026-07-21,ecmwf,2,21.3,14.7,0,19.5
2026-07-21,ecmwf,3,21.8,15.3,0,18.4
2026-07-21,ecmwf,4,20.4,14.3,0.9,18.2
2026-07-21,ecmwf,5,19.6,13.2,0.6,19.5
2026-07-21,ecmwf,6,20.7,13.6,0.3,21.6
2026-07-21,ecmwf,7,19.7,14.4,1.2,17.4
2026-07-21,gem,1,20.3,16.6,0,30.6
2026-07-21,gem,2,20.5,16.8,0,32.8
2026-07-21,gem,3,21.2,15.2,0,31
2026-07-21,gem,4,20.3,14.1,0,29.9
2026-07-21,gem,5,21,13.1,0,28.8
2026-07-21,gem,6,20.4,12.6,0,16.6
2026-07-21,gem,7,19.5,14.4,0.8,21.6
2026-07-21,gfs,1,20.3,16.8,0,39.1
2026-07-21,gfs,2,20.1,16.7,0,38.7
2026-07-21,gfs,3,20.5,16.9,0,40
2026-07-21,gfs,4,20.8,16.6,0,39.5
2026-07-21,gfs,5,20,16.3,0,38.5
2026-07-21,gfs,6,19.6,16,0.2,32.1
2026-07-21,gfs,7,18.8,15.6,1.7,26.1
2026-07-21,icon,1,20.6,16.3,0,31.8
2026-07-21,icon,2,21,16.9,0,29.4
2026-07-21,icon,3,21.2,17.6,0,27.4
2026-07-21,icon,4,21.7,16.3,0,27.8
2026-07-21,icon,5,20.5,15,0.6,29.9
2026-07-21,icon,6,19.5,15.5,0,32
2026-07-21,ukmo,1,19.7,16.7,0,38.2
2026-07-21,ukmo,2,19.5,17.1,0,40.3
2026-07-21,ukmo,3,19,16.3,0,40.7
2026-07-21,ukmo,4,19.8,16.7,1.5,39.2
2026-07-21,ukmo,5,19.3,17.5,0.2,24.5
2026-07-21,ukmo,6,18.2,15.8,0,25.2
2026-07-22,arpege,1,19.1,15.7,0.4,
2026-07-22,arpege,2,19.7,15.8,2.1,
2026-07-22,arpege,3,19.8,15.7,2.8,
2026-07-22,ecmwf,1,20.5,14.2,2.4,33.2
2026-07-22,ecmwf,2,19.9,14.5,1.8,32.8
2026-07-22,ecmwf,3,19.5,14.7,1.2,30
2026-07-22,ecmwf,4,20.1,14.5,2.4,35.9
2026-07-22,ecmwf,5,16.4,13.8,14.1,25.7
2026-07-22,ecmwf,6,16.7,14.4,2.7,18.8
2026-07-22,ecmwf,7,18.9,13.6,1.2,25.4
2026-07-22,gem,1,19.4,15.2,11,39.6
2026-07-22,gem,2,19.3,15.6,9.6,43.6
2026-07-22,gem,3,19.6,15.2,3.6,37.4
2026-07-22,gem,4,18.4,15.1,2.4,39.6
2026-07-22,gem,5,17.2,14.8,5.3,29.9
2026-07-22,gem,6,18.8,14.2,0.4,20.9
2026-07-22,gem,7,18.6,14.6,0.9,17.6
2026-07-22,gfs,1,18.2,16,4.4,48
2026-07-22,gfs,2,18.6,16.2,3.7,51.8
2026-07-22,gfs,3,19.4,15.9,5.4,51.8
2026-07-22,gfs,4,18.9,16.4,4.3,50.1
2026-07-22,gfs,5,18.7,15.8,14.7,35.1
2026-07-22,gfs,6,19.5,15.9,1.2,29.6
2026-07-22,gfs,7,18.3,16.5,2,33.3
2026-07-22,icon,1,19.7,15.7,27.6,42.4
2026-07-22,icon,2,19.2,16,3,38
2026-07-22,icon,3,19.4,16.7,5.2,32.8
2026-07-22,icon,4,19.3,16.5,6.7,33.3
2026-07-22,icon,5,18.6,15.7,4.9,27.7
2026-07-22,icon,6,19.8,16.1,0.2,31.7
2026-07-22,ukmo,1,19.5,15.3,0.4,45.7
2026-07-22,ukmo,2,18.8,15.8,5.1,44.3
2026-07-22,ukmo,3,18.3,15.7,5.6,45.4
2026-07-22,ukmo,4,18.3,15.5,3.1,45.7
2026-07-22,ukmo,5,18.2,15.7,3.1,44.6
2026-07-22,ukmo,6,18.5,15.4,1.4,42.5
2026-07-23,arpege,1,20.4,16,0,
2026-07-23,arpege,2,20.9,15.4,0.7,
2026-07-23,arpege,3,21.5,16.3,0.4,
2026-07-23,ecmwf,1,20.8,13.5,0.3,24.6
2026-07-23,ecmwf,2,21.5,13.6,0.6,24.1
2026-07-23,ecmwf,3,20.7,13.8,1.2,23.8
2026-07-23,ecmwf,4,20.7,13.8,0.6,25
2026-07-23,ecmwf,5,21.5,14.2,4.8,23.3
2026-07-23,ecmwf,6,21.4,13.6,0.9,17
2026-07-23,ecmwf,7,19.3,14.4,2.4,20.3
2026-07-23,gem,1,20.5,15.8,0,36.7
2026-07-23,gem,2,20.3,15.4,0,36
2026-07-23,gem,3,20.4,15.2,0,31
2026-07-23,gem,4,20.5,15.6,1.6,31.3
2026-07-23,gem,5,19.8,15.8,1.9,38.5
2026-07-23,gem,6,20.6,14.7,1.4,19.4
2026-07-23,gem,7,20,14.4,0,23
2026-07-23,gfs,1,19.7,15.3,0.3,44
2026-07-23,gfs,2,19.5,15.5,1.3,42.1
2026-07-23,gfs,3,19.3,15.6,1.7,43.9
2026-07-23,gfs,4,19.5,15.7,1.4,41.2
2026-07-23,gfs,5,18.8,16.2,3.3,50.8
2026-07-23,gfs,6,20.1,17,4.1,39
2026-07-23,gfs,7,19.6,15.9,0.5,28.1
2026-07-23,icon,1,20.5,15,0,37.4
2026-07-23,icon,2,20.8,15.2,0.1,33
2026-07-23,icon,3,19.8,16,3.9,28.8
2026-07-23,icon,4,19.7,16.3,12.3,31.4
2026-07-23,icon,5,21.9,14.4,0,26.1
2026-07-23,icon,6,21.6,16.9,0,29.2
2026-07-23,ukmo,1,19.1,15.9,0,44.3
2026-07-23,ukmo,2,19.4,14.5,0,41.4
2026-07-23,ukmo,3,19.1,15.4,0,43.9
2026-07-23,ukmo,4,19.1,15,0,41.8
2026-07-23,ukmo,5,18.9,16.1,0.9,44.6
2026-07-23,ukmo,6,19.1,15.8,0.4,42.8
2026-07-24,arpege,1,18.8,15.8,0,
2026-07-24,arpege,2,20.5,16.1,0,
2026-07-24,arpege,3,19.7,15.7,0,
2026-07-24,ecmwf,1,20,13.4,0.3,17.5
2026-07-24,ecmwf,2,19.5,13.5,0.3,18.6
2026-07-24,ecmwf,3,20.9,13.1,0,17.9
2026-07-24,ecmwf,4,20.3,13,0,16
2026-07-24,ecmwf,5,19.2,13.7,0.6,19.8
2026-07-24,ecmwf,6,21.2,14.2,0,19.1
2026-07-24,ecmwf,7,19.9,13.6,0.3,20.9
2026-07-24,gem,1,19,15.4,0,29.9
2026-07-24,gem,2,19.5,15.4,0.1,29.5
2026-07-24,gem,3,20,15.2,0,24.5
2026-07-24,gem,4,19.9,15,0,25.9
2026-07-24,gem,5,19.4,14.9,0,27.7
2026-07-24,gem,6,20.3,14.1,0,22.7
2026-07-24,gem,7,19.6,15.7,0,28.1
2026-07-24,gfs,1,19.2,15.9,0.2,36.1
2026-07-24,gfs,2,19.2,15.8,0.2,36.1
2026-07-24,gfs,3,19.7,15.7,0.1,35.8
2026-07-24,gfs,4,20.2,15.6,0.2,31.4
2026-07-24,gfs,5,20.3,15.8,0,30.6
2026-07-24,gfs,6,20.3,15.7,0.2,32.5
2026-07-24,gfs,7,20.1,15.8,0,30.3
2026-07-24,icon,1,19.2,15,0,27.6
2026-07-24,icon,2,19.8,15.3,0,22
2026-07-24,icon,3,20.2,16.7,0,18.6
2026-07-24,icon,4,19.5,14.7,0,22.5
2026-07-24,icon,5,19.7,15.7,0.9,27.7
2026-07-24,icon,6,20.6,16.3,0,26.5
2026-07-24,ukmo,1,19,15.7,0.5,32.8
2026-07-24,ukmo,2,18.3,15,0,36
2026-07-24,ukmo,3,19,14.6,0,32
2026-07-24,ukmo,4,19.1,14.6,0,31.3
2026-07-24,ukmo,5,19.2,15.6,0.3,35.6
2026-07-24,ukmo,6,19.1,15,0,37.4
2026-07-25,arpege,1,23,17.2,0,
2026-07-25,arpege,2,24.6,17.3,0.5,
2026-07-25,arpege,3,23.6,16.9,0,
2026-07-25,ecmwf,1,25.1,14.2,0,22.5
2026-07-25,ecmwf,2,24.8,13.3,0,19.4
2026-07-25,ecmwf,3,24.5,13,0.6,17.5
2026-07-25,ecmwf,4,23.7,13.2,0,21.3
2026-07-25,ecmwf,5,23,12.9,0,14.7
2026-07-25,ecmwf,6,23.2,15.5,0.3,20.4
2026-07-25,ecmwf,7,22,13,0.6,23.4
2026-07-25,gem,1,22.2,15.2,0.8,24.5
2026-07-25,gem,2,21.6,15.4,0.3,22
2026-07-25,gem,3,22.2,16.1,0.1,21.6
2026-07-25,gem,4,21.7,16.8,0.7,26.3
2026-07-25,gem,5,20.1,16.2,0,26.6
2026-07-25,gem,6,21.8,14.5,0,19.8
2026-07-25,gem,7,21.1,15.8,0.3,22.7
2026-07-25,gfs,1,21.5,16.3,0,33.8
2026-07-25,gfs,2,21.1,16.6,0,38.1
2026-07-25,gfs,3,20,16.9,0.4,33.5
2026-07-25,gfs,4,20.5,16.4,0.2,23.2
2026-07-25,gfs,5,20.8,17.2,0,31.9
2026-07-25,gfs,6,18.2,16.3,6.1,39.4
2026-07-25,gfs,7,20.4,16.2,3.6,42.3
2026-07-25,icon,1,23,15.6,0,24
2026-07-25,icon,2,22.8,15.1,0,20.9
2026-07-25,icon,3,22.4,16.3,0,19.3
2026-07-25,icon,4,22,16.1,0,21
2026-07-25,icon,5,22.2,16.6,7,16.8
2026-07-25,icon,6,18.5,15.6,1.6,27.8
2026-07-25,ukmo,1,20.8,16.9,0,28.4
2026-07-25,ukmo,2,20.9,16.1,0,30.6
2026-07-25,ukmo,3,20.5,17.3,0,27
2026-07-25,ukmo,4,19.6,17.1,0,32.4
2026-07-25,ukmo,5,19.8,17.2,0,25.2
2026-07-25,ukmo,6,19.5,17,0,36
2026-07-26,arpege,1,18.7,14.8,10.8,
2026-07-26,arpege,2,18.9,16.2,9.6,
2026-07-26,arpege,3,19.8,16,4.8,
2026-07-26,ecmwf,1,20.1,15.4,12,19.2
2026-07-26,ecmwf,2,17.4,15.4,9.3,15.1
2026-07-26,ecmwf,3,19.1,15.1,14.7,16.9
2026-07-26,ecmwf,4,20.7,15.8,7.2,18.3
2026-07-26,ecmwf,5,21.3,16.3,2.7,20.8
2026-07-26,ecmwf,6,21.3,16.3,5.7,13.5
2026-07-26,ecmwf,7,20.9,16.4,1.5,22.2
2026-07-26,gem,1,19,16.5,6,25.9
2026-07-26,gem,2,18.2,14.4,7.7,25.6
2026-07-26,gem,3,19.2,16.7,7.5,28.4
2026-07-26,gem,4,18.5,16.3,1.8,26.3
2026-07-26,gem,5,20,16.5,3.3,26.3
2026-07-26,gem,6,20.3,15.7,1.6,36
2026-07-26,gem,7,23.1,16.7,0,24.8
2026-07-26,gfs,1,18.1,15.2,8.8,40.8
2026-07-26,gfs,2,18.1,14.6,5.3,34.8
2026-07-26,gfs,3,19.1,16.2,3.2,38.5
2026-07-26,gfs,4,18.9,16.1,3.3,34.3
2026-07-26,gfs,5,19.1,16.8,0.1,36.9
2026-07-26,gfs,6,18.7,16.1,1.4,43.6
2026-07-26,gfs,7,19.9,15.6,0.4,44.5
2026-07-26,icon,1,17.5,16.3,15.9,27.4
2026-07-26,icon,2,17.9,16.1,11.2,25
2026-07-26,icon,3,18.7,15.8,18.8,19.9
2026-07-26,icon,4,19,16.6,4.1,23.8
2026-07-26,icon,5,20.3,16.9,0.9,23.3
2026-07-26,icon,6,19.3,16.6,6.2,24.2
2026-07-26,ukmo,1,18.8,15.3,15.2,41.4
2026-07-26,ukmo,2,18.6,16.3,0.7,37.8
2026-07-26,ukmo,3,19.4,16.7,7.3,29.9
2026-07-26,ukmo,4,19.5,17.9,4.2,29.5
2026-07-26,ukmo,5,19.7,16.4,2,41.8
2026-07-26,ukmo,6,20.9,18.4,0,20.9
2026-07-27,arpege,1,17.9,15.8,0.7,
2026-07-27,arpege,2,18.3,15.4,2.2,
2026-07-27,arpege,3,18.9,14.8,1.8,
2026-07-27,ecmwf,1,18.6,14.3,4.8,29.4
2026-07-27,ecmwf,2,18.7,14.2,5.1,30.3
2026-07-27,ecmwf,3,19,14,1.5,25.4
2026-07-27,ecmwf,4,19,14.4,0.6,27.7
2026-07-27,ecmwf,5,19.4,14.6,9.6,26.6
2026-07-27,ecmwf,6,19,14.7,0.9,28.3
2026-07-27,ecmwf,7,18.9,15.6,5.1,13.8
2026-07-27,gem,1,17.1,14.6,6.4,44.6
2026-07-27,gem,2,17.3,14.4,6.4,40
2026-07-27,gem,3,18.6,15,0.2,38.2
2026-07-27,gem,4,18.9,14.2,0.6,35.6
2026-07-27,gem,5,18.7,14,1.4,36.4
2026-07-27,gem,6,19,15.2,1,36
2026-07-27,gem,7,19.6,15.5,0.3,38.9
2026-07-27,gfs,1,17.4,14.8,4.5,57.2
2026-07-27,gfs,2,17.6,14.9,1.9,47.6
2026-07-27,gfs,3,18,14.8,0,39.6
2026-07-27,gfs,4,18.2,15.4,0.7,38.7
2026-07-27,gfs,5,18.6,15.6,0.1,44
2026-07-27,gfs,6,18.7,15,1.4,43.8
2026-07-27,gfs,7,18,15.8,0.5,39.3
2026-07-27,icon,1,18.1,14.4,1.1,41.4
2026-07-27,icon,2,18.5,15.4,4.5,36.4
2026-07-27,icon,3,18.4,15.5,1.1,34.6
2026-07-27,icon,4,18.3,15.6,1.7,33.9
2026-07-27,icon,5,18.2,14.9,0,27.5
2026-07-27,icon,6,20.1,16.2,5,31.7
2026-07-27,ukmo,1,17.7,15.7,0.2,42.1
2026-07-27,ukmo,2,17.9,15.1,2.7,46.1
2026-07-27,ukmo,3,18.7,15.9,5.7,42.1
2026-07-27,ukmo,4,18.5,15.1,1.1,46.4
2026-07-27,ukmo,5,17.8,15.6,0.5,42.1
2026-07-27,ukmo,6,19.7,15.2,0,49.3
2026-07-28,arpege,1,20.7,16.5,0,
2026-07-28,arpege,2,21.2,15.9,0,
2026-07-28,arpege,3,21.3,16,0.8,
2026-07-28,ecmwf,1,22.2,12.5,0.9,19.2
2026-07-28,ecmwf,2,21.7,13.1,1.5,19.4
2026-07-28,ecmwf,3,22.3,13.4,1.8,25
2026-07-28,ecmwf,4,22,12.2,0.3,19.8
2026-07-28,ecmwf,5,21.9,12.8,0.3,17.4
2026-07-28,ecmwf,6,21.8,13.9,0,22.7
2026-07-28,ecmwf,7,20.4,13.6,0,25.1
2026-07-28,gem,1,20.4,14.7,0,35.6
2026-07-28,gem,2,20,14.9,0,34.9
2026-07-28,gem,3,20.9,14,0,26.6
2026-07-28,gem,4,20.2,15.6,2.7,33.5
2026-07-28,gem,5,21.9,14.8,0,32
2026-07-28,gem,6,19.6,15.6,0,33.8
2026-07-28,gem,7,20.7,14.3,0.5,34.9
2026-07-28,gfs,1,20.1,15.6,0.2,43.4
2026-07-28,gfs,2,19.7,15.7,0.3,39.9
2026-07-28,gfs,3,19.6,15.8,0.3,39.9
2026-07-28,gfs,4,20.1,16.4,0,30.6
2026-07-28,gfs,5,20.1,15.7,0,38.5
2026-07-28,gfs,6,21,16.3,0,38.6
2026-07-28,gfs,7,21.1,15.3,0.3,40.4
2026-07-28,icon,1,21,15.1,0,29.7
2026-07-28,icon,2,21.2,15.2,0,28.1
2026-07-28,icon,3,20.9,15.7,0.1,22.7
2026-07-28,icon,4,21.2,15,1.3,24.5
2026-07-28,icon,5,20.9,15.3,0,26.7
2026-07-28,icon,6,20.2,15.1,0,23.1
2026-07-28,ukmo,1,19.9,15.4,0,39.2
2026-07-28,ukmo,2,19.8,16.1,0,42.5
2026-07-28,ukmo,3,19.5,16.3,0,36.4
2026-07-28,ukmo,4,20.2,16.3,0,32
2026-07-28,ukmo,5,19.9,16.2,0.2,38.5
2026-07-28,ukmo,6,19,15.7,0.3,45
2026-07-29,arpege,1,27.2,18.5,0,
2026-07-29,arpege,2,25.4,18.1,0,
2026-07-29,arpege,3,24.4,17.4,0,
2026-07-29,ecmwf,1,26.9,16.7,0,16.8
2026-07-29,ecmwf,2,26.4,16.9,0,16.6
2026-07-29,ecmwf,3,25.9,17,0,16
2026-07-29,ecmwf,4,25.6,17.6,0,16.4
2026-07-29,ecmwf,5,25.3,14.3,0,15.5
2026-07-29,ecmwf,6,26.4,16.5,0,11.8
2026-07-29,ecmwf,7,24.2,16.4,0,19.7
2026-07-29,gem,1,24.7,17.5,0,18.4
2026-07-29,gem,2,24.8,16.7,0,18
2026-07-29,gem,3,24.7,16.6,0,19.1
2026-07-29,gem,4,24.8,17.1,0,21.6
2026-07-29,gem,5,24.4,17.8,0,19.4
2026-07-29,gem,6,24.6,16,0,19.8
2026-07-29,gem,7,22.9,17.4,0,25.6
2026-07-29,gfs,1,21.8,18.2,0,25.8
2026-07-29,gfs,2,21.6,17.9,0,26.5
2026-07-29,gfs,3,21.4,17.7,0,25.7
2026-07-29,gfs,4,20.9,16.8,0,24.5
2026-07-29,gfs,5,21.1,18.9,1.3,25.2
2026-07-29,gfs,6,21.5,17.4,0.1,24.7
2026-07-29,gfs,7,21.7,19,0,26.2
2026-07-29,icon,1,27.5,17.5,0,20.2
2026-07-29,icon,2,25.9,17.4,0,15.9
2026-07-29,icon,3,25.9,17.5,0,15.1
2026-07-29,icon,4,25.6,17.3,0,16.8
2026-07-29,icon,5,22.7,17,0,12
2026-07-29,icon,6,23.2,16.9,0,10.9
2026-07-29,ukmo,1,24.1,19,0,25.6
2026-07-29,ukmo,2,20.6,18.5,0,28.8
2026-07-29,ukmo,3,21,18.5,0,27.4
2026-07-29,ukmo,4,20.7,17.9,0,20.2
2026-07-29,ukmo,5,20.6,18.4,0,24.1
2026-07-29,ukmo,6,20.5,17.7,0.2,29.2
2026-07-30,arpege,1,31,19.2,0,
2026-07-30,arpege,2,30.9,19.3,0,
2026-07-30,arpege,3,29.8,19.5,0,
2026-07-30,ecmwf,1,33.1,19.5,2.1,20.9
2026-07-30,ecmwf,2,32.9,18.9,3.9,17.7
2026-07-30,ecmwf,3,31.8,19.5,1.2,16.1
2026-07-30,ecmwf,4,29,19.3,2.7,20.6
2026-07-30,ecmwf,5,29,18.9,0,21.1
2026-07-30,ecmwf,6,30.6,20,0,16.6
2026-07-30,ecmwf,7,28,19.4,0,13.6
2026-07-30,gem,1,27.8,19.4,0.6,24.1
2026-07-30,gem,2,27.4,19.3,0.3,20.9
2026-07-30,gem,3,28,19.7,3.1,31.3
2026-07-30,gem,4,27.4,20,0,22.7
2026-07-30,gem,5,27.8,20.1,1.5,23.8
2026-07-30,gem,6,27.7,19.9,1.6,28.4
2026-07-30,gem,7,26.7,17.3,0,25.9
2026-07-30,gfs,1,23.3,18.9,2,32.8
2026-07-30,gfs,2,22.8,19.2,0.4,35.6
2026-07-30,gfs,3,24.4,19.3,0,34.3
2026-07-30,gfs,4,25.3,19.5,0.3,34.5
2026-07-30,gfs,5,23.9,18.7,0,32.4
2026-07-30,gfs,6,23.3,20.4,0,25.6
2026-07-30,gfs,7,23.5,19,0,28.7
2026-07-30,icon,1,32.2,18.6,0,21.5
2026-07-30,icon,2,28.6,18.9,0.6,19.9
2026-07-30,icon,3,27.9,18.7,0.2,21.6
2026-07-30,icon,4,28,20,0,19.8
2026-07-30,icon,5,27.5,18.3,0,20.1
2026-07-30,icon,6,26.2,18,0,19.9
2026-07-30,ukmo,1,26.9,20.1,1.1,31.7
2026-07-30,ukmo,2,21.5,19.2,5.4,34.2
2026-07-30,ukmo,3,22.3,19.6,0,32
2026-07-30,ukmo,4,23.1,19.4,1.2,32.8
2026-07-30,ukmo,5,23.1,19.5,0,25.2
2026-07-30,ukmo,6,22.2,19.7,0,28.1
2026-07-31,arpege,1,19.9,17.4,0,
2026-07-31,arpege,2,21.8,16.6,1.1,
2026-07-31,arpege,3,21.5,17.4,0,
2026-07-31,ecmwf,1,22.5,16.7,0.9,13.8
2026-07-31,ecmwf,2,21.4,17,1.2,14.4
2026-07-31,ecmwf,3,21.1,16.7,0,17
2026-07-31,ecmwf,4,22.3,16.8,0,20
2026-07-31,ecmwf,5,24.3,15.9,0,16.6
2026-07-31,ecmwf,6,27.8,19.8,0,12.9
2026-07-31,ecmwf,7,23,19.4,0.6,20.2
2026-07-31,gem,1,20.3,16.2,0.4,20.2
2026-07-31,gem,2,18.9,16.3,0.2,29.5
2026-07-31,gem,3,20.8,16.7,0,24.5
2026-07-31,gem,4,21.7,16.8,0,24.5
2026-07-31,gem,5,21.4,17.3,1.7,19.4
2026-07-31,gem,6,23.9,18.7,0.3,25.9
2026-07-31,gem,7,23.5,16.5,0.6,23
2026-07-31,gfs,1,19.2,16.6,1,27.6
2026-07-31,gfs,2,19.1,16.9,0,26.7
2026-07-31,gfs,3,19.8,16.6,0,28.3
2026-07-31,gfs,4,19.6,17.5,0.3,24.3
2026-07-31,gfs,5,21.2,18.1,0.2,28.1
2026-07-31,gfs,6,21.4,18,0,26.7
2026-07-31,gfs,7,21.9,18.5,0,22.6
2026-07-31,icon,1,21.3,17.1,0,19.4
2026-07-31,icon,2,19.7,17.2,0,23.5
2026-07-31,icon,3,19.5,16.6,0,17
2026-07-31,icon,4,22,17,0,19.8
2026-07-31,icon,5,24.2,16.6,0,25.6
2026-07-31,icon,6,24,18.8,0.6,13.8
2026-07-31,ukmo,1,20.4,16.8,0.1,28.1
2026-07-31,ukmo,2,20.2,17.3,0,33.5
2026-07-31,ukmo,3,19.8,17.8,0,26.6
2026-07-31,ukmo,4,19.8,17.5,0,36.4
2026-07-31,ukmo,5,23.1,16.8,0,32.8
2026-07-31,ukmo,6,22.2,16,0,34.6
2026-08-01,arpege,1,19.4,16.5,0,
2026-08-01,arpege,2,21.2,15,8.5,
2026-08-01,arpege,3,19.9,16.4,0,
2026-08-01,ecmwf,1,20.2,15.7,0,16.9
2026-08-01,ecmwf,2,21.1,16.3,1.2,15.1
2026-08-01,ecmwf,3,21.1,15.9,6,10.5
2026-08-01,ecmwf,4,21.7,15.1,1.2,11.9
2026-08-01,ecmwf,5,20.1,15.7,0.3,11
2026-08-01,ecmwf,6,20.1,15.7,0,11
2026-08-01,ecmwf,7,22.7,16.6,2.7,12
2026-08-01,gem,1,18.3,15.6,1.5,24.8
2026-08-01,gem,2,19,15.5,0,18.4
2026-08-01,gem,3,18.5,13.8,0.7,15.5
2026-08-01,gem,4,19,13.5,0,19.4
2026-08-01,gem,5,18.8,14.5,0,23
2026-08-01,gem,6,19.3,15.7,0,17.6
2026-08-01,gem,7,20.7,16.3,0,19.4
2026-08-01,gfs,1,19.4,15.6,0,27.1
2026-08-01,gfs,2,18.8,15.6,0.1,30.2
2026-08-01,gfs,3,18.8,16.6,1.3,24.1
2026-08-01,gfs,4,19.1,16.3,0.9,32.4
2026-08-01,gfs,5,19,14.8,0,30.6
2026-08-01,gfs,6,19.9,16.1,0,29.9
2026-08-01,gfs,7,20.2,18.1,0,26.5
2026-08-01,icon,1,20,16.4,0,24
2026-08-01,icon,2,19.7,15.7,0,19
2026-08-01,icon,3,19.9,15.7,0.6,14.8
2026-08-01,icon,4,19.1,15.1,0,18.7
2026-08-01,icon,5,19.1,14.7,0,19
2026-08-01,icon,6,20.7,17.4,1.9,24.2
2026-08-01,ukmo,1,19.4,16.8,0,33.8
2026-08-01,ukmo,2,18.7,17,0,27.4
2026-08-01,ukmo,3,19.5,17,0,23
2026-08-01,ukmo,4,19,17.7,1.6,26.3
2026-08-01,ukmo,5,20,16.5,0,27
2026-08-01,ukmo,6,20.7,15.7,4.7,28.1
2026-08-02,arpege,1,21.3,16.3,0,
2026-08-02,arpege,2,22.1,16.9,0,
2026-08-02,arpege,3,23.1,16.1,0,
2026-08-02,ecmwf,1,22.8,13.1,0,12.6
2026-08-02,ecmwf,2,22.2,12.9,0,10.2
2026-08-02,ecmwf,3,22.8,13.3,0.3,12.5
2026-08-02,ecmwf,4,22.3,13.1,0,9.7
2026-08-02,ecmwf,5,21.2,12.8,0,11.9
2026-08-02,ecmwf,6,21.4,13.7,0,15.2
2026-08-02,ecmwf,7,21.6,15.9,0,10.2
2026-08-02,gem,1,20.8,14.8,0,17.3
2026-08-02,gem,2,20.4,14.9,0,18.7
2026-08-02,gem,3,20.7,14.7,0,17.3
2026-08-02,gem,4,20.8,13.6,0,23
2026-08-02,gem,5,21.1,14,0,13.3
2026-08-02,gem,6,21.4,13.5,0,8.6
2026-08-02,gem,7,20.2,14.2,0,15.8
2026-08-02,gfs,1,19.9,15.8,0,25.9
2026-08-02,gfs,2,19.7,15.9,0,22.5
2026-08-02,gfs,3,18.9,15.9,0,25.7
2026-08-02,gfs,4,19.3,15.6,0,28
2026-08-02,gfs,5,19.7,16.1,0,21.4
2026-08-02,gfs,6,19.7,15.7,0,28.8
2026-08-02,gfs,7,19,15.8,0.2,34.7
2026-08-02,icon,1,21.2,16.1,0,19.4
2026-08-02,icon,2,21.4,15.8,0,14.9
2026-08-02,icon,3,21.6,15.8,0,12.8
2026-08-02,icon,4,20.5,14.7,0,10.3
2026-08-02,icon,5,20.8,15.8,0,21.1
2026-08-02,icon,6,21.6,15.2,0,11
2026-08-02,ukmo,1,19.5,16.7,0,26.6
2026-08-02,ukmo,2,19.4,16.9,0,28.8
2026-08-02,ukmo,3,19.3,16.9,0,27.4
2026-08-02,ukmo,4,19.8,17,0,24.1
2026-08-02,ukmo,5,18.9,17.4,0,22.7
2026-08-02,ukmo,6,19.9,17.3,0,26.6
2026-08-03,arpege,1,22.3,16.8,0,
2026-08-03,arpege,2,24.4,16.6,0,
2026-08-03,arpege,3,24.2,17.2,0,
2026-08-03,ecmwf,1,23.6,15.6,0,20.3
2026-08-03,ecmwf,2,24,15.9,0,21
2026-08-03,ecmwf,3,24.6,16.8,0,19.2
2026-08-03,ecmwf,4,24.7,16.8,0,20.8
2026-08-03,ecmwf,5,23,15.3,0,24.8
2026-08-03,ecmwf,6,22.4,16.9,12.6,28.3
2026-08-03,ecmwf,7,23.6,17.2,33,15.9
2026-08-03,gem,1,22.1,15.4,0,26.6
2026-08-03,gem,2,22.1,15.2,0,27
2026-08-03,gem,3,23.3,13.9,0,22.7
2026-08-03,gem,4,23.6,13.5,0,23.4
2026-08-03,gem,5,23.8,14.8,0,14
2026-08-03,gem,6,23.4,15.9,1.2,29.2
2026-08-03,gem,7,20.3,14.5,0,18
2026-08-03,gfs,1,20,17.8,0,32.9
2026-08-03,gfs,2,20,18,0,34.4
2026-08-03,gfs,3,20.4,17.4,0,36.2
2026-08-03,gfs,4,19.3,17.1,0,34.4
2026-08-03,gfs,5,19.6,15.6,0,22.4
2026-08-03,gfs,6,20,16.2,0,27.5
2026-08-03,gfs,7,18.9,15.6,0,32.7
2026-08-03,icon,1,24.1,14.6,0,26.7
2026-08-03,icon,2,22.7,16.5,0,24.5
2026-08-03,icon,3,22.8,16.7,0.1,22.5
2026-08-03,icon,4,21.5,17.8,0,24.1
2026-08-03,icon,5,21.6,17.8,0,24.7
2026-08-03,icon,6,26.1,17.3,7.5,20.3
2026-08-03,ukmo,1,20.4,18,0,31.3
2026-08-03,ukmo,2,20.2,17.7,0,28.8
2026-08-03,ukmo,3,20.3,18.2,0,34.6
2026-08-03,ukmo,4,20.5,18,0,35.6
2026-08-03,ukmo,5,20,17.9,0,24.8
2026-08-03,ukmo,6,20.3,17.9,0,29.9
2026-08-04,arpege,1,24.8,18.8,1.4,
2026-08-04,arpege,2,29.2,19.3,0,
2026-08-04,arpege,3,28.3,19,1.2,
2026-08-04,ecmwf,1,28.2,18.2,7.5,19.4
2026-08-04,ecmwf,2,26.7,18.2,0,18.9
2026-08-04,ecmwf,3,27.3,18.1,5.7,18.3
2026-08-04,ecmwf,4,29.9,18.9,7.2,20.2
2026-08-04,ecmwf,5,31.7,18.9,2.1,21.5
2026-08-04,ecmwf,6,24.3,18.1,3.3,18.3
2026-08-04,ecmwf,7,26.4,19.2,4.5,23.6
2026-08-04,gem,1,24.5,18.4,1.1,27
2026-08-04,gem,2,25.9,18,4,28.8
2026-08-04,gem,3,26.4,16.4,0,22
2026-08-04,gem,4,24.6,18.2,6.6,27.4
2026-08-04,gem,5,22.3,16.1,17.1,21.6
2026-08-04,gem,6,23.2,14.1,0,23
2026-08-04,gem,7,22.3,14.8,0.8,25.6
2026-08-04,gfs,1,19.8,18.7,8.2,33.3
2026-08-04,gfs,2,20.9,18.9,8.9,46
2026-08-04,gfs,3,21.4,18.9,1.5,33.8
2026-08-04,gfs,4,22.6,18.6,1.4,29.3
2026-08-04,gfs,5,19.5,17,17.4,39.5
2026-08-04,gfs,6,18.3,15.4,2.8,34.9
2026-08-04,gfs,7,19,17.3,4.3,39.8
2026-08-04,icon,1,25.9,17.4,0,25.9
2026-08-04,icon,2,24.2,18.1,9.8,27.3
2026-08-04,icon,3,26.3,18.7,2.3,24.5
2026-08-04,icon,4,23.6,18.3,8.7,22.7
2026-08-04,icon,5,24.4,18.8,6.8,19.1
2026-08-04,icon,6,27,17.5,2.1,20.5
2026-08-04,ukmo,1,23.7,18.7,4.2,28.4
2026-08-04,ukmo,2,20.1,18.8,2.7,41
2026-08-04,ukmo,3,20.3,18.8,7.6,38.2
2026-08-04,ukmo,4,21.8,19.3,2.6,34.6
2026-08-04,ukmo,5,19.9,18.7,1.4,31
2026-08-04,ukmo,6,18.8,16.5,29.8,38.2
2026-08-05,arpege,1,23.8,19.4,1.4,
2026-08-05,arpege,2,25.3,19.3,15.5,
2026-08-05,arpege,3,27.2,20.2,2.6,
2026-08-05,ecmwf,1,27,19.4,9.9,21.5
2026-08-05,ecmwf,2,28.2,20,6,20.8
2026-08-05,ecmwf,3,27.3,20.6,0.9,19.8
2026-08-05,ecmwf,4,28.2,19.7,1.8,25.5
2026-08-05,ecmwf,5,27.5,19.4,0.6,21.9
2026-08-05,ecmwf,6,30.8,17.7,1.8,20.1
2026-08-05,ecmwf,7,24.5,16.7,3.3,24.7
2026-08-05,gem,1,24.6,18.6,8.4,27.4
2026-08-05,gem,2,24.5,18.5,1,26.3
2026-08-05,gem,3,24.6,19.6,3.3,27.4
2026-08-05,gem,4,24.4,18.7,0.8,25.2
2026-08-05,gem,5,25.3,16.6,0,27.7
2026-08-05,gem,6,23.2,17.9,3.8,19.8
2026-08-05,gem,7,20.3,12.9,0,27.4
2026-08-05,gfs,1,21.9,19.3,2.3,29.7
2026-08-05,gfs,2,22.3,19.8,5.6,25.3
2026-08-05,gfs,3,22.7,19.4,1.2,27
2026-08-05,gfs,4,23.3,19.5,0.6,20.2
2026-08-05,gfs,5,21.7,18.8,0.2,29.7
2026-08-05,gfs,6,20,16.5,0,15.6
2026-08-05,gfs,7,18,15.6,1.1,44.9
2026-08-05,icon,1,25.7,18.5,0,21.3
2026-08-05,icon,2,26.1,19.6,1,25.7
2026-08-05,icon,3,26.3,20.4,3.4,22.1
2026-08-05,icon,4,26.3,19.1,3.5,20.4
2026-08-05,icon,5,26.3,20.6,6.6,23
2026-08-05,icon,6,24.6,18.1,0.7,14.1
2026-08-05,ukmo,1,22,19.1,1.7,26.6
2026-08-05,ukmo,2,21.6,19.7,0.3,24.8
2026-08-05,ukmo,3,21.3,19.7,0.9,22.7
2026-08-05,ukmo,4,21.2,18.8,0.7,19.4
2026-08-05,ukmo,5,21.4,18.6,0.3,25.6
2026-08-05,ukmo,6,21.1,17,0.2,32.8
2026-08-06,arpege,1,20.7,18,0,
2026-08-06,arpege,2,22.1,17.6,0,
2026-08-06,arpege,3,22.8,18,0,
2026-08-06,ecmwf,1,22.2,16.4,0.6,28.5
2026-08-06,ecmwf,2,23,16.2,0,29.8
2026-08-06,ecmwf,3,24.2,15.9,0,29.4
2026-08-06,ecmwf,4,24.2,17.1,0,23.1
2026-08-06,ecmwf,5,25.1,17.9,0.3,24.6
2026-08-06,ecmwf,6,23.5,15.5,0,24.8
2026-08-06,ecmwf,7,24.8,15.4,0.3,24.8
2026-08-06,gem,1,21.2,17,0.4,40.7
2026-08-06,gem,2,21.6,16.9,0.1,39.2
2026-08-06,gem,3,22.4,16.7,0,36.7
2026-08-06,gem,4,23.4,17.8,0.2,38.9
2026-08-06,gem,5,21.1,16.6,0,39.2
2026-08-06,gem,6,23.3,17.4,0,40.7
2026-08-06,gem,7,22.7,14.6,1.8,42.1
2026-08-06,gfs,1,20,17.1,0,46
2026-08-06,gfs,2,20.1,17.3,0.2,48.3
2026-08-06,gfs,3,20.4,17.2,0.3,42.8
2026-08-06,gfs,4,20.7,17.8,0,42.2
2026-08-06,gfs,5,21.6,17.7,0,37.2
2026-08-06,gfs,6,22.9,17.6,0,43.8
2026-08-06,gfs,7,19.9,15.1,0,33.2
2026-08-06,icon,1,21.6,17.9,0.2,38.9
2026-08-06,icon,2,21.7,16.9,0.1,36
2026-08-06,icon,3,22.3,17.4,0,34.5
2026-08-06,icon,4,22.7,16.8,0,33.1
2026-08-06,icon,5,22.3,16.9,0,35
2026-08-06,icon,6,25.4,17.5,0,28.5
2026-08-06,ukmo,1,20.6,17.7,0.4,45
2026-08-06,ukmo,2,20.2,17.7,0.1,46.4
2026-08-06,ukmo,3,20.4,18.1,0.2,42.5
2026-08-06,ukmo,4,20.3,18.6,1.2,42.8
2026-08-06,ukmo,5,20.2,17.4,4.5,42.5
2026-08-06,ukmo,6,21,19.4,0,21.6
2026-08-07,arpege,1,19.2,16.6,0,
2026-08-07,arpege,2,20.4,16.6,0,
2026-08-07,arpege,3,20.4,16.3,0,
2026-08-07,ecmwf,1,19.3,14.4,0.3,22.9
2026-08-07,ecmwf,2,19.5,14.3,0,20.8
2026-08-07,ecmwf,3,19,13.5,0,19.4
2026-08-07,ecmwf,4,19.8,14.2,0,22
2026-08-07,ecmwf,5,20.7,14.8,0.6,24.1
2026-08-07,ecmwf,6,20.3,15.5,0,27.4
2026-08-07,ecmwf,7,24,15.7,0.3,20.8
2026-08-07,gem,1,18.7,15.4,0.3,35.3
2026-08-07,gem,2,19,15.6,0.1,35.6
2026-08-07,gem,3,18.8,15.9,0.8,35.6
2026-08-07,gem,4,18.6,15.3,0.8,36.4
2026-08-07,gem,5,18.2,15.2,0.2,36.7
2026-08-07,gem,6,19.5,14.6,0.2,34.2
2026-08-07,gem,7,20.6,17.3,0.8,26.3
2026-08-07,gfs,1,18.4,15.6,0,40.6
2026-08-07,gfs,2,17.8,16.5,0.9,46.5
2026-08-07,gfs,3,18.3,16.2,0.7,41.4
2026-08-07,gfs,4,18.4,16.3,0,35.9
2026-08-07,gfs,5,19,16.3,0.2,37.4
2026-08-07,gfs,6,18.5,16.5,0.8,42.3
2026-08-07,gfs,7,18.6,15.3,0,47.7
2026-08-07,icon,1,19.5,16,0,31.2
2026-08-07,icon,2,19.8,16.1,0.2,28.5
2026-08-07,icon,3,19.6,15.6,0,28.8
2026-08-07,icon,4,19,15.5,0,31.3
2026-08-07,icon,5,19.1,15.5,0,26.3
2026-08-07,icon,6,21.9,15.8,0,25.1
2026-08-07,ukmo,1,18.2,16.2,0,38.9
2026-08-07,ukmo,2,19.1,16.6,0,45.7
2026-08-07,ukmo,3,18.4,16.5,1.3,43.6
2026-08-07,ukmo,4,18.3,16.7,0.3,43.2
2026-08-07,ukmo,5,18.4,16.5,0,41
2026-08-07,ukmo,6,20.1,16.4,0,33.5
2026-08-08,arpege,1,21,16.1,0,24
2026-08-08,arpege,2,21.6,16.6,0,
2026-08-08,arpege,3,22,15.7,0,
2026-08-08,ecmwf,1,21.5,12.5,0,13.3
2026-08-08,ecmwf,2,21.8,12.8,0,12.6
2026-08-08,ecmwf,3,22.4,11.6,0,13.1
2026-08-08,ecmwf,4,19.6,12.2,0,16.9
2026-08-08,ecmwf,5,19.6,11.2,0,13.7
2026-08-08,ecmwf,6,21.5,13,0.3,12
2026-08-08,ecmwf,7,20,14,0.6,22.4
2026-08-08,gem,1,20.2,15.5,0,20.9
2026-08-08,gem,2,20.5,15.3,0,18
2026-08-08,gem,3,21,13.7,0,19.8
2026-08-08,gem,4,19.9,13.6,0,22.7
2026-08-08,gem,5,19.5,14.4,0.1,21.6
2026-08-08,gem,6,20.3,15.3,0,22.7
2026-08-08,gem,7,21.7,15.9,0,31.3
2026-08-08,gfs,1,19.1,16.1,0,28.6
2026-08-08,gfs,2,19.6,15.5,0,27
2026-08-08,gfs,3,19.3,15.9,0,26.1
2026-08-08,gfs,4,19.4,15.8,0,26.9
2026-08-08,gfs,5,20.4,15.4,0,24.9
2026-08-08,gfs,6,21.5,15.5,0,32.3
2026-08-08,gfs,7,19.3,15.6,0.3,42.5
2026-08-08,icon,1,21.6,16.2,0,19.6
2026-08-08,icon,2,22,15.7,0,15.3
2026-08-08,icon,3,21.3,14.8,0,13
2026-08-08,icon,4,21.6,15.6,0,18.8
2026-08-08,icon,5,21.3,14.9,0,24.2
2026-08-08,icon,6,20.4,13.8,0.9,16.8
2026-08-08,ukmo,1,19.9,17.2,0,21.2
2026-08-08,ukmo,2,19.5,17.2,0,24.5
2026-08-08,ukmo,3,20.1,17.2,0,29.9
2026-08-08,ukmo,4,19.6,16.4,0,30.6
2026-08-08,ukmo,5,19.7,16.5,0,32.8
2026-08-08,ukmo,6,18.2,16.7,1.2,29.9
2026-08-09,arpege,1,26.3,16.1,0,23.7
2026-08-09,arpege,2,25.4,17.4,0,18.8
2026-08-09,arpege,3,28.3,18.3,0,
2026-08-09,ecmwf,1,27.5,15.7,0,16.9
2026-08-09,ecmwf,2,28.1,16.5,0,17.8
2026-08-09,ecmwf,3,27.8,17.2,0,17.6
2026-08-09,ecmwf,4,26.6,16.9,0,21.4
2026-08-09,ecmwf,5,27,15.3,0.3,19.4
2026-08-09,ecmwf,6,26.4,18.2,0,18.2
2026-08-09,ecmwf,7,26.5,13.7,0.6,13.2
2026-08-09,gem,1,24.4,16.5,0,22
2026-08-09,gem,2,24.5,16.6,0,25.2
2026-08-09,gem,3,25.1,16,0,25.6
2026-08-09,gem,4,24.3,15.4,0,25.6
2026-08-09,gem,5,25.1,14.8,0,26.3
2026-08-09,gem,6,25.4,16.6,0,29.5
2026-08-09,gem,7,22.6,14.4,0,29.5
2026-08-09,gfs,1,21.7,18.1,0,27.7
2026-08-09,gfs,2,22.6,18.3,0,26.4
2026-08-09,gfs,3,21.5,17.6,0,25.5
2026-08-09,gfs,4,22.5,17.7,0,28.2
2026-08-09,gfs,5,23.1,17.2,0,24.5
2026-08-09,gfs,6,22.3,17.6,0,36.3
2026-08-09,gfs,7,18.4,15.8,2.3,37
2026-08-09,icon,1,26.4,15.5,0,23.4
2026-08-09,icon,2,25.5,17.3,0,21.7
2026-08-09,icon,3,25.6,17.7,0,22.5
2026-08-09,icon,4,23.3,18.2,0,22
2026-08-09,icon,5,26.4,18,0,18.4
2026-08-09,icon,6,24.4,15.8,0.3,23.2
2026-08-09,ukmo,1,23.8,17.3,0,23
2026-08-09,ukmo,2,20.5,18.1,0,26.6
2026-08-09,ukmo,3,21.2,18.3,0,28.1
2026-08-09,ukmo,4,20.8,17.4,0,33.8
2026-08-09,ukmo,5,20.7,17.4,0,35.3
2026-08-09,ukmo,6,20,17.2,1.1,35.3
2026-08-10,arpege,1,19.2,16.3,2.2,41.6
2026-08-10,arpege,2,19.6,16.3,5.2,39.1
2026-08-10,arpege,3,21.9,16.1,0.7,36.7
2026-08-10,ecmwf,1,21,14.9,6.3,24.7
2026-08-10,ecmwf,2,20.9,15,6,24.2
2026-08-10,ecmwf,3,19.8,15.1,5.4,25.9
2026-08-10,ecmwf,4,21.4,16,3.9,22.1
2026-08-10,ecmwf,5,28.8,16.6,0,33.9
2026-08-10,ecmwf,6,23.8,16.9,1.8,23
2026-08-10,ecmwf,7,25.7,17.3,1.2,22.7
2026-08-10,gem,1,18.9,15.7,4.2,36.4
2026-08-10,gem,2,19.4,16,4.2,37.4
2026-08-10,gem,3,20.3,15.9,3.7,26.6
2026-08-10,gem,4,19.5,15.2,10.9,31.7
2026-08-10,gem,5,23.8,16.3,1.2,46.8
2026-08-10,gem,6,22.4,16.6,0.8,43.2
2026-08-10,gem,7,20,14.7,0.1,27
2026-08-10,gfs,1,20.2,16.3,4.6,43.6
2026-08-10,gfs,2,20,16.5,4.8,44.5
2026-08-10,gfs,3,20.3,16.6,0.2,44.7
2026-08-10,gfs,4,21.1,17.5,0,35.8
2026-08-10,gfs,5,21.8,19.1,0,26.6
2026-08-10,gfs,6,21.2,16.6,0,38.3
2026-08-10,gfs,7,18.8,16.3,0,35.8
2026-08-10,icon,1,20.2,16.4,4.3,38.4
2026-08-10,icon,2,20.1,16.2,8.2,30.7
2026-08-10,icon,3,20.4,16.1,5.4,27.2
2026-08-10,icon,4,20.7,17.2,4.8,30.2
2026-08-10,icon,5,21.4,16.9,0.7,26.4
2026-08-10,icon,6,22.5,16.3,0.2,35.9
2026-08-10,ukmo,1,20.4,16.7,2.7,41.4
2026-08-10,ukmo,2,20.2,17.2,7.9,40
2026-08-10,ukmo,3,20.6,17.1,5.2,45
2026-08-10,ukmo,4,21.1,17.3,3.2,40.7
2026-08-10,ukmo,5,21.2,17.1,8.2,34.9
2026-08-10,ukmo,6,21.4,17.6,1.5,33.1
2026-08-11,arpege,1,18.3,15.6,0,46.1
2026-08-11,arpege,2,19.4,15.6,0,38.2
2026-08-11,arpege,3,19.2,15.1,0,38
2026-08-11,ecmwf,1,18.2,13.1,0,23.8
2026-08-11,ecmwf,2,18.3,13.2,0,24.5
2026-08-11,ecmwf,3,18.8,13.1,0,24.9
2026-08-11,ecmwf,4,19.2,13.5,0.3,23.5
2026-08-11,ecmwf,5,18.6,14.5,0,19.1
2026-08-11,ecmwf,6,21.5,14.2,0,25.2
2026-08-11,ecmwf,7,22,14.4,0,16.3
2026-08-11,gem,1,18.7,14.6,0.1,37.1
2026-08-11,gem,2,18.4,15,0,36.4
2026-08-11,gem,3,19.1,14.6,0,34.2
2026-08-11,gem,4,19.3,14.3,0,30.2
2026-08-11,gem,5,18.9,13.8,0,45
2026-08-11,gem,6,18.3,14.1,0,52.9
2026-08-11,gem,7,17.3,13,4.6,25.9
2026-08-11,gfs,1,17.9,15.3,0.6,44.2
2026-08-11,gfs,2,18.1,15.5,0.6,44.9
2026-08-11,gfs,3,18.1,15.6,0.2,44.1
2026-08-11,gfs,4,18.8,14.9,0,37.5
2026-08-11,gfs,5,19.5,15.4,0,32.3
2026-08-11,gfs,6,20.7,15.8,0,39.1
2026-08-11,gfs,7,18.9,15.9,0,41.5
2026-08-11,icon,1,18.3,14.9,0,34.8
2026-08-11,icon,2,18.5,14.7,0,29.7
2026-08-11,icon,3,18.6,14.6,0,28.8
2026-08-11,icon,4,18.6,15.1,0,26.5
2026-08-11,icon,5,20,15.8,0,24.2
2026-08-11,icon,6,20,15.4,0,24.9
2026-08-11,ukmo,1,17.6,15.7,0.1,40.7
2026-08-11,ukmo,2,18.1,15.6,0,44.6
2026-08-11,ukmo,3,17.8,15.8,0,45.4
2026-08-11,ukmo,4,17.6,15.1,0,42.8
2026-08-11,ukmo,5,18.6,16.5,0,49.7
2026-08-11,ukmo,6,19.2,17.2,0,38.9
2026-08-12,arpege,1,18.3,13.9,0,23.2
2026-08-12,arpege,2,19,14.8,0,21.8
2026-08-12,arpege,3,19.8,14.7,0,20.4
2026-08-12,ecmwf,1,18.9,12.8,0,13.4
2026-08-12,ecmwf,2,18.8,12.8,0,13.4
2026-08-12,ecmwf,3,19.1,13.5,0,14.8
2026-08-12,ecmwf,4,18.6,12.7,0,12.6
2026-08-12,ecmwf,5,19,13.9,0.3,13.1
2026-08-12,ecmwf,6,19.7,14.4,0,11.1
2026-08-12,ecmwf,7,20.7,14.4,0,10.3
2026-08-12,gem,1,18.5,13.3,0,18.7
2026-08-12,gem,2,18.5,13.2,0,18.7
2026-08-12,gem,3,19.9,12.1,0,18
2026-08-12,gem,4,19.3,12.1,0,19.8
2026-08-12,gem,5,20,12.5,0,17.6
2026-08-12,gem,6,20.4,13,0,30.2
2026-08-12,gem,7,20.5,13,0,25.6
2026-08-12,gfs,1,18.3,15.2,0,24.5
2026-08-12,gfs,2,18.6,14.8,0,25.5
2026-08-12,gfs,3,18.5,14.7,0,24.2
2026-08-12,gfs,4,18.7,15.1,0,26.9
2026-08-12,gfs,5,18.6,15.2,0,31.1
2026-08-12,gfs,6,19.7,15.2,0,19.8
2026-08-12,gfs,7,19.4,14.8,0,34.4
2026-08-12,icon,1,18.6,13.4,0,19.6
2026-08-12,icon,2,18,14.3,0,14.5
2026-08-12,icon,3,18.9,14.3,0,12.8
2026-08-12,icon,4,18.6,15.1,0,10.1
2026-08-12,icon,5,19.4,15.6,0,11.3
2026-08-12,icon,6,21.5,15.9,0,16.5
2026-08-12,ukmo,1,17.8,15.5,0,24.5
2026-08-12,ukmo,2,16.4,13.9,0,25.6
2026-08-12,ukmo,3,16.4,13.5,0,21.2
2026-08-12,ukmo,4,17.4,13.5,0,27
2026-08-12,ukmo,5,17,14.7,0,29.5
2026-08-12,ukmo,6,18.5,14.6,0,31
2026-08-13,arpege,1,25,12.4,0,20.3
2026-08-13,arpege,2,24.1,15,0,19.1
2026-08-13,arpege,3,24.3,15.2,0,18.4
2026-08-13,ecmwf,1,24.3,14.8,0,13.1
2026-08-13,ecmwf,2,23.7,14.7,0,12.6
2026-08-13,ecmwf,3,23,14.5,0,14.1
2026-08-13,ecmwf,4,23.2,14,0,12.7
2026-08-13,ecmwf,5,22.3,13.3,0,15.7
2026-08-13,ecmwf,6,22.9,14.8,0,12.6
2026-08-13,ecmwf,7,25.1,16.4,0,16.8
2026-08-13,gem,1,22,15,0,15.5
2026-08-13,gem,2,21.8,14.9,0,16.9
2026-08-13,gem,3,23.1,14.8,0,16.9
2026-08-13,gem,4,23.3,14.3,0,19.8
2026-08-13,gem,5,22.7,15.2,0,18.4
2026-08-13,gem,6,22.6,14.2,0,19.8
2026-08-13,gem,7,24.3,14.1,0,19.8
2026-08-13,gfs,1,19.6,17.4,0,23.7
2026-08-13,gfs,2,20.2,17.8,0,23.6
2026-08-13,gfs,3,20.3,18.1,0,23.1
2026-08-13,gfs,4,20,17.8,0,21.3
2026-08-13,gfs,5,20.3,18.4,0,22.2
2026-08-13,gfs,6,20.7,18.1,0,25.8
2026-08-13,gfs,7,20.9,18.2,0,32.4
2026-08-13,icon,1,24.7,13,0,15.5
2026-08-13,icon,2,22.4,15,0,15.8
2026-08-13,icon,3,23.1,15.3,0,15.8
2026-08-13,icon,4,23.1,15.7,0,16.9
2026-08-13,icon,5,23.2,16.5,0,19.4
2026-08-13,icon,6,23,17,0,19.2
2026-08-13,ukmo,1,20.2,16.2,0,22
2026-08-13,ukmo,2,19.9,16.7,0,24.1
2026-08-13,ukmo,3,19.8,16,0,22.3
2026-08-13,ukmo,4,19.8,17.2,0,28.8
2026-08-13,ukmo,5,20.5,16.6,0,26.6
2026-08-13,ukmo,6,20.3,17.7,0,27.4
2026-08-14,arpege,1,29.6,17,0,25.4
2026-08-14,arpege,2,28.7,17.8,0,23.2
2026-08-14,arpege,3,27.4,18.3,0,22.2
2026-08-14,ecmwf,1,28.5,17.4,0,15.5
2026-08-14,ecmwf,2,29.1,17.6,0,16.8
2026-08-14,ecmwf,3,29.5,17.6,0,17.7
2026-08-14,ecmwf,4,29,17.3,0,18.1
2026-08-14,ecmwf,5,28.1,16.9,0,18.6
2026-08-14,ecmwf,6,25.7,17.2,0,14.3
2026-08-14,ecmwf,7,27.4,17.5,0,12.5
2026-08-14,gem,1,25.3,17.4,0,21.6
2026-08-14,gem,2,25,16.8,0,25.2
2026-08-14,gem,3,25.5,17.3,0,26.3
2026-08-14,gem,4,26.5,18.6,0,24.5
2026-08-14,gem,5,27.6,18.2,0,23
2026-08-14,gem,6,26.1,17.2,0,22.3
2026-08-14,gem,7,27,17.5,0,22.7
2026-08-14,gfs,1,22.4,18.8,0,23.6
2026-08-14,gfs,2,22,19.1,0,23.7
2026-08-14,gfs,3,22.3,19.1,0,28.8
2026-08-14,gfs,4,23.5,18.6,0,28.2
2026-08-14,gfs,5,21.4,18.5,0,26.1
2026-08-14,gfs,6,21.6,19,0,27.3
2026-08-14,gfs,7,21.5,20.2,0,24.8
2026-08-14,icon,1,28.1,16,0,21.8
2026-08-14,icon,2,26.2,17.5,0,20.2
2026-08-14,icon,3,26.8,18.4,0,21.7
2026-08-14,icon,4,27,18.5,0,22.1
2026-08-14,icon,5,29.2,18.6,0,22.5
2026-08-14,icon,6,28.2,18.5,0,20.5
2026-08-14,ukmo,1,24.5,19.1,0,23
2026-08-14,ukmo,2,21.4,19.2,0,27.4
2026-08-14,ukmo,3,21.9,19.3,0,27.7
2026-08-14,ukmo,4,22.1,19.1,0,27.4
2026-08-14,ukmo,5,22.1,18.9,0,30.2
2026-08-14,ukmo,6,20.7,19.1,2.9,27.7
2026-08-15,arpege,1,20.9,19,0,30.6
2026-08-15,arpege,2,23.6,18.8,0,24.4
2026-08-15,arpege,3,23.2,18.8,0,28
2026-08-15,ecmwf,1,25.7,17.7,0,20.9
2026-08-15,ecmwf,2,24.9,18.1,0,20.7
2026-08-15,ecmwf,3,25.7,18.8,0,19.5
2026-08-15,ecmwf,4,29.7,19.5,0.9,18.5
2026-08-15,ecmwf,5,26.9,20.1,0.3,19.1
2026-08-15,ecmwf,6,26.8,19.5,0,17.3
2026-08-15,ecmwf,7,28.5,19.1,0,16.2
2026-08-15,gem,1,23.1,17.8,0,26.3
2026-08-15,gem,2,23.2,18.8,0.2,25.6
2026-08-15,gem,3,24.7,19.4,0.1,21.2
2026-08-15,gem,4,25.2,20,0,24.8
2026-08-15,gem,5,24,16.7,3.5,31
2026-08-15,gem,6,25.5,20.4,0,25.6
2026-08-15,gem,7,25.8,17.5,0.9,23
2026-08-15,gfs,1,21.6,18.5,0,34.7
2026-08-15,gfs,2,21.8,18.5,0,33.6
2026-08-15,gfs,3,21.5,18.6,0.1,30.4
2026-08-15,gfs,4,21.8,18.3,0,32.2
2026-08-15,gfs,5,21.4,18.3,0,28.9
2026-08-15,gfs,6,23.1,18.7,0,34.2
2026-08-15,gfs,7,22.4,16.8,0,44.3
2026-08-15,icon,1,22.7,17.7,0.2,28.3
2026-08-15,icon,2,23.4,18.2,0.4,26.7
2026-08-15,icon,3,22.7,18.3,0,24.3
2026-08-15,icon,4,22.4,18.2,0,25.3
2026-08-15,icon,5,23.6,17.7,0,25.7
2026-08-15,icon,6,21.5,17.5,0.9,30.1
2026-08-15,ukmo,1,21.7,18.4,0,32
2026-08-15,ukmo,2,20.6,18,0.1,35.6
2026-08-15,ukmo,3,21.8,17.6,0,31
2026-08-15,ukmo,4,21.6,18.1,0.6,33.8
2026-08-15,ukmo,5,22.1,18,0.9,31
2026-08-15,ukmo,6,20.6,17.9,0.8,30.2
2026-08-16,arpege,1,19.8,17.2,0,32.7
2026-08-16,arpege,2,21.5,17,0,31.3
2026-08-16,arpege,3,21.1,16.9,0,33.5
2026-08-16,ecmwf,1,21.5,15.4,0.6,17.9
2026-08-16,ecmwf,2,22.1,14.7,0,23.2
2026-08-16,ecmwf,3,21.6,15.4,0,24.2
2026-08-16,ecmwf,4,22.1,16,4.8,22.8
2026-08-16,ecmwf,5,21.1,16.6,2.1,17.1
2026-08-16,ecmwf,6,20.7,16.9,0.6,16.1
2026-08-16,ecmwf,7,22,17.3,2.7,15.1
2026-08-16,gem,1,19.8,15.6,0,25.6
2026-08-16,gem,2,19.6,15.3,0,28.8
2026-08-16,gem,3,20.5,14.5,0,33.5
2026-08-16,gem,4,20.2,15.1,6.9,26.6
2026-08-16,gem,5,19.3,16,0,21.6
2026-08-16,gem,6,19.8,15.3,0,27
2026-08-16,gem,7,20.4,16.3,0,24.1
2026-08-16,gfs,1,19.4,16.4,0,35.6
2026-08-16,gfs,2,19.1,16.2,0,38
2026-08-16,gfs,3,18.6,16.1,0,36.2
2026-08-16,gfs,4,19,15.9,2.2,34.8
2026-08-16,gfs,5,18.9,16.3,0,38.7
2026-08-16,gfs,6,19.4,16.8,0.2,35.8
2026-08-16,gfs,7,19.7,16.5,0,45.1
2026-08-16,icon,1,20.6,16.2,0,25.2
2026-08-16,icon,2,20.7,15.9,0,27.8
2026-08-16,icon,3,20.5,15.8,0,27.1
2026-08-16,icon,4,20.1,16.5,0,20.5
2026-08-16,icon,5,19.9,16.6,0,23.1
2026-08-16,icon,6,20.1,16.6,0,21.3
2026-08-16,ukmo,1,18.9,17.1,0,28.8
2026-08-16,ukmo,2,19.3,16.5,0,36.4
2026-08-16,ukmo,3,19.1,16.5,0,34.6
2026-08-16,ukmo,4,19,16.6,0,35.3
2026-08-16,ukmo,5,19.4,17.1,0,30.6
2026-08-16,ukmo,6,20,17.6,0,28.4
2026-08-17,arpege,1,19.1,16.7,2.3,39.8
2026-08-17,arpege,2,20.2,15.5,1,36.3
2026-08-17,arpege,3,20.3,16,0,39.9
2026-08-17,ecmwf,1,19.4,14.2,0,20
2026-08-17,ecmwf,2,18.8,14.8,3.9,23.2
2026-08-17,ecmwf,3,20.7,15.2,0.3,26
2026-08-17,ecmwf,4,20.9,15,0.3,25.1
2026-08-17,ecmwf,5,21.1,13.3,0,23.2
2026-08-17,ecmwf,6,21.9,15.3,0,12.4
2026-08-17,ecmwf,7,19.8,16.5,0,9.2
2026-08-17,gem,1,18.7,14.8,3.8,31
2026-08-17,gem,2,18.6,15.4,0.4,35.6
2026-08-17,gem,3,19.3,15.4,0,37.1
2026-08-17,gem,4,19.1,15.3,0,32.8
2026-08-17,gem,5,19.5,14.7,0,40.7
2026-08-17,gem,6,19.1,15.3,0,31
2026-08-17,gem,7,22.5,13.7,0,20.5
2026-08-17,gfs,1,18.4,16.4,4.1,39.9
2026-08-17,gfs,2,18.1,15.6,2.3,43.2
2026-08-17,gfs,3,18.1,15.5,0.6,44.2
2026-08-17,gfs,4,17,14.9,0.7,41.7
2026-08-17,gfs,5,17.6,15.6,0.8,41.5
2026-08-17,gfs,6,18.2,15.9,1.3,27.9
2026-08-17,gfs,7,18.2,15,0,50.8
2026-08-17,icon,1,18.5,16,0.6,32
2026-08-17,icon,2,19,15.8,5,30.8
2026-08-17,icon,3,17.9,15.8,2.1,28.2
2026-08-17,icon,4,19.2,15.2,0.4,26.1
2026-08-17,icon,5,20.6,15.3,0,25.9
2026-08-17,icon,6,19.5,16.6,0,22.8
2026-08-17,ukmo,1,18.3,16,4,38.9
2026-08-17,ukmo,2,18.2,15.4,1.2,44.3
2026-08-17,ukmo,3,18.7,16.3,0,37.8
2026-08-17,ukmo,4,17.7,15.5,0,40.7
2026-08-17,ukmo,5,19.7,15.7,7.5,37.4
2026-08-17,ukmo,6,18.8,16.2,6.9,36.7
2026-08-18,arpege,1,18.5,15,0.6,39.9
2026-08-18,arpege,2,19.9,15.4,0.2,34.3
2026-08-18,arpege,3,19.8,16,0,34
2026-08-18,ecmwf,1,18.2,13.1,0.3,18.2
2026-08-18,ecmwf,2,19.7,13.9,4.5,20.6
2026-08-18,ecmwf,3,18.8,13.9,0,19.6
2026-08-18,ecmwf,4,18,13.6,4.2,20.8
2026-08-18,ecmwf,5,20.4,13.2,2.7,17.9
2026-08-18,ecmwf,6,17,11.9,9.9,18.5
2026-08-18,ecmwf,7,22,15.2,0,16.4
2026-08-18,gem,1,17.5,14.7,6.1,30.6
2026-08-18,gem,2,17.3,14.4,2.7,34.2
2026-08-18,gem,3,18.6,13.4,1.8,29.9
2026-08-18,gem,4,17.5,13.4,5.9,22.3
2026-08-18,gem,5,18.7,14.1,2.1,40
2026-08-18,gem,6,16.4,14,0.9,26.3
2026-08-18,gem,7,19.4,13.3,0,19.1
2026-08-18,gfs,1,17.1,15.2,1,37.7
2026-08-18,gfs,2,18.5,14.9,0.2,41.9
2026-08-18,gfs,3,18.1,15.4,1.2,39.1
2026-08-18,gfs,4,18.5,14.8,1.8,38.5
2026-08-18,gfs,5,18.6,15.3,0,36.5
2026-08-18,gfs,6,18.1,14.7,0.7,33.7
2026-08-18,gfs,7,19.3,14.8,0.3,32.7
2026-08-18,icon,1,18.4,14.8,1.9,32.6
2026-08-18,icon,2,18.8,15.5,0.1,28.2
2026-08-18,icon,3,18.4,15,0.5,28.2
2026-08-18,icon,4,20.2,14.8,6.6,26.4
2026-08-18,icon,5,19.2,14.7,7,32.9
2026-08-18,icon,6,22,14.3,3.3,35.6
2026-08-18,ukmo,1,17.2,15.4,2.5,34.2
2026-08-18,ukmo,2,17.7,14.5,0.9,35.6
2026-08-18,ukmo,3,17.3,14.7,2.4,33.8
2026-08-18,ukmo,4,18.1,15.7,6,38.2
2026-08-18,ukmo,5,18,15.8,3.8,41.8
2026-08-18,ukmo,6,18.8,16,8.3,36.7
2026-08-19,arpege,1,18.6,15.1,10.7,33.6
2026-08-19,arpege,2,20,15.6,2.3,37.9
2026-08-19,arpege,3,19.8,16.2,2.1,33.8
2026-08-19,ecmwf,1,17.8,14.9,3.3,21.5
2026-08-19,ecmwf,2,18.8,14.7,1.8,20.8
2026-08-19,ecmwf,3,20.2,14.6,7.8,22.5
2026-08-19,ecmwf,4,20.9,14.6,7.2,21.9
2026-08-19,ecmwf,5,20,15.8,3.9,29.6
2026-08-19,ecmwf,6,21.2,15.9,1.5,25.3
2026-08-19,ecmwf,7,17.9,15.8,4.5,18.3
2026-08-19,gem,1,18.4,15.2,8.3,30.6
2026-08-19,gem,2,18.2,14.9,5.6,37.8
2026-08-19,gem,3,19.7,16,2.3,34.9
2026-08-19,gem,4,19.6,16.5,1.4,25.6
2026-08-19,gem,5,19.6,16.2,2,39.2
2026-08-19,gem,6,19.6,15.5,12.8,37.8
2026-08-19,gem,7,19.1,15.4,2.4,33.5
2026-08-19,gfs,1,18.1,15.4,7.4,41.3
2026-08-19,gfs,2,19.2,15.2,2.3,44.6
2026-08-19,gfs,3,19.7,14.8,6.3,37.1
2026-08-19,gfs,4,20,15.3,4.3,41.6
2026-08-19,gfs,5,17.8,15.2,6.2,42.2
2026-08-19,gfs,6,18.1,14.9,2.2,51.6
2026-08-19,gfs,7,19.2,15.9,1.9,65.6
2026-08-19,icon,1,18.9,15.5,1.9,29.2
2026-08-19,icon,2,18.5,16,4.1,29.4
2026-08-19,icon,3,20.3,15.5,2.7,32.1
2026-08-19,icon,4,19.5,16.2,1.4,32.2
2026-08-19,icon,5,20.9,16.9,0.4,29.3
2026-08-19,icon,6,19.4,15.3,0.4,28.2
2026-08-19,ukmo,1,18.5,15.6,9.8,38.2
2026-08-19,ukmo,2,18.5,16.4,4.2,44.6
2026-08-19,ukmo,3,18.7,16.4,2.5,46.8
2026-08-19,ukmo,4,19,17.4,3.6,33.5
2026-08-19,ukmo,5,17.8,17,6.7,44.3
2026-08-19,ukmo,6,19,17,1.3,42.8
2026-08-20,arpege,1,20.4,16.1,0.2,30.2
2026-08-20,arpege,2,20.2,14.9,1.6,25.5
2026-08-20,arpege,3,21.7,15.4,2.1,29.7
2026-08-20,ecmwf,1,21.9,12.5,3.9,15.3
2026-08-20,ecmwf,2,20.6,13.2,2.4,16.7
2026-08-20,ecmwf,3,19.3,13.4,9.6,18.1
2026-08-20,ecmwf,4,20.1,13.7,5.4,19.6
2026-08-20,ecmwf,5,22.9,13.7,1.2,13.9
2026-08-20,ecmwf,6,20,13.4,2.7,13.7
2026-08-20,ecmwf,7,26.8,13.8,7.2,28
2026-08-20,gem,1,19.7,14.8,2.6,21.6
2026-08-20,gem,2,20.4,15.2,2.1,27.4
2026-08-20,gem,3,19.3,15.1,3.5,26.3
2026-08-20,gem,4,18.6,15.2,1.8,22.3
2026-08-20,gem,5,18.2,15.3,2.8,32.4
2026-08-20,gem,6,21,15.4,1,21.6
2026-08-20,gem,7,20,15.2,0.3,32.4
2026-08-20,gfs,1,19.4,15.8,9.4,33.4
2026-08-20,gfs,2,18.9,15.5,6.4,31.1
2026-08-20,gfs,3,19.5,15.7,8.2,30.6
2026-08-20,gfs,4,20.3,15.6,2.1,40.7
2026-08-20,gfs,5,19.3,15.8,1.2,40.6
2026-08-20,gfs,6,18.8,15.3,3.5,42.4
2026-08-20,gfs,7,19.4,15.2,2,37.8
2026-08-20,icon,1,20.1,15.9,4.2,24.2
2026-08-20,icon,2,19.3,15.1,12.6,25.8
2026-08-20,icon,3,20.8,15.2,4.4,22.3
2026-08-20,icon,4,20.1,15.5,8.3,27.1
2026-08-20,icon,5,21.7,15.4,0,26.1
2026-08-20,icon,6,20.7,15,0,33.3
2026-08-20,ukmo,1,18.7,16.6,4.6,30.6
2026-08-20,ukmo,2,19.5,16,3.8,36
2026-08-20,ukmo,3,19.2,16.5,2.7,40.3
2026-08-20,ukmo,4,19.1,16.1,0.6,34.6
2026-08-20,ukmo,5,19.9,16.4,0.2,41
2026-08-20,ukmo,6,18.4,15.3,5.5,41.8
2026-08-21,arpege,1,17.7,16.1,2.7,31.4
2026-08-21,arpege,2,19.9,16,0.2,31.6
2026-08-21,arpege,3,19.1,15.9,2.5,29.5
2026-08-21,ecmwf,1,20.3,14.9,2.4,19.5
2026-08-21,ecmwf,2,19.9,14.5,3,19.9
2026-08-21,ecmwf,3,20.3,14,2.4,18.8
2026-08-21,ecmwf,4,19.5,13,5.4,19.8
2026-08-21,ecmwf,5,21.2,14.7,2.1,21.3
2026-08-21,ecmwf,6,20,15.1,3.6,18.2
2026-08-21,ecmwf,7,18.9,14.4,1.8,22.4
2026-08-21,gem,1,19.5,15.5,2.8,26.6
2026-08-21,gem,2,19.7,15.5,0.9,25.6
2026-08-21,gem,3,19.2,15.3,1.5,27.7
2026-08-21,gem,4,19.3,15.3,2.7,28.1
2026-08-21,gem,5,17.9,14.9,2.9,27.4
2026-08-21,gem,6,18.6,15.3,5.2,27
2026-08-21,gem,7,19.3,15.5,1.8,24.1
2026-08-21,gfs,1,18.4,15.9,0.8,30.2
2026-08-21,gfs,2,18.7,15.8,1.7,32.3
2026-08-21,gfs,3,18.5,15.7,0.3,30.6
2026-08-21,gfs,4,18.6,15.7,1.5,29.6
2026-08-21,gfs,5,19.1,15.4,1.4,37.2
2026-08-21,gfs,6,18.3,16.2,1.2,35.7
2026-08-21,gfs,7,18.7,14.9,0.3,35.1
2026-08-21,icon,1,19.1,15.6,0.1,22.5
2026-08-21,icon,2,18.3,15.6,1.6,19.3
2026-08-21,icon,3,19.6,15.6,0.5,18.8
2026-08-21,icon,4,20.1,16,0.4,11.6
2026-08-21,icon,5,22.9,15.5,0.8,14
2026-08-21,icon,6,20.9,16.8,0,11.2
2026-08-21,ukmo,1,18.6,16.2,0,31.7
2026-08-21,ukmo,2,18.2,16.3,1.4,34.6
2026-08-21,ukmo,3,18.9,16.1,2.8,24.8
2026-08-21,ukmo,4,19.4,17.6,0.7,31.7
2026-08-21,ukmo,5,19.5,17,5,24.8
2026-08-21,ukmo,6,18.8,16.5,0.4,34.2
2026-08-22,arpege,1,18.4,15.9,0,47.8
2026-08-22,arpege,2,19.3,16,0,43.6
2026-08-22,arpege,3,19.2,16,0.2,43.5
2026-08-22,ecmwf,1,18.7,13.8,1.2,30
2026-08-22,ecmwf,2,19.3,13.6,0.9,27.1
2026-08-22,ecmwf,3,18.9,12.3,0.6,25.3
2026-08-22,ecmwf,4,19.1,12.7,0.6,26.4
2026-08-22,ecmwf,5,18.9,12.9,1.2,20.4
2026-08-22,ecmwf,6,19.2,13.8,0.3,19.7
2026-08-22,ecmwf,7,19,13.7,0.3,23.1
2026-08-22,gem,1,17.5,14.6,1.2,44.6
2026-08-22,gem,2,17.8,14.4,1.5,40.3
2026-08-22,gem,3,18,13.8,0.3,33.5
2026-08-22,gem,4,18.5,14.2,0,33.1
2026-08-22,gem,5,17.9,13.3,0,29.5
2026-08-22,gem,6,18.2,13.5,0.6,26.6
2026-08-22,gem,7,18.7,13.1,0,28.1
2026-08-22,gfs,1,17.3,15.4,0.9,50.7
2026-08-22,gfs,2,17.4,15.4,1.6,48.4
2026-08-22,gfs,3,17.5,15.6,1.4,44.5
2026-08-22,gfs,4,18.9,14.9,0.2,36.7
2026-08-22,gfs,5,18.3,15,0,34.6
2026-08-22,gfs,6,18.1,14.8,1,39.2
2026-08-22,gfs,7,18.1,15.2,0.7,34
2026-08-22,icon,1,18,14.9,0.3,38.6
2026-08-22,icon,2,18.1,14.7,0.3,33.6
2026-08-22,icon,3,18.5,15,0,32.7
2026-08-22,icon,4,19,14.8,0,24.8
2026-08-22,icon,5,18.2,15.2,0.2,26.4
2026-08-22,icon,6,19.9,15.6,0.1,34.6
2026-08-22,ukmo,1,17.4,14.8,2.3,45.4
2026-08-22,ukmo,2,17.3,15.8,1.5,47.2
2026-08-22,ukmo,3,17.7,16,0.7,42.8
2026-08-22,ukmo,4,17.5,15.9,0.6,36.4
2026-08-22,ukmo,5,17.4,15.2,2.6,41.4
2026-08-22,ukmo,6,17.7,15.9,0.8,36.4
2026-08-23,arpege,1,18.9,16.4,3.4,43.9
2026-08-23,arpege,2,17.8,15.6,2.3,40.3
2026-08-23,arpege,3,19.6,15.9,0,38.3
2026-08-23,ecmwf,1,18.4,12.8,7.2,27
2026-08-23,ecmwf,2,18.7,12.6,3.6,28.1
2026-08-23,ecmwf,3,18.6,12.8,1.2,29.8
2026-08-23,ecmwf,4,19.2,11.7,0.3,28.3
2026-08-23,ecmwf,5,19.4,10.5,0.3,23.1
2026-08-23,ecmwf,6,18.7,12.4,0.6,21.2
2026-08-23,ecmwf,7,18.6,14.6,0.3,22.1
2026-08-23,gem,1,17.1,14.3,5.1,38.9
2026-08-23,gem,2,17,14.4,1.4,43.6
2026-08-23,gem,3,16.9,14.4,0.1,37.4
2026-08-23,gem,4,17.3,14.9,0.3,38.9
2026-08-23,gem,5,17.6,13.7,0,31.7
2026-08-23,gem,6,18.5,13.5,1.7,28.8
2026-08-23,gem,7,18.4,13.8,0.3,29.5
2026-08-23,gfs,1,17.3,15.4,7.2,48
2026-08-23,gfs,2,17.3,15.2,3.2,49.3
2026-08-23,gfs,3,17.3,15.1,2.4,48.1
2026-08-23,gfs,4,17.5,15.1,2.1,41.8
2026-08-23,gfs,5,17.7,15.3,0.2,31.8
2026-08-23,gfs,6,17.3,15.3,1.1,36.7
2026-08-23,gfs,7,18,15.1,2.3,41.9
2026-08-23,icon,1,18.4,15.2,0.4,33.2
2026-08-23,icon,2,18.6,14.7,1.6,30.9
2026-08-23,icon,3,18.8,14.7,0.8,32.8
2026-08-23,icon,4,18.1,14.4,0.1,30.4
2026-08-23,icon,5,19.2,13.9,0,20.2
2026-08-23,icon,6,19.1,13.9,0,22.6
2026-08-23,ukmo,1,17.2,14.6,6.8,40.7
2026-08-23,ukmo,2,17.5,14.9,5,44.6
2026-08-23,ukmo,3,17.5,14.8,0.1,48.2
2026-08-23,ukmo,4,18.2,15.3,0,42.5
2026-08-23,ukmo,5,17,15.8,0.3,40
2026-08-23,ukmo,6,17.3,15.3,0,38.9
2026-08-24,arpege,1,18.3,13.4,0,33.7
2026-08-24,arpege,2,18.8,15.1,0.3,27.8
2026-08-24,arpege,3,19.1,15.6,0,26.9
2026-08-24,ecmwf,1,18.8,13.5,0.3,17.3
2026-08-24,ecmwf,2,19.4,13.7,0,17.4
2026-08-24,ecmwf,3,19.3,13.2,0,16.2
2026-08-24,ecmwf,4,19.5,12.6,0,15.9
2026-08-24,ecmwf,5,19.3,11.3,0.6,13.8
2026-08-24,ecmwf,6,18.5,12.4,0,13.3
2026-08-24,ecmwf,7,17.1,12.6,0.6,14.1
2026-08-24,gem,1,18.2,13.8,0.5,28.4
2026-08-24,gem,2,18,14.3,0,28.1
2026-08-24,gem,3,18.7,13.3,0,24.5
2026-08-24,gem,4,19.3,13.3,0,24.1
2026-08-24,gem,5,18.9,12.3,0,22
2026-08-24,gem,6,18.1,12,0,17.3
2026-08-24,gem,7,18.5,13.5,0,19.1
2026-08-24,gfs,1,18.1,15.3,0,36.7
2026-08-24,gfs,2,18.3,15.2,0,35.8
2026-08-24,gfs,3,17.8,15.3,0,35.7
2026-08-24,gfs,4,18.6,15.5,0,35.3
2026-08-24,gfs,5,18.6,15.4,0,28.4
2026-08-24,gfs,6,17.2,15.9,1.1,22.9
2026-08-24,gfs,7,17.8,15,0.8,35.6
2026-08-24,icon,1,18.7,14,0,28.5
2026-08-24,icon,2,19.3,15.2,0,18.9
2026-08-24,icon,3,19,14.9,0,15.1
2026-08-24,icon,4,19,15.8,0,15.6
2026-08-24,icon,5,19.4,15.6,0,11.4
2026-08-24,icon,6,19.7,15.1,0,20.1
2026-08-24,ukmo,1,17.8,15.5,0,34.6
2026-08-24,ukmo,2,17.2,14.4,0,34.2
2026-08-24,ukmo,3,17.8,15.2,0,33.1
2026-08-24,ukmo,4,18.1,16,0,32.4
2026-08-24,ukmo,5,18,15.9,0,37.8
2026-08-24,ukmo,6,17.7,15.9,0,28.8
2026-08-25,arpege,1,21,11.6,0,24.5
2026-08-25,arpege,2,21.2,14,0,27.9
2026-08-25,arpege,3,21.3,13.8,0,27.8
2026-08-25,ecmwf,1,20.2,13.7,0,19.9
2026-08-25,ecmwf,2,20.3,14,0,19.5
2026-08-25,ecmwf,3,20.7,13.9,0,19.5
2026-08-25,ecmwf,4,20.9,13.5,0,24.1
2026-08-25,ecmwf,5,20.6,14.2,0,22.1
2026-08-25,ecmwf,6,21.4,15.2,0,23.1
2026-08-25,ecmwf,7,21.4,12.6,0.3,29.1
2026-08-25,gem,1,19.8,12.3,0,24.1
2026-08-25,gem,2,20.2,13,0,24.1
2026-08-25,gem,3,21.1,11.1,0,20.2
2026-08-25,gem,4,21.7,12.7,0,24.8
2026-08-25,gem,5,20.8,13.4,0,29.5
2026-08-25,gem,6,20.7,12.9,0,36
2026-08-25,gem,7,20,12.2,0,34.2
2026-08-25,gfs,1,18.4,16.2,0,31
2026-08-25,gfs,2,19.2,16.8,0,37.6
2026-08-25,gfs,3,18.6,17.4,0,35.7
2026-08-25,gfs,4,19,16.7,0,31.7
2026-08-25,gfs,5,18.8,16.1,0,33.2
2026-08-25,gfs,6,19.1,16.7,0,42.5
2026-08-25,gfs,7,19.1,16.3,0.4,45.4
2026-08-25,icon,1,20.4,12.4,0,23.7
2026-08-25,icon,2,20.5,15.7,0,24
2026-08-25,icon,3,20.7,15.4,0,26.1
2026-08-25,icon,4,20.7,15.3,0,21.5
2026-08-25,icon,5,20.4,16.1,0,24.3
2026-08-25,icon,6,19.2,15.7,0,30.1
2026-08-25,ukmo,1,18.7,16.1,0,29.2
2026-08-25,ukmo,2,18.7,16.8,0,32.4
2026-08-25,ukmo,3,18.3,17.3,0,35.3
2026-08-25,ukmo,4,18.4,17,0,34.9
2026-08-25,ukmo,5,19.1,17.4,0,46.1
2026-08-25,ukmo,6,18.9,17.3,1.8,53.6
2026-08-26,arpege,1,20.4,16.2,0,35.7
2026-08-26,arpege,2,21.6,17,0,35.6
2026-08-26,arpege,3,21.5,16.5,0,38.2
2026-08-26,ecmwf,1,21.4,15.8,0,28
2026-08-26,ecmwf,2,21,16.1,0,27.9
2026-08-26,ecmwf,3,21.6,16.3,0,28.4
2026-08-26,ecmwf,4,22.5,15.8,1.2,27.4
2026-08-26,ecmwf,5,22.8,16.1,0,29.2
2026-08-26,ecmwf,6,23.9,16.7,0,22.9
2026-08-26,ecmwf,7,23.9,16.9,0,23.8
2026-08-26,gem,1,20.1,15.6,0,35.6
2026-08-26,gem,2,20,16.3,0,34.6
2026-08-26,gem,3,21.3,15.2,0,38.2
2026-08-26,gem,4,22.1,14.7,0,37.1
2026-08-26,gem,5,22.1,15.4,0,38.2
2026-08-26,gem,6,22.6,16.2,0,28.4
2026-08-26,gem,7,23.5,13.8,0,31.7
2026-08-26,gfs,1,18.4,17.2,0,45.2
2026-08-26,gfs,2,18.4,17.2,0,46.5
2026-08-26,gfs,3,18.2,17,0,45.3
2026-08-26,gfs,4,18.6,17.4,0,49.2
2026-08-26,gfs,5,19.3,17.5,0,50.5
2026-08-26,gfs,6,19.5,17.6,0,49
2026-08-26,gfs,7,18.3,17.1,0,47.2
2026-08-26,icon,1,20.8,15.4,0,32.7
2026-08-26,icon,2,19.9,16.8,0,32.4
2026-08-26,icon,3,19.9,17,0,35.3
2026-08-26,icon,4,19.9,17.1,0,35
2026-08-26,icon,5,21.7,17.3,0,32.1
2026-08-26,icon,6,22.1,17.1,0,26.5
2026-08-26,ukmo,1,19.1,17.7,0,40.3
2026-08-26,ukmo,2,18.2,17.4,0,41.4
2026-08-26,ukmo,3,18.2,17.3,0,47.2
2026-08-26,ukmo,4,18.8,17.7,0,50.4
2026-08-26,ukmo,5,19,17.3,0,44.6
2026-08-26,ukmo,6,19.9,17.5,1.2,35.3
2026-08-27,arpege,1,21.2,17.2,0,39.7
2026-08-27,arpege,2,22.4,17.3,0,35.4
2026-08-27,arpege,3,22.5,17.6,0,38.2
2026-08-27,ecmwf,1,22.8,16.4,0,28.1
2026-08-27,ecmwf,2,23,16.2,0,27.4
2026-08-27,ecmwf,3,21.9,16.5,0,26.1
2026-08-27,ecmwf,4,22.8,16.5,0,24.8
2026-08-27,ecmwf,5,23.3,17.3,1.2,23.5
2026-08-27,ecmwf,6,24.4,18.4,3.6,21.8
2026-08-27,ecmwf,7,26.6,18.2,0.3,24.1
2026-08-27,gem,1,20.8,16.6,0,39.6
2026-08-27,gem,2,21.1,16.2,0,37.8
2026-08-27,gem,3,22,16.7,0,35.6
2026-08-27,gem,4,23.5,16.9,0,35.6
2026-08-27,gem,5,22.9,17.4,0,36.4
2026-08-27,gem,6,23.7,17.4,0,36.7
2026-08-27,gem,7,25.6,18.5,0,31.3
2026-08-27,gfs,1,19.1,17.1,0,52.2
2026-08-27,gfs,2,19.3,16.9,0,51.8
2026-08-27,gfs,3,19.3,17.3,0,51.5
2026-08-27,gfs,4,19.9,17.3,1.1,50.1
2026-08-27,gfs,5,20,17.6,0,52.6
2026-08-27,gfs,6,19.6,17.8,0,55.8
2026-08-27,gfs,7,21.4,17.5,0.3,44.2
2026-08-27,icon,1,21.6,16,0,34.7
2026-08-27,icon,2,20.8,16.7,0,34.3
2026-08-27,icon,3,20.4,17.2,0,36.2
2026-08-27,icon,4,20.9,17.1,0,35
2026-08-27,icon,5,20.7,17.3,0,33.6
2026-08-27,icon,6,21.9,17.8,0,30.5
2026-08-27,ukmo,1,19.6,17.5,0,42.8
2026-08-27,ukmo,2,19,17.1,0,49
2026-08-27,ukmo,3,18.9,16.9,0,45.4
2026-08-27,ukmo,4,19.3,17.6,0.8,44.6
2026-08-27,ukmo,5,19.4,17.1,2.8,50
2026-08-27,ukmo,6,20.4,17.6,0,40
2026-08-28,arpege,1,24,17.3,12.6,42.2
2026-08-28,arpege,2,19.8,17.2,29.7,34.3
2026-08-28,arpege,3,20.3,17.6,8.5,35.3
2026-08-28,ecmwf,1,21,16.9,30.6,26.1
2026-08-28,ecmwf,2,20.4,17.8,15,24.9
2026-08-28,ecmwf,3,23,17.3,19.2,24
2026-08-28,ecmwf,4,23.3,17.6,8.7,23.8
2026-08-28,ecmwf,5,25.1,16.7,13.8,27.6
2026-08-28,ecmwf,6,20.8,16.9,7.2,23
2026-08-28,ecmwf,7,23.1,18.2,18,20.1
2026-08-28,gem,1,21.5,17.4,10.3,36
2026-08-28,gem,2,21,17.6,19,33.1
2026-08-28,gem,3,23.5,17.2,14.1,33.5
2026-08-28,gem,4,22.5,17.6,11.1,37.4
2026-08-28,gem,5,22.1,18.8,7.8,32.4
2026-08-28,gem,6,22.7,17.6,1.8,44.6
2026-08-28,gem,7,23,18.4,0,43.6
2026-08-28,gfs,1,20,16.3,8.6,44.4
2026-08-28,gfs,2,19.5,17.4,7.8,42.5
2026-08-28,gfs,3,20,16.7,20.4,41.9
2026-08-28,gfs,4,19.5,16.7,26.8,48.7
2026-08-28,gfs,5,20.2,17.4,3.8,43.7
2026-08-28,gfs,6,19.6,16.7,13.7,39.3
2026-08-28,gfs,7,19.6,16.4,13.4,32.9
2026-08-28,icon,1,20.6,16.4,15.5,27.8
2026-08-28,icon,2,19.9,16.7,24,26.2
2026-08-28,icon,3,22.2,17.6,4,27.1
2026-08-28,icon,4,21.4,17.2,7.4,29.5
2026-08-28,icon,5,23,17.8,3.8,26.3
2026-08-28,icon,6,22.2,18,2.8,30.8
2026-08-28,ukmo,1,20.6,17.6,27.2,41.8
2026-08-28,ukmo,2,19,18.2,2.9,42.8
2026-08-28,ukmo,3,19,17.9,11.8,41.8
2026-08-28,ukmo,4,19.3,17.6,4.4,44.3
2026-08-28,ukmo,5,19.5,17.8,8.3,43.6
2026-08-28,ukmo,6,19.6,18,19.2,39.2
2026-08-29,arpege,1,19.8,15.9,2,36
2026-08-29,arpege,2,20.7,16.4,1.7,34.4
2026-08-29,arpege,3,21.7,16.5,1.8,31.9
2026-08-29,ecmwf,1,21.1,15.4,2.4,28.3
2026-08-29,ecmwf,2,21.7,15.8,2.1,28.7
2026-08-29,ecmwf,3,22.8,15.5,1.5,27.6
2026-08-29,ecmwf,4,21.3,15.9,1.8,27.6
2026-08-29,ecmwf,5,20.4,15.1,2.1,27
2026-08-29,ecmwf,6,20.1,15.7,2.1,29.9
2026-08-29,ecmwf,7,21.7,16.6,3.3,19.7
2026-08-29,gem,1,20.4,15.3,2.6,33.5
2026-08-29,gem,2,19.4,16.1,3.3,34.6
2026-08-29,gem,3,19.2,16.2,3.7,33.8
2026-08-29,gem,4,18.7,16.2,4,36.4
2026-08-29,gem,5,19.6,17.2,1,41
2026-08-29,gem,6,19.2,15.9,6.9,47.2
2026-08-29,gem,7,21.9,15.6,4.5,29.5
2026-08-29,gfs,1,18.8,15.7,2.1,36.8
2026-08-29,gfs,2,18.9,16.3,2.2,35.7
2026-08-29,gfs,3,19.2,15.9,0.9,37.7
2026-08-29,gfs,4,19,16.6,34.6,53.1
2026-08-29,gfs,5,19.4,16.3,0.3,30.4
2026-08-29,gfs,6,19.4,16.4,1.3,43
2026-08-29,gfs,7,18.4,16.2,3.6,44.4
2026-08-29,icon,1,20.8,16.1,0.6,28.9
2026-08-29,icon,2,20.5,16,0.5,23.4
2026-08-29,icon,3,20.8,15.5,0.6,30.9
2026-08-29,icon,4,20.3,16,5.3,26
2026-08-29,icon,5,21.8,16.4,1.2,26.6
2026-08-29,icon,6,21.1,16.3,0,28.5
2026-08-29,ukmo,1,19.3,16.7,3,41.8
2026-08-29,ukmo,2,19.6,17.3,0.1,30.2
2026-08-29,ukmo,3,19.5,16.7,0.7,46.1
2026-08-29,ukmo,4,19.5,17.3,1.4,44.3
2026-08-29,ukmo,5,19,17.7,0.2,31
2026-08-29,ukmo,6,19,17.4,3.2,42.8
2026-08-30,arpege,1,19,16.9,1.2,54.2
2026-08-30,arpege,2,19.3,16.9,6.2,38.2
2026-08-30,arpege,3,19.9,16.7,3.7,39.2
2026-08-30,ecmwf,1,21.7,16.3,6.9,33.9
2026-08-30,ecmwf,2,22.2,16.1,8.4,29.8
2026-08-30,ecmwf,3,22.5,16.4,2.1,30.7
2026-08-30,ecmwf,4,22.3,16.1,3.9,25.5
2026-08-30,ecmwf,5,21.4,16.7,3.6,29.6
2026-08-30,ecmwf,6,22.3,15.7,6.9,24.4
2026-08-30,ecmwf,7,20.9,15.2,6,23.3
2026-08-30,gem,1,20.1,16.3,7.2,43.2
2026-08-30,gem,2,20.4,16.3,10.9,39.6
2026-08-30,gem,3,20.1,16.4,3.2,34.6
2026-08-30,gem,4,19.7,16.5,8.4,34.2
2026-08-30,gem,5,20.7,17.1,6.5,37.1
2026-08-30,gem,6,20.1,16.7,6.5,38.9
2026-08-30,gem,7,19.4,15.8,3.5,33.5
2026-08-30,gfs,1,19,16.6,6.4,49.4
2026-08-30,gfs,2,18.9,16.4,10.5,54.7
2026-08-30,gfs,3,19,16.8,0.5,45.7
2026-08-30,gfs,4,19.4,16.8,1.5,49.8
2026-08-30,gfs,5,19.4,16.4,0.7,41.2
2026-08-30,gfs,6,18.4,16,2,39
2026-08-30,gfs,7,18.2,15.9,15.2,47.6
2026-08-30,icon,1,19.8,16.8,6,33.6
2026-08-30,icon,2,20.1,17,4.5,30.7
2026-08-30,icon,3,21.1,17,4.9,26.8
2026-08-30,icon,4,21,17.3,1.5,26.9
2026-08-30,icon,5,20.6,16.8,4.2,27.6
2026-08-30,icon,6,19.3,15.5,4.3,24.7
2026-08-30,ukmo,1,19.5,17.7,2.4,47.2
2026-08-30,ukmo,2,19.2,17.4,6.1,43.6
2026-08-30,ukmo,3,19.2,16.9,2.5,38.2
2026-08-30,ukmo,4,19,17.3,6.1,36
2026-08-30,ukmo,5,19.7,17.4,2.5,38.2
2026-08-30,ukmo,6,19.1,17.4,6.3,36.4
2026-08-31,arpege,1,20.6,16.1,3.8,31.2
2026-08-31,arpege,2,19.5,15.3,6,28.2
2026-08-31,arpege,3,20.3,14.3,6.6,31.6
2026-08-31,ecmwf,1,20.6,14.2,4.8,25.9
2026-08-31,ecmwf,2,19.8,14.5,4.2,25.9
2026-08-31,ecmwf,3,20.3,14.8,6.3,25.3
2026-08-31,ecmwf,4,20.3,15.2,2.1,27.8
2026-08-31,ecmwf,5,21.9,14.8,7.8,23
2026-08-31,ecmwf,6,18.9,15.6,5.1,24.2
2026-08-31,ecmwf,7,20.8,15.3,9.3,27.7
2026-08-31,gem,1,19.7,15.3,7.4,32.8
2026-08-31,gem,2,18.6,15.7,18.3,33.5
2026-08-31,gem,3,18.8,16.4,7.2,32.4
2026-08-31,gem,4,18.7,16.6,3.8,29.5
2026-08-31,gem,5,19.5,16.8,2.9,37.4
2026-08-31,gem,6,17.9,16.4,9.1,43.9
2026-08-31,gem,7,19,16.7,5.3,44.6
2026-08-31,gfs,1,18.3,16,9.9,34.9
2026-08-31,gfs,2,18.6,16,10,39.8
2026-08-31,gfs,3,18.1,15.7,8.7,37
2026-08-31,gfs,4,18.6,16.2,10.7,34.5
2026-08-31,gfs,5,19,16.9,10.7,35.7
2026-08-31,gfs,6,17.8,15,11.3,52.7
2026-08-31,gfs,7,18.5,16,4.3,46.7
2026-08-31,icon,1,20.3,15.8,6.7,24.8
2026-08-31,icon,2,19.3,16.1,7.2,22.2
2026-08-31,icon,3,19.3,16.2,5.9,22.6
2026-08-31,icon,4,20.3,16.2,7.2,28
2026-08-31,icon,5,19,16,6.1,30.1
2026-08-31,icon,6,18.9,15.8,5.3,30.3
2026-08-31,ukmo,1,19.5,17.1,3.9,36.7
2026-08-31,ukmo,2,19.2,16.8,4.9,33.8
2026-08-31,ukmo,3,19.1,17,7.4,44.3
2026-08-31,ukmo,4,19.9,17,3.9,47.2
2026-08-31,ukmo,5,19.4,17.4,4.1,42.1
2026-08-31,ukmo,6,18.6,16.9,10,33.8
2026-09-01,arpege,1,19.4,16.3,0.1,39.8
2026-09-01,arpege,2,19.6,16.2,0.6,31.6
2026-09-01,arpege,3,18.9,15.6,1.2,37.6
2026-09-01,ecmwf,1,20.3,14.1,1.5,24.3
2026-09-01,ecmwf,2,19.3,14.3,1.8,22
2026-09-01,ecmwf,3,19.6,14.8,2.4,24.1
2026-09-01,ecmwf,4,20.3,14.3,2.7,24.8
2026-09-01,ecmwf,5,19.5,14.7,0.6,25.1
2026-09-01,ecmwf,6,20.7,15.6,0.3,25.7
2026-09-01,ecmwf,7,20.3,14.8,1.8,25.1
2026-09-01,gem,1,19.1,15.5,2.5,32.4
2026-09-01,gem,2,18.7,15.7,3.5,35.6
2026-09-01,gem,3,18.4,15.6,2,34.6
2026-09-01,gem,4,19.3,16,1.8,28.8
2026-09-01,gem,5,18,15.2,3.6,31.7
2026-09-01,gem,6,19.1,15.3,2.4,38.5
2026-09-01,gem,7,17.8,15.7,0.7,45.7
2026-09-01,gfs,1,18.5,15.5,1.9,39.5
2026-09-01,gfs,2,17.9,15.8,1.4,38.1
2026-09-01,gfs,3,17.9,15.8,1.9,41.6
2026-09-01,gfs,4,18.2,15.8,0.4,38.4
2026-09-01,gfs,5,18.4,15.5,0.8,33.9
2026-09-01,gfs,6,17.7,15.5,2.2,52.4
2026-09-01,gfs,7,18.2,15,7.5,59.5
2026-09-01,icon,1,19.5,15.5,1,29.2
2026-09-01,icon,2,19.2,15.8,1.7,29.5
2026-09-01,icon,3,18,15.5,3.1,29.3
2026-09-01,icon,4,19.2,15.6,1.7,28.8
2026-09-01,icon,5,20,14.5,0,32.4
2026-09-01,icon,6,20.2,15.8,0.3,29.5
2026-09-01,ukmo,1,18.7,16.8,0.4,37.1
2026-09-01,ukmo,2,18.5,16.6,0.8,40.7
2026-09-01,ukmo,3,18.5,16.5,5.6,46.4
2026-09-01,ukmo,4,18.7,16.6,1.9,45.7
2026-09-01,ukmo,5,18.7,16.3,0.4,50.8
2026-09-01,ukmo,6,18.7,16.5,2.8,50.8
2026-09-02,arpege,1,19.6,16,0,33.9
2026-09-02,arpege,2,19.4,15.5,0.1,29.6
2026-09-02,arpege,3,20.7,15.8,0.1,29.7
2026-09-02,ecmwf,1,20.5,13.4,0.9,20.4
2026-09-02,ecmwf,2,21,13.1,2.4,21.2
2026-09-02,ecmwf,3,20.5,13.8,1.8,22.9
2026-09-02,ecmwf,4,20,13.7,1.2,23
2026-09-02,ecmwf,5,19.3,12.8,1.8,19.8
2026-09-02,ecmwf,6,19.1,13.6,3.6,25.9
2026-09-02,ecmwf,7,19,14.7,2.1,29.3
2026-09-02,gem,1,19.3,14.9,0.5,31.3
2026-09-02,gem,2,19.5,14.9,0.2,29.2
2026-09-02,gem,3,19.2,15.5,2.4,34.6
2026-09-02,gem,4,19.4,15,3.6,34.9
2026-09-02,gem,5,18.3,14.5,2.4,30.2
2026-09-02,gem,6,19.3,15.7,5.9,28.4
2026-09-02,gem,7,18.6,14.9,0.2,21.6
2026-09-02,gfs,1,18.6,15.7,0.9,35.8
2026-09-02,gfs,2,18.8,15.4,0,36.4
2026-09-02,gfs,3,18.5,15.4,0.3,37.6
2026-09-02,gfs,4,18.7,15.2,0.8,33.1
2026-09-02,gfs,5,17,15.4,0.8,27.6
2026-09-02,gfs,6,17,14.9,3,38.6
2026-09-02,gfs,7,17.3,14.1,1.5,48.8
2026-09-02,icon,1,19.9,15.3,0.4,31.3
2026-09-02,icon,2,19.9,14.8,0,25.3
2026-09-02,icon,3,19.5,15.4,4.7,26.9
2026-09-02,icon,4,19.1,15.1,3.4,26.2
2026-09-02,icon,5,19.6,13.9,0.3,24
2026-09-02,icon,6,22.3,14.7,1.5,32.1
2026-09-02,ukmo,1,19,16.3,2.5,37.4
2026-09-02,ukmo,2,18.9,15.8,0.7,35.6
2026-09-02,ukmo,3,19.1,15.9,0.9,39.2
2026-09-02,ukmo,4,18.9,15.6,0.3,43.6
2026-09-02,ukmo,5,18.7,16,0,34.2
2026-09-02,ukmo,6,18.9,15.7,1.8,51.5
2026-09-03,arpege,1,18.8,15.6,7.4,42.2
2026-09-03,arpege,2,19.1,15.4,0.9,37.5
2026-09-03,arpege,3,19.5,15.6,1.3,44.3
2026-09-03,ecmwf,1,20.1,15,6.6,29.3
2026-09-03,ecmwf,2,19.7,14,2.4,33.4
2026-09-03,ecmwf,3,19.5,14.7,7.8,27.3
2026-09-03,ecmwf,4,19.2,15.3,8.1,31.5
2026-09-03,ecmwf,5,20.1,14.9,2.7,25.7
2026-09-03,ecmwf,6,19,13.8,5.7,31.4
2026-09-03,ecmwf,7,21.6,12.4,1.8,27
2026-09-03,gem,1,18.4,15.1,7.2,35.3
2026-09-03,gem,2,19,15.6,2.9,41.8
2026-09-03,gem,3,18.8,16.2,3.9,38.9
2026-09-03,gem,4,19.2,16,11.8,39.6
2026-09-03,gem,5,20,13.5,1.1,40.3
2026-09-03,gem,6,17.9,14.1,15.7,41.4
2026-09-03,gem,7,17.7,14.9,7.6,47.9
2026-09-03,gfs,1,18.6,15.2,4.6,43.6
2026-09-03,gfs,2,18.6,15.4,3.8,41.5
2026-09-03,gfs,3,18.5,15.4,4.8,42.5
2026-09-03,gfs,4,18.4,15.9,2.5,44
2026-09-03,gfs,5,18.1,15.9,1.7,43.7
2026-09-03,gfs,6,17.8,14.6,11.8,42.9
2026-09-03,gfs,7,17.2,14.4,0.3,41.5
2026-09-03,icon,1,19.9,15.3,8.1,37.9
2026-09-03,icon,2,19.5,15.5,4.6,30.1
2026-09-03,icon,3,19.5,15.6,4.7,31.8
2026-09-03,icon,4,19.2,16.9,7.5,27.6
2026-09-03,icon,5,20.2,15.6,3.7,35
2026-09-03,icon,6,18.1,15.3,1.5,33.5
2026-09-03,ukmo,1,19,15.9,10.2,44.6
2026-09-03,ukmo,2,18.3,16.1,2.4,40.7
2026-09-03,ukmo,3,18.4,16.1,12.2,43.9
2026-09-03,ukmo,4,18.6,16.4,5.2,45.4
2026-09-03,ukmo,5,18.8,16.2,0.7,47.5
2026-09-03,ukmo,6,18.4,16.7,3.6,41.4
2026-09-04,arpege,1,17.8,16.3,22.7,54.8
2026-09-04,arpege,2,17.9,15.9,23.3,42.6
2026-09-04,arpege,3,19,16.3,23.4,53.3
2026-09-04,ecmwf,1,17.5,15.4,14.4,26.7
2026-09-04,ecmwf,2,18.2,14.6,9.9,23.5
2026-09-04,ecmwf,3,18.8,15.8,4.8,24.5
2026-09-04,ecmwf,4,20.6,15.5,12.3,32.8
2026-09-04,ecmwf,5,18.9,15.4,23.4,24
2026-09-04,ecmwf,6,21.2,14.9,1.5,21.6
2026-09-04,ecmwf,7,21.4,15.8,1.2,24.2
2026-09-04,gem,1,17.2,15.7,22.4,50
2026-09-04,gem,2,17.4,15.5,18.6,37.4
2026-09-04,gem,3,19.2,15.6,17.9,44.6
2026-09-04,gem,4,18.2,16.1,7.2,54
2026-09-04,gem,5,19.1,15.4,2.5,41
2026-09-04,gem,6,19.2,12.9,3.9,39.6
2026-09-04,gem,7,17.7,14.3,0.6,47.2
2026-09-04,gfs,1,17.4,15.5,18,50.5
2026-09-04,gfs,2,17.4,15.7,10,45.8
2026-09-04,gfs,3,18.3,16,5.1,48.7
2026-09-04,gfs,4,17.7,15,14,46.8
2026-09-04,gfs,5,18.2,15.2,7.4,63.5
2026-09-04,gfs,6,15.9,15,3.5,49.8
2026-09-04,gfs,7,18.4,14.8,13.7,57.5
2026-09-04,icon,1,18.9,16.5,10.4,40.4
2026-09-04,icon,2,18,16.1,6.4,28.3
2026-09-04,icon,3,18.3,16.4,9.7,29.9
2026-09-04,icon,4,19.8,16.1,16.5,30.4
2026-09-04,icon,5,20.5,15.6,5.1,25.9
2026-09-04,icon,6,18.4,15.1,1.8,28.1
2026-09-04,ukmo,1,17.8,16.6,9.6,53.6
2026-09-04,ukmo,2,17.9,16,9.1,47.9
2026-09-04,ukmo,3,19.4,16.7,14.4,59.8
2026-09-04,ukmo,4,19.2,16.1,7.4,54.7
2026-09-04,ukmo,5,18.2,16.8,0.6,44.3
2026-09-04,ukmo,6,18.1,15.1,2.9,60.1
2026-09-05,arpege,1,17.5,16.1,1.4,53.5
2026-09-05,arpege,2,17.1,15.1,0.7,47.8
2026-09-05,arpege,3,18.1,15.6,0.2,43
2026-09-05,ecmwf,1,17.6,14.6,2.4,31.7
2026-09-05,ecmwf,2,17.7,14.1,2.4,33.9
2026-09-05,ecmwf,3,19,13.5,0.6,36.9
2026-09-05,ecmwf,4,19.2,14.2,1.2,31.3
2026-09-05,ecmwf,5,20.6,14.7,4.8,26.8
2026-09-05,ecmwf,6,19.1,15,1.5,27
2026-09-05,ecmwf,7,19.1,16.5,0,19.1
2026-09-05,gem,1,16.8,14.7,3.3,47.9
2026-09-05,gem,2,16.8,15,3.2,53.6
2026-09-05,gem,3,17.3,15.1,1.3,47.9
2026-09-05,gem,4,17.4,15.3,0.6,43.6
2026-09-05,gem,5,18.2,15.2,0.5,44.6
2026-09-05,gem,6,18.5,13.6,0.9,44.3
2026-09-05,gem,7,17.3,15.4,0.9,52.2
2026-09-05,gfs,1,16.4,15.7,4,53.5
2026-09-05,gfs,2,16.7,15.8,3.9,58.2
2026-09-05,gfs,3,17.2,15.6,2.3,54
2026-09-05,gfs,4,16.8,15.4,3.2,56.9
2026-09-05,gfs,5,16.9,14.7,1.9,52.7
2026-09-05,gfs,6,16.2,15,2.9,59.6
2026-09-05,gfs,7,16.3,14.8,1.8,50.7
2026-09-05,icon,1,17.6,15.6,2.7,44.8
2026-09-05,icon,2,16.7,15.1,5,36.2
2026-09-05,icon,3,18,15.4,0.6,34.8
2026-09-05,icon,4,18.4,15,0.6,33
2026-09-05,icon,5,17.9,15.4,0.2,36.6
2026-09-05,icon,6,18.4,15,0,33.9
2026-09-05,ukmo,1,17.2,15.8,7.8,49.7
2026-09-05,ukmo,2,17.3,16.2,0.6,54
2026-09-05,ukmo,3,18.1,16.4,0.9,50.8
2026-09-05,ukmo,4,18.1,16.8,0,51.1
2026-09-05,ukmo,5,17.5,15.5,2.7,45.4
2026-09-05,ukmo,6,18.3,16.6,0.5,59.4
2026-09-06,arpege,1,17.9,14.9,0,50.7
2026-09-06,arpege,2,18.7,15.3,0,48.4
2026-09-06,arpege,3,18.9,15.4,0,42.6
2026-09-06,ecmwf,1,18.8,13.7,0,25.8
2026-09-06,ecmwf,2,18.9,13.5,0,25.6
2026-09-06,ecmwf,3,18.6,13.4,0,26.5
2026-09-06,ecmwf,4,19.3,12.7,0,24.4
2026-09-06,ecmwf,5,18.9,13.4,0,18.4
2026-09-06,ecmwf,6,18.5,13.5,4.5,18.4
2026-09-06,ecmwf,7,19.9,13.2,0,17.6
2026-09-06,gem,1,17.9,14.3,0.5,46.8
2026-09-06,gem,2,17.9,14.7,0,49.7
2026-09-06,gem,3,18,13.6,0,42.8
2026-09-06,gem,4,17.9,13.8,0,45.4
2026-09-06,gem,5,18.5,14.3,0,31.3
2026-09-06,gem,6,17.3,14,0,34.6
2026-09-06,gem,7,17.7,12.8,0,40
2026-09-06,gfs,1,17.7,15.3,0,52.6
2026-09-06,gfs,2,17.8,15.4,0,54.7
2026-09-06,gfs,3,17.6,15.3,0,51
2026-09-06,gfs,4,17.2,15.1,0,51.9
2026-09-06,gfs,5,17.7,15.2,0,53
2026-09-06,gfs,6,17,15,0.1,53.6
2026-09-06,gfs,7,16.7,14.9,0,55.8
2026-09-06,icon,1,18.6,14.6,0,43.3
2026-09-06,icon,2,18.4,15,0,35.8
2026-09-06,icon,3,18.8,15,0,32.8
2026-09-06,icon,4,18.9,15.5,0,25.1
2026-09-06,icon,5,19.6,13.8,0,18.8
2026-09-06,icon,6,19.9,14.1,0,27.9
2026-09-06,ukmo,1,18.1,15.7,0,48.6
2026-09-06,ukmo,2,17.7,15.8,0,54.4
2026-09-06,ukmo,3,17.8,15.9,0,47.2
2026-09-06,ukmo,4,18,16,0,45.7
2026-09-06,ukmo,5,18.1,16.2,0,34.6
2026-09-06,ukmo,6,17.1,15.8,0.6,42.1
2026-09-07,arpege,1,22.1,14.4,0,24.4
2026-09-07,arpege,2,22.1,14,0,27
2026-09-07,arpege,3,20.8,14.8,0,29.6
2026-09-07,ecmwf,1,23.1,14.3,0,18
2026-09-07,ecmwf,2,22.8,14.1,0.3,20
2026-09-07,ecmwf,3,22.6,13.6,0,18.2
2026-09-07,ecmwf,4,21.2,12.6,0,16.5
2026-09-07,ecmwf,5,23.8,14.6,0,19.4
2026-09-07,ecmwf,6,24,15.1,8.1,28.1
2026-09-07,ecmwf,7,20.9,15.3,0.3,22.1
2026-09-07,gem,1,21.2,13.9,0,22.7
2026-09-07,gem,2,20.7,13.9,0,26.3
2026-09-07,gem,3,21,13.2,0,28.4
2026-09-07,gem,4,21.1,13.7,0,27.4
2026-09-07,gem,5,20,13.3,0.3,24.5
2026-09-07,gem,6,20.9,15.5,0,27.4
2026-09-07,gem,7,21.9,16.1,0,38.2
2026-09-07,gfs,1,19.9,15.9,0,28.1
2026-09-07,gfs,2,20.5,16,0,27
2026-09-07,gfs,3,20,16.4,0,25.9
2026-09-07,gfs,4,19.4,16.1,0,28.9
2026-09-07,gfs,5,19.7,15.8,0,27.5
2026-09-07,gfs,6,18.9,15.1,0.2,34.2
2026-09-07,gfs,7,18.6,14.7,0,31.8
2026-09-07,icon,1,21.6,14.2,0,22.2
2026-09-07,icon,2,20.9,15.1,0,17.1
2026-09-07,icon,3,20.6,15.2,0.2,19.2
2026-09-07,icon,4,21.1,15.7,0,20.9
2026-09-07,icon,5,24,16.3,0.2,24.6
2026-09-07,icon,6,24.5,15.5,1.2,17.3
2026-09-07,ukmo,1,20.2,15.8,0.7,27.4
2026-09-07,ukmo,2,19,16.1,0.3,31.3
2026-09-07,ukmo,3,19.1,16.2,0.3,35.3
2026-09-07,ukmo,4,19.2,16.6,0.9,32.8
2026-09-07,ukmo,5,19.2,16.1,0,34.9
2026-09-07,ukmo,6,19.2,16.1,1.1,54.7
2026-09-08,arpege,1,19.4,15.1,0.2,31.9
2026-09-08,arpege,2,21.3,15.9,0.4,33.6
2026-09-08,arpege,3,19.5,15.3,2.3,30.1
2026-09-08,ecmwf,1,20.5,16.3,0.9,24.9
2026-09-08,ecmwf,2,19.1,15.1,2.1,23.8
2026-09-08,ecmwf,3,18.4,14,2.4,22.9
2026-09-08,ecmwf,4,19.8,14,3.6,25.6
2026-09-08,ecmwf,5,18.5,14.4,0.9,26.9
2026-09-08,ecmwf,6,17.7,13.2,2.1,20.5
2026-09-08,ecmwf,7,19,13.9,2.4,27.6
2026-09-08,gem,1,19.9,15.5,0.1,28.4
2026-09-08,gem,2,20.4,15.2,0,27
2026-09-08,gem,3,20,15.7,1.1,31.7
2026-09-08,gem,4,19.1,14.6,3.9,30.2
2026-09-08,gem,5,19.1,15.9,0.3,34.2
2026-09-08,gem,6,18.9,15.6,0.2,35.3
2026-09-08,gem,7,17.6,14.5,6.5,36
2026-09-08,gfs,1,18.4,16.2,0.7,34
2026-09-08,gfs,2,18.6,15.6,3.7,33.9
2026-09-08,gfs,3,18.9,15.1,3.8,35.3
2026-09-08,gfs,4,18.4,16.1,0.4,34.5
2026-09-08,gfs,5,19.3,15.4,1.1,45.8
2026-09-08,gfs,6,17.8,15.5,6.1,41.9
2026-09-08,gfs,7,20.4,16,1.9,32.4
2026-09-08,icon,1,19.6,15.6,1.2,24.9
2026-09-08,icon,2,19.3,14.8,2.7,22.7
2026-09-08,icon,3,18.7,15.7,1,20.7
2026-09-08,icon,4,18.6,14.6,7,20.2
2026-09-08,icon,5,20.3,14.9,0.2,28.6
2026-09-08,icon,6,18.9,14.3,2.7,23
2026-09-08,ukmo,1,19.1,15.9,1.3,34.9
2026-09-08,ukmo,2,18.7,15.5,4.1,39.2
2026-09-08,ukmo,3,18.4,15.8,5.4,33.8
2026-09-08,ukmo,4,18.7,16.2,1.1,41
2026-09-08,ukmo,5,18,16.5,0.6,42.1
2026-09-08,ukmo,6,18.5,16.2,1.4,47.2
2026-09-09,arpege,1,17.6,15.3,3.9,42.4
2026-09-09,arpege,2,18.7,14.9,0.7,36.2
2026-09-09,arpege,3,19.3,14.2,0.5,47.3
2026-09-09,ecmwf,1,18.5,13.6,2.7,22.9
2026-09-09,ecmwf,2,18.6,13.6,2.1,23.2
2026-09-09,ecmwf,3,17.9,13.6,0.9,18.1
2026-09-09,ecmwf,4,18.2,13,2.1,27.1
2026-09-09,ecmwf,5,17.3,12.5,7.5,30.5
2026-09-09,ecmwf,6,18.6,13.8,13.8,34.5
2026-09-09,ecmwf,7,17.9,11.3,6,21.9
2026-09-09,gem,1,16.9,14.5,2.8,34.6
2026-09-09,gem,2,17.5,14.3,1,36.7
2026-09-09,gem,3,17.9,14.9,0.2,33.5
2026-09-09,gem,4,16.3,14.4,1.4,45.7
2026-09-09,gem,5,17.1,13.9,4.8,39.2
2026-09-09,gem,6,17.8,13.9,0.4,35.3
2026-09-09,gem,7,15.8,13.1,2.3,38.5
2026-09-09,gfs,1,16.4,14.3,3.4,42.1
2026-09-09,gfs,2,16.5,14.3,4,57
2026-09-09,gfs,3,17.4,14.3,1.7,46.1
2026-09-09,gfs,4,16.7,14.5,2.2,40.6
2026-09-09,gfs,5,17,14,3.5,50.3
2026-09-09,gfs,6,15.8,13.2,6.9,53.2
2026-09-09,gfs,7,16.2,13.4,3.7,49.4
2026-09-09,icon,1,18.4,14.7,0.9,29.9
2026-09-09,icon,2,18.2,14.7,1.3,26.8
2026-09-09,icon,3,18.6,13.1,0.3,32.5
2026-09-09,icon,4,17.5,13.7,0.1,31.5
2026-09-09,icon,5,17.5,13.1,0,25
2026-09-09,icon,6,17.5,12,0,31.1
2026-09-09,ukmo,1,17.1,15.4,10.3,37.4
2026-09-09,ukmo,2,17.4,15.5,2.4,37.8
2026-09-09,ukmo,3,17.1,14.1,1.1,47.5
2026-09-09,ukmo,4,16.9,14.1,1,36.4
2026-09-09,ukmo,5,16.4,14.7,11.5,57.2
2026-09-09,ukmo,6,17.4,14.7,0.2,48.6
2026-09-10,arpege,1,16.7,15,0,47.5
2026-09-10,arpege,2,17.8,14.6,0.1,45.1
2026-09-10,arpege,3,17.9,14.4,0.2,43.3
2026-09-10,ecmwf,1,16.9,11.6,0.3,21.8
2026-09-10,ecmwf,2,17.2,11.3,0,24.3
2026-09-10,ecmwf,3,16.9,12.1,0.9,20.9
2026-09-10,ecmwf,4,18.5,11.2,0,17.7
2026-09-10,ecmwf,5,17,11.9,0.9,28
2026-09-10,ecmwf,6,16.9,12.1,1.5,31
2026-09-10,ecmwf,7,16.8,11.4,3,29.8
2026-09-10,gem,1,16.6,13.5,0,39.6
2026-09-10,gem,2,17,13.4,0.1,39.6
2026-09-10,gem,3,17,12.9,0,41
2026-09-10,gem,4,17.2,13.9,1.9,40
2026-09-10,gem,5,17.2,13.5,1.3,49.3
2026-09-10,gem,6,16.5,12.1,0.7,32.4
2026-09-10,gem,7,16.3,13.3,1.4,30.6
2026-09-10,gfs,1,16.3,14.4,0.1,47
2026-09-10,gfs,2,16.7,13.8,0.1,46.4
2026-09-10,gfs,3,16.6,14.1,0.5,46.4
2026-09-10,gfs,4,16.6,12.8,1.7,42.1
2026-09-10,gfs,5,17,14.1,1.9,44.3
2026-09-10,gfs,6,16.5,14.1,2.1,40.8
2026-09-10,gfs,7,16.3,14.5,5.5,47
2026-09-10,icon,1,17,13.9,0,35.2
2026-09-10,icon,2,17.7,14.1,0,27.9
2026-09-10,icon,3,17.1,14,0.2,27
2026-09-10,icon,4,17.3,13.7,0.8,33.3
2026-09-10,icon,5,17.3,13.7,0.2,30.1
2026-09-10,icon,6,17,13.3,0,34.3
2026-09-10,ukmo,1,16.7,15,0,42.1
2026-09-10,ukmo,2,16.7,14.9,0.2,42.1
2026-09-10,ukmo,3,17.5,14.5,0,42.8
2026-09-10,ukmo,4,16.6,14.7,0,41
2026-09-10,ukmo,5,17,14.9,6.4,52.2
2026-09-10,ukmo,6,17.3,14.5,0.3,42.5
2026-09-11,arpege,1,17.4,12.5,0.4,21.3
2026-09-11,arpege,2,19.5,11.7,0,20.5
2026-09-11,arpege,3,20.2,13.1,0,17.9
2026-09-11,ecmwf,1,18.4,11.5,0.6,15.4
2026-09-11,ecmwf,2,17.5,11,0.3,16
2026-09-11,ecmwf,3,18.7,11,0,13.9
2026-09-11,ecmwf,4,18.6,10.5,0.6,15.6
2026-09-11,ecmwf,5,18.6,10.7,0,16.6
2026-09-11,ecmwf,6,17.5,11.6,0.3,16.3
2026-09-11,ecmwf,7,15.3,11.8,0.3,15
2026-09-11,gem,1,17.8,11.3,0,21.2
2026-09-11,gem,2,18.7,11.8,0,19.8
2026-09-11,gem,3,18,11,0,15.1
2026-09-11,gem,4,18.5,12.6,0,18.4
2026-09-11,gem,5,17,13.3,0.3,24.1
2026-09-11,gem,6,16.3,11.6,4.3,21.2
2026-09-11,gem,7,16.9,12.8,0.7,38.2
2026-09-11,gfs,1,17.4,13.7,0.2,26.8
2026-09-11,gfs,2,16.9,14,0,27.7
2026-09-11,gfs,3,16.9,14.3,0.5,31
2026-09-11,gfs,4,17.6,14.7,0,26.3
2026-09-11,gfs,5,17.9,14.1,0.9,33.9
2026-09-11,gfs,6,17.7,14.4,1.3,43.8
2026-09-11,gfs,7,17.1,14.6,10,52.9
2026-09-11,icon,1,18.5,10.8,0.3,17.7
2026-09-11,icon,2,18.5,12,0.1,14.3
2026-09-11,icon,3,18.6,12.8,0.1,14.4
2026-09-11,icon,4,18.1,12.9,0,12
2026-09-11,icon,5,18.6,13.3,0,17.9
2026-09-11,icon,6,17,12.8,8.4,20.7
2026-09-11,ukmo,1,17.9,14.8,0,26.3
2026-09-11,ukmo,2,17.9,15.5,0,25.6
2026-09-11,ukmo,3,17.4,15.7,0,22.7
2026-09-11,ukmo,4,16.3,15.4,0,18.4
2026-09-11,ukmo,5,16.9,15.7,0,30.2
2026-09-11,ukmo,6,16,14.8,10.3,42.5
2026-09-12,arpege,1,18.1,15.4,0.1,24.7
2026-09-12,arpege,2,19,14.9,0.9,23.4
2026-09-12,arpege,3,19.6,13.2,0.1,24.8
2026-09-12,ecmwf,1,19.5,12.5,3,17.8
2026-09-12,ecmwf,2,19.1,12.7,0.6,17.7
2026-09-12,ecmwf,3,19.4,12.9,0.6,19.6
2026-09-12,ecmwf,4,19.5,11.7,3.9,19
2026-09-12,ecmwf,5,19.3,11.5,0,10.7
2026-09-12,ecmwf,6,19.8,11.6,2.1,15.5
2026-09-12,ecmwf,7,18.1,14.4,0.6,15.8
2026-09-12,gem,1,18.1,14.5,0.4,29.2
2026-09-12,gem,2,18.1,14.5,0.8,23.8
2026-09-12,gem,3,18.3,13.7,1.6,27.7
2026-09-12,gem,4,19,9.5,0,20.5
2026-09-12,gem,5,19.6,14.2,0,19.8
2026-09-12,gem,6,18.9,12.4,0.7,19.1
2026-09-12,gem,7,18.9,14,1,32.4
2026-09-12,gfs,1,17.8,15.1,0.1,27.8
2026-09-12,gfs,2,17.9,15.3,1.5,32.8
2026-09-12,gfs,3,17.7,15.1,0.8,24.8
2026-09-12,gfs,4,17.1,14.7,0.2,25.2
2026-09-12,gfs,5,17.8,15.3,0,26.2
2026-09-12,gfs,6,17.7,14.8,0.3,27.9
2026-09-12,gfs,7,16.8,14.8,2.4,55.8
2026-09-12,icon,1,19,15.1,0.4,21.7
2026-09-12,icon,2,18.8,15,5.2,20.1
2026-09-12,icon,3,18.7,15.2,0.2,18.1
2026-09-12,icon,4,19.3,13.8,0.3,15.6
2026-09-12,icon,5,18.9,15.4,0,16.3
2026-09-12,icon,6,18.9,14.2,1,30.1
2026-09-12,ukmo,1,18,15.8,0.1,28.1
2026-09-12,ukmo,2,17.8,15.3,2.4,32
2026-09-12,ukmo,3,17.7,15.6,4.2,35.6
2026-09-12,ukmo,4,18,15.7,0,30.6
2026-09-12,ukmo,5,17.8,16.4,0,20.5
2026-09-12,ukmo,6,17.5,15.7,1.3,28.4
2026-09-13,arpege,1,18,15.7,1.3,33.6
2026-09-13,arpege,2,19.1,15.3,3.9,29.9
2026-09-13,arpege,3,18,15.3,0.6,30
2026-09-13,ecmwf,1,20.1,14.9,0.6,19.6
2026-09-13,ecmwf,2,20.4,14.1,2.7,18.9
2026-09-13,ecmwf,3,20.1,14.9,6.6,20.6
2026-09-13,ecmwf,4,18,14.2,3.9,22.2
2026-09-13,ecmwf,5,19.1,13.6,3.6,18.9
2026-09-13,ecmwf,6,20,13,0.9,21.6
2026-09-13,ecmwf,7,18,14.2,2.4,26.7
2026-09-13,gem,1,19,15,2.5,27
2026-09-13,gem,2,19.5,14.7,1.2,27.7
2026-09-13,gem,3,19.4,15.6,0.6,27.4
2026-09-13,gem,4,18,14.3,1.5,27.4
2026-09-13,gem,5,18,12.5,2.8,22.7
2026-09-13,gem,6,17.9,11.8,2.7,22.7
2026-09-13,gem,7,19,12.8,0,12.6
2026-09-13,gfs,1,17.3,15,0.3,35.5
2026-09-13,gfs,2,17.4,15.4,0.6,35.3
2026-09-13,gfs,3,18,15.2,1.2,35.3
2026-09-13,gfs,4,18.1,14.7,4.1,38
2026-09-13,gfs,5,17.4,14.6,1.1,31
2026-09-13,gfs,6,18.2,15.5,1.7,30
2026-09-13,gfs,7,17.8,15,0.3,34.6
2026-09-13,icon,1,18.3,14.4,1.1,26.8
2026-09-13,icon,2,19.2,14.3,4.4,22.8
2026-09-13,icon,3,19,14.7,5,26.7
2026-09-13,icon,4,18.4,14.5,7.2,21.8
2026-09-13,icon,5,19.8,14.5,1.3,22.4
2026-09-13,icon,6,19.8,14.5,0.3,26
2026-09-13,ukmo,1,17.9,15.8,1.3,35.3
2026-09-13,ukmo,2,17.9,15.6,0.5,37.1
2026-09-13,ukmo,3,17.7,15,0.4,38.9
2026-09-13,ukmo,4,17.5,13.9,0.8,37.8
2026-09-13,ukmo,5,17.7,15.6,6,38.5
2026-09-13,ukmo,6,18.2,15.4,0.5,30.2
2026-09-14,arpege,1,17.3,14.7,0,29.5
2026-09-14,arpege,2,17.1,14.2,0,24.6
2026-09-14,arpege,3,17.4,12.9,0,19
2026-09-14,ecmwf,1,17.4,12.2,0,14.7
2026-09-14,ecmwf,2,16.7,12.6,0,16.9
2026-09-14,ecmwf,3,16.8,12.4,0,15.6
2026-09-14,ecmwf,4,18.3,12.3,0.3,18.3
2026-09-14,ecmwf,5,18.5,13.7,0.3,16.3
2026-09-14,ecmwf,6,17.1,12.7,0,19.6
2026-09-14,ecmwf,7,19.1,15.1,0,24.2
2026-09-14,gem,1,16.6,13.2,0,23
2026-09-14,gem,2,16.6,13.3,0,22.7
2026-09-14,gem,3,17.1,11.2,0,17.6
2026-09-14,gem,4,16.8,11.8,0,22.7
2026-09-14,gem,5,17.3,13,1.1,21.2
2026-09-14,gem,6,17.9,13.7,0.4,22.7
2026-09-14,gem,7,18.7,14.2,0.5,21.2
2026-09-14,gfs,1,16.4,14.1,0,30
2026-09-14,gfs,2,16.8,14.2,0,30.1
2026-09-14,gfs,3,16.6,14.2,0,32.4
2026-09-14,gfs,4,16.8,14.1,0,35.3
2026-09-14,gfs,5,16.9,14.1,0,27.2
2026-09-14,gfs,6,16.8,15.2,0.6,35.7
2026-09-14,gfs,7,17.3,15.3,0.3,34.9
2026-09-14,icon,1,16.4,13.2,0,25.5
2026-09-14,icon,2,16.9,13.7,0,17.6
2026-09-14,icon,3,16.3,13.2,0,18.6
2026-09-14,icon,4,16.5,13.9,0,24.2
2026-09-14,icon,5,19.5,16,0.1,14.3
2026-09-14,icon,6,21.5,15.9,0,17.3
2026-09-14,ukmo,1,16.8,14.9,0,27.4
2026-09-14,ukmo,2,16.4,13.6,0,33.8
2026-09-14,ukmo,3,16.6,13.9,0,34.9
2026-09-14,ukmo,4,16.1,13.4,0,34.6
2026-09-14,ukmo,5,17.2,13.9,0.2,29.2
2026-09-14,ukmo,6,17.6,13.9,0.3,35.3
2026-09-15,arpege,1,22.3,13.2,0,29.4
2026-09-15,arpege,2,22.6,13.1,0.7,21.4
2026-09-15,arpege,3,20.7,13.6,0,25.8
2026-09-15,ecmwf,1,23.1,12.5,1.2,17.2
2026-09-15,ecmwf,2,22,12.3,0.3,18.8
2026-09-15,ecmwf,3,21.2,12.4,0,16.3
2026-09-15,ecmwf,4,21.7,13.3,0.3,19.9
2026-09-15,ecmwf,5,20,14,5.1,25.5
2026-09-15,ecmwf,6,23.6,12,3.9,24
2026-09-15,ecmwf,7,19.4,14.8,2.1,22.4
2026-09-15,gem,1,21.3,12.8,0.4,20.9
2026-09-15,gem,2,20.9,13.3,0.8,18.7
2026-09-15,gem,3,19.7,15.2,0.6,19.1
2026-09-15,gem,4,20.8,13.5,1.2,23.8
2026-09-15,gem,5,20.2,12.9,6.9,26.3
2026-09-15,gem,6,20.1,12.8,3.6,27.4
2026-09-15,gem,7,19.8,14.2,0,19.4
2026-09-15,gfs,1,19.4,15.3,0.7,24.3
2026-09-15,gfs,2,19,15.1,3.9,24.5
2026-09-15,gfs,3,19.2,14.6,1.7,23.9
2026-09-15,gfs,4,19,14.5,0.2,29.4
2026-09-15,gfs,5,19.2,13.9,0,28.7
2026-09-15,gfs,6,19,14.2,0,28.3
2026-09-15,gfs,7,18.4,14.2,0.3,38.1
2026-09-15,icon,1,22.8,13,0.1,19.6
2026-09-15,icon,2,21.4,14,3.2,16.2
2026-09-15,icon,3,22.9,14.2,4.2,17.8
2026-09-15,icon,4,19.6,13.5,10,19.4
2026-09-15,icon,5,18.6,14.9,20.3,24.9
2026-09-15,icon,6,20.3,15.3,2.1,29.9
2026-09-15,ukmo,1,19.7,15.3,0.1,27
2026-09-15,ukmo,2,18,15.3,0.4,28.4
2026-09-15,ukmo,3,18.5,16.2,0,31
2026-09-15,ukmo,4,18.1,15.4,8.9,32.8
2026-09-15,ukmo,5,17.8,15.6,16.6,41.8
2026-09-15,ukmo,6,17.7,14.5,5.4,45
2026-09-16,arpege,1,18.5,15.5,7.5,36.2
2026-09-16,arpege,2,18.7,15.3,2.9,29.5
2026-09-16,arpege,3,19.1,15.1,10.7,30.1
2026-09-16,ecmwf,1,18.3,12.9,9,20.5
2026-09-16,ecmwf,2,18.9,12.9,1.8,18.6
2026-09-16,ecmwf,3,18.6,13.1,1.5,16.2
2026-09-16,ecmwf,4,18.8,12.6,3,15.6
2026-09-16,ecmwf,5,18.1,12.3,2.4,18.6
2026-09-16,ecmwf,6,15.9,12.7,2.1,24.4
2026-09-16,ecmwf,7,16.9,13.2,1.5,23
2026-09-16,gem,1,17.7,14,22.4,29.5
2026-09-16,gem,2,17.5,13.9,6,31.3
2026-09-16,gem,3,18.9,14.4,3.7,26.6
2026-09-16,gem,4,19,14.5,15.8,27.7
2026-09-16,gem,5,18.6,14.3,5,37.8
2026-09-16,gem,6,17,14.3,3.6,25.9
2026-09-16,gem,7,18.7,14.6,3.6,30.6
2026-09-16,gfs,1,17,15,9.6,34.1
2026-09-16,gfs,2,17.3,15.1,1.4,38
2026-09-16,gfs,3,17.1,14.4,22.6,35.1
2026-09-16,gfs,4,18.5,15.1,11.6,27.3
2026-09-16,gfs,5,17.5,14.9,14.6,32.7
2026-09-16,gfs,6,17.3,15.6,1,39.7
2026-09-16,gfs,7,18.3,15.6,0,40.1
2026-09-16,icon,1,18.2,15.3,6.1,28
2026-09-16,icon,2,18.1,14.7,7.6,24.2
2026-09-16,icon,3,17.7,14.3,1.8,22.3
2026-09-16,icon,4,17.4,14.7,0.9,16.9
2026-09-16,icon,5,16.6,13.6,0.5,25.1
2026-09-16,icon,6,16.5,13.6,0.8,36.4
2026-09-16,ukmo,1,18,15.8,13,32.8
2026-09-16,ukmo,2,17.7,15.3,11.3,39.6
2026-09-16,ukmo,3,18,15.4,2.6,33.8
2026-09-16,ukmo,4,17.9,15.7,17.6,33.5
2026-09-16,ukmo,5,16.5,15,3.8,51.1
2026-09-16,ukmo,6,16.8,15.5,0.7,45.7
2026-09-17,arpege,1,17.1,14.4,1.2,38.9
2026-09-17,arpege,2,17.3,13.5,0.3,31.9
2026-09-17,arpege,3,18,13.8,0.1,33.9
2026-09-17,ecmwf,1,17,11.4,0.3,24.7
2026-09-17,ecmwf,2,17.9,11.6,0,24
2026-09-17,ecmwf,3,17.4,11.5,0,23.4
2026-09-17,ecmwf,4,16.4,11.3,0.6,23.4
2026-09-17,ecmwf,5,16.5,10.8,0.9,23.7
2026-09-17,ecmwf,6,16.4,11.5,1.8,26
2026-09-17,ecmwf,7,15.4,11.3,2.4,28.8
2026-09-17,gem,1,16.8,13.1,1.6,33.5
2026-09-17,gem,2,16.9,13,0.7,34.6
2026-09-17,gem,3,16.6,13.5,0.1,34.6
2026-09-17,gem,4,15.9,13.5,7.3,37.1
2026-09-17,gem,5,17.2,13.3,0.2,33.8
2026-09-17,gem,6,15.9,12.5,3.9,35.6
2026-09-17,gem,7,15.5,13.1,7.8,45.4
2026-09-17,gfs,1,16.7,13.6,2.2,42.7
2026-09-17,gfs,2,16.8,13.8,0.7,38.9
2026-09-17,gfs,3,16.4,13.7,1.8,37.4
2026-09-17,gfs,4,15.7,13.7,2.4,38.7
2026-09-17,gfs,5,15.7,14.2,2.3,39.6
2026-09-17,gfs,6,16.3,14.2,2.2,45
2026-09-17,gfs,7,17.8,13.8,3.5,39.7
2026-09-17,icon,1,17.7,13.6,1.2,31.1
2026-09-17,icon,2,17.6,13.4,1.1,27.1
2026-09-17,icon,3,17.4,13.4,0.4,27.3
2026-09-17,icon,4,16.3,13.4,1.7,25
2026-09-17,icon,5,17.5,12.5,0.6,24.7
2026-09-17,icon,6,16.2,13,0.3,26.2
2026-09-17,ukmo,1,17.1,14.2,1.3,41
2026-09-17,ukmo,2,17.3,13.8,0.6,42.8
2026-09-17,ukmo,3,16,14.1,0.9,40.7
2026-09-17,ukmo,4,16.2,13.9,0.6,44.3
2026-09-17,ukmo,5,16.8,14.2,2.1,45.4
2026-09-17,ukmo,6,17,14.9,1.3,45.4
2026-09-18,arpege,1,16.4,14.4,0.8,38.9
2026-09-18,arpege,2,17.7,13.7,1.5,37.9
2026-09-18,arpege,3,18,13.4,0.1,37.5
2026-09-18,ecmwf,1,17.9,13.3,0.6,25.3
2026-09-18,ecmwf,2,17.4,13.4,2.1,24.9
2026-09-18,ecmwf,3,17.3,13.8,2.1,26.1
2026-09-18,ecmwf,4,17.9,13.8,1.8,23.6
2026-09-18,ecmwf,5,15.7,12.7,6.3,29.4
2026-09-18,ecmwf,6,14.9,13,7.5,27.6
2026-09-18,ecmwf,7,17.1,12.5,3,31.1
2026-09-18,gem,1,16.9,13.9,4.5,33.1
2026-09-18,gem,2,17,13.8,5.9,33.8
2026-09-18,gem,3,16.5,14,5.5,36.7
2026-09-18,gem,4,17.1,14.1,6.3,37.8
2026-09-18,gem,5,17.1,13.8,2.9,38.2
2026-09-18,gem,6,15.8,13.4,5.2,40.7
2026-09-18,gem,7,14.9,13.5,4.6,45.4
2026-09-18,gfs,1,16.8,14.2,0.8,41.9
2026-09-18,gfs,2,16.6,14,2.3,39.7
2026-09-18,gfs,3,16.3,14.3,3.7,41.4
2026-09-18,gfs,4,16.2,14,2.4,37.7
2026-09-18,gfs,5,15.6,13,4.3,46.9
2026-09-18,gfs,6,16.3,14.3,6.5,42.5
2026-09-18,gfs,7,15.5,14.1,3.7,45.9
2026-09-18,icon,1,17.3,14,1.8,31.2
2026-09-18,icon,2,16.5,13.4,0.8,29.3
2026-09-18,icon,3,16.3,13,0.2,28.5
2026-09-18,icon,4,17.2,14.2,1.1,26.6
2026-09-18,icon,5,16.7,13.6,0.3,33.2
2026-09-18,icon,6,17.1,13.6,0,25.1
2026-09-18,ukmo,1,16.9,13.7,5.5,44.6
2026-09-18,ukmo,2,17.1,14.2,0.1,42.1
2026-09-18,ukmo,3,16.8,14.1,0,37.1
2026-09-18,ukmo,4,16.8,14.6,0.3,42.8
2026-09-18,ukmo,5,15.4,14.7,6.8,50.8
2026-09-18,ukmo,6,15.9,14.2,3.1,47.5
2026-09-19,arpege,1,17.8,14.5,1.1,46.1
2026-09-19,arpege,2,18.4,14.8,0.4,42.3
2026-09-19,arpege,3,18.9,14,1.9,40.2
2026-09-19,ecmwf,1,19.3,13.9,0.6,30.6
2026-09-19,ecmwf,2,18.9,13.9,0.6,31.4
2026-09-19,ecmwf,3,18.8,13.3,0.9,32.4
2026-09-19,ecmwf,4,18.2,12.3,1.5,31.3
2026-09-19,ecmwf,5,18.7,12.3,0.6,26.9
2026-09-19,ecmwf,6,16.6,11.7,4.2,33
2026-09-19,ecmwf,7,17.4,13.1,3.3,31.9
2026-09-19,gem,1,18.2,13.8,2.4,37.8
2026-09-19,gem,2,18.5,13.6,1.9,38.5
2026-09-19,gem,3,17.5,13.6,1.6,38.9
2026-09-19,gem,4,17.5,13.4,1.2,35.6
2026-09-19,gem,5,17.9,13.6,0.7,38.5
2026-09-19,gem,6,17.6,13.5,2,42.8
2026-09-19,gem,7,16.9,13.4,1.1,32
2026-09-19,gfs,1,17.7,14.5,1.2,45.1
2026-09-19,gfs,2,17.8,14.4,2,44.7
2026-09-19,gfs,3,17.1,14.3,2.4,42.6
2026-09-19,gfs,4,16.8,13.3,0.6,41.6
2026-09-19,gfs,5,17.1,13.6,1.7,38.9
2026-09-19,gfs,6,16.6,13.3,1.5,52.6
2026-09-19,gfs,7,16.8,13.1,4.2,54
2026-09-19,icon,1,17.8,13.6,1.2,37.2
2026-09-19,icon,2,18.3,14.2,0.9,27.3
2026-09-19,icon,3,19.1,13.5,2.8,31.3
2026-09-19,icon,4,17.5,13.4,1.2,25.8
2026-09-19,icon,5,16.5,13,1.9,29.6
2026-09-19,icon,6,18.4,13.4,3.4,31.1
2026-09-19,ukmo,1,17.8,15,1.9,44.3
2026-09-19,ukmo,2,17.9,15.4,0.7,45.4
2026-09-19,ukmo,3,17.5,15.1,0.3,41.8
2026-09-19,ukmo,4,17.2,14.9,0.3,43.6
2026-09-19,ukmo,5,17.4,13.8,0.7,47.9
2026-09-19,ukmo,6,17,13.9,6.6,53.6
2026-09-20,arpege,1,17.3,15.1,8.9,59.3
2026-09-20,arpege,2,17.2,14.9,0.3,50.3
2026-09-20,arpege,3,17.4,14.9,0.3,49.1
2026-09-20,ecmwf,1,17.2,12.8,3.6,31
2026-09-20,ecmwf,2,17.4,13.5,2.7,28.8
2026-09-20,ecmwf,3,17.1,13.5,5.1,31.1
2026-09-20,ecmwf,4,17.5,13,6.3,31.8
2026-09-20,ecmwf,5,18.4,12.7,5.1,32.4
2026-09-20,ecmwf,6,17.7,12.8,0.3,28.4
2026-09-20,ecmwf,7,18.3,12.6,2.1,24.3
2026-09-20,gem,1,16.8,13.8,7.8,51.5
2026-09-20,gem,2,17.1,14.3,2.8,53.6
2026-09-20,gem,3,16.9,14,6.3,50.4
2026-09-20,gem,4,16.9,13.7,4.3,45.7
2026-09-20,gem,5,17.1,14.7,1.1,39.2
2026-09-20,gem,6,19.4,14.6,0.6,43.9
2026-09-20,gem,7,18.1,14.3,3.5,32.4
2026-09-20,gfs,1,17.1,14.2,3.5,55.2
2026-09-20,gfs,2,17,14.6,3.7,51.5
2026-09-20,gfs,3,16.7,14.5,2.5,53.3
2026-09-20,gfs,4,16.5,14.1,1.3,54.3
2026-09-20,gfs,5,15.9,14.2,1.3,46.7
2026-09-20,gfs,6,17,14.4,0.1,41.6
2026-09-20,gfs,7,15.9,13.7,2,56.6
2026-09-20,icon,1,17.4,14.8,2.5,46.8
2026-09-20,icon,2,17.9,14,2.9,38.8
2026-09-20,icon,3,17.3,14.3,6.8,38.4
2026-09-20,icon,4,17.1,13.9,9.9,41.6
2026-09-20,icon,5,16.8,14,1.1,36
2026-09-20,icon,6,17,13.7,0.5,34.9
2026-09-20,ukmo,1,17.3,14.9,2.8,54.4
2026-09-20,ukmo,2,17,15.1,3.3,56.9
2026-09-20,ukmo,3,17,15.5,2.1,51.1
2026-09-20,ukmo,4,16.9,15.4,12.3,46.1
2026-09-20,ukmo,5,17.1,14.5,1.9,55.1
2026-09-20,ukmo,6,16.6,15.2,1,51.5
2026-09-21,arpege,1,16.3,14.9,0,61.1
2026-09-21,arpege,2,17.1,14.3,0,55.4
2026-09-21,arpege,3,17.2,14.9,0,51.9
2026-09-21,ecmwf,1,16,12.2,0.3,34.1
2026-09-21,ecmwf,2,15.8,12.4,1.5,37.4
2026-09-21,ecmwf,3,16.5,12.2,2.4,36.4
2026-09-21,ecmwf,4,16.7,12.4,0.6,37.2
2026-09-21,ecmwf,5,16.3,11.5,0,35.3
2026-09-21,ecmwf,6,16.8,13.1,0.9,31.7
2026-09-21,ecmwf,7,16.8,12.2,0.9,35.6
2026-09-21,gem,1,15.3,13,1.5,52.2
2026-09-21,gem,2,15.3,13.6,0.3,52.6
2026-09-21,gem,3,16.2,13.5,0,50.4
2026-09-21,gem,4,16.1,12.9,0.4,41.8
2026-09-21,gem,5,15.9,12.8,0.3,40
2026-09-21,gem,6,17.9,13.3,0,41
2026-09-21,gem,7,18.6,13.1,0.3,30.2
2026-09-21,gfs,1,15.3,13.8,0.9,55.6
2026-09-21,gfs,2,15.4,13.7,1.6,55
2026-09-21,gfs,3,15.8,13.9,0.8,54
2026-09-21,gfs,4,15.5,14.1,1.5,54.6
2026-09-21,gfs,5,15.3,13.7,0,51.1
2026-09-21,gfs,6,15.8,13.6,0.6,51.4
2026-09-21,gfs,7,17.1,14.3,0.3,46.1
2026-09-21,icon,1,15.7,13.3,0.4,45.6
2026-09-21,icon,2,15.7,13.4,1.2,37.2
2026-09-21,icon,3,16.2,13.7,0.9,39.2
2026-09-21,icon,4,16.1,13.9,1.2,40.5
2026-09-21,icon,5,16.7,13.2,0,38.3
2026-09-21,icon,6,16.7,13.6,0.2,33.2
2026-09-21,ukmo,1,15.5,14.2,1.7,52.6
2026-09-21,ukmo,2,16.1,13.9,0.5,58
2026-09-21,ukmo,3,16.2,14.5,0.4,55.4
2026-09-21,ukmo,4,16,14.8,0,51.1
2026-09-21,ukmo,5,16.5,14.6,0.8,54.7
2026-09-21,ukmo,6,15.3,14.4,0,48.6
2026-09-22,arpege,1,16,13.3,0,32
2026-09-22,arpege,2,17.5,12.6,0,30.7
2026-09-22,arpege,3,17.1,13.1,0,30.6
2026-09-22,ecmwf,1,16.6,11.2,0,18.1
2026-09-22,ecmwf,2,16.6,11.8,0,20.5
2026-09-22,ecmwf,3,16.3,11.1,0,20.4
2026-09-22,ecmwf,4,16.8,11.9,0,18.4
2026-09-22,ecmwf,5,15.8,11.7,0,24.5
2026-09-22,ecmwf,6,16.5,12,0,23.2
2026-09-22,ecmwf,7,17.8,11.3,0,18.4
2026-09-22,gem,1,16.1,12.1,0,25.9
2026-09-22,gem,2,16.1,12.4,0,29.5
2026-09-22,gem,3,16.9,10.8,0,24.1
2026-09-22,gem,4,16.6,11.9,0,27.7
2026-09-22,gem,5,16.9,11.5,0,23.4
2026-09-22,gem,6,16.7,10.7,0,23.8
2026-09-22,gem,7,19.3,10.8,0,19.4
2026-09-22,gfs,1,15.5,13.1,0,30.8
2026-09-22,gfs,2,15.2,13.1,0,32.7
2026-09-22,gfs,3,15.3,13.2,0,38.5
2026-09-22,gfs,4,15.6,13.5,0,39.8
2026-09-22,gfs,5,16.2,12.8,0,41.6
2026-09-22,gfs,6,14.6,12.6,0,27.1
2026-09-22,gfs,7,15.2,12.9,0,30
2026-09-22,icon,1,15.9,12.1,0,26.2
2026-09-22,icon,2,16.1,12.6,0,21.8
2026-09-22,icon,3,16.1,12.9,0,22.1
2026-09-22,icon,4,15.7,12.8,0,19
2026-09-22,icon,5,15.6,12.8,0,27.4
2026-09-22,icon,6,16.4,13,0,21
2026-09-22,ukmo,1,16.3,13.1,0,36
2026-09-22,ukmo,2,16.2,13,0,33.5
2026-09-22,ukmo,3,15.9,12.9,0,34.2
2026-09-22,ukmo,4,14.7,13.7,0,38.5
2026-09-22,ukmo,5,15.5,13.8,0,32.8
2026-09-22,ukmo,6,17,13.9,0,42.1
2026-09-23,arpege,1,15.9,13.8,0.3,21
2026-09-23,arpege,2,16.6,11.3,0,12.5
2026-09-23,arpege,3,16.9,13.7,3.9,19.9
2026-09-23,ecmwf,1,17.3,9.4,0,15.6
2026-09-23,ecmwf,2,16.6,9,0,16.1
2026-09-23,ecmwf,3,17.5,10.5,0,8.3
2026-09-23,ecmwf,4,17.5,8.6,0,8.9
2026-09-23,ecmwf,5,17.2,8.1,0.6,21.3
2026-09-23,ecmwf,6,17.2,10.5,0,9.7
2026-09-23,ecmwf,7,16.5,11.1,0,13.4
2026-09-23,gem,1,16.8,12,0,19.8
2026-09-23,gem,2,17.4,12.8,0,11.9
2026-09-23,gem,3,16.3,11.7,0,14
2026-09-23,gem,4,17.6,11.5,2.4,15.5
2026-09-23,gem,5,17.2,10.2,0,15.1
2026-09-23,gem,6,16.8,9.1,0,13.7
2026-09-23,gem,7,15.6,10.7,0,11.2
2026-09-23,gfs,1,16.3,13.7,1.4,28.4
2026-09-23,gfs,2,15.9,13.3,1.9,19.8
2026-09-23,gfs,3,15.3,13.2,0,14
2026-09-23,gfs,4,15.9,14.4,0,18.9
2026-09-23,gfs,5,15.9,14,0.9,29.5
2026-09-23,gfs,6,15.9,13.2,0,18.5
2026-09-23,gfs,7,15.7,14.2,1,28.1
2026-09-23,icon,1,15.5,13.4,1.1,19.6
2026-09-23,icon,2,16.9,13.8,0.2,18.1
2026-09-23,icon,3,17.3,13.7,0.1,12.6
2026-09-23,icon,4,17,12.3,0.3,12.4
2026-09-23,icon,5,16.7,13.1,0,10.7
2026-09-23,icon,6,16.6,12.5,5.5,36.1
2026-09-23,ukmo,1,17.1,14.4,1.6,25.2
2026-09-23,ukmo,2,16.4,14.5,0,23
2026-09-23,ukmo,3,15.8,15,0,18
2026-09-23,ukmo,4,16.2,14,6.9,36.4
2026-09-23,ukmo,5,16.9,14.5,2,30.2
2026-09-23,ukmo,6,16.9,14.2,13.5,56.2
2026-09-24,arpege,1,15.9,13.1,2,50.9
2026-09-24,arpege,2,17.5,13.3,0,21.4
2026-09-24,arpege,3,17.6,13.6,5.9,24.1
2026-09-24,ecmwf,1,15.4,11.7,5.1,29.6
2026-09-24,ecmwf,2,15.3,11.6,9.9,35.2
2026-09-24,ecmwf,3,16,12.4,3.3,39
2026-09-24,ecmwf,4,17.1,13.1,2.1,11.7
2026-09-24,ecmwf,5,18,11.6,0,19.2
2026-09-24,ecmwf,6,15.8,11.5,3.3,27.1
2026-09-24,ecmwf,7,18.8,9.1,0.6,20.7
2026-09-24,gem,1,15.2,13.4,6.5,47.5
2026-09-24,gem,2,15.6,13.5,3.3,41.4
2026-09-24,gem,3,17,14,0.6,23.8
2026-09-24,gem,4,16.6,12.4,0.4,31
2026-09-24,gem,5,17.3,12.2,1.7,17.6
2026-09-24,gem,6,18.2,12.9,1.1,17.6
2026-09-24,gem,7,17.8,10.4,0,22
2026-09-24,gfs,1,15.2,13.3,2.7,59.3
2026-09-24,gfs,2,15.2,12.8,6.2,63.9
2026-09-24,gfs,3,15.5,13.8,0.5,25.7
2026-09-24,gfs,4,15.6,14.7,0,25.3
2026-09-24,gfs,5,15,13.5,1.9,57.6
2026-09-24,gfs,6,15.9,13.3,0.9,35.7
2026-09-24,gfs,7,15.8,11.5,1.7,46.4
2026-09-24,icon,1,15.3,13.4,3.9,42.4
2026-09-24,icon,2,15.8,13.3,5.8,22.4
2026-09-24,icon,3,16.4,13.4,0.6,36
2026-09-24,icon,4,16.7,13.9,1.9,27.3
2026-09-24,icon,5,17.4,13.5,0,17.8
2026-09-24,icon,6,18.7,13.2,0.2,37.3
2026-09-24,ukmo,1,15.9,13.4,3.3,46.4
2026-09-24,ukmo,2,16.3,14.2,0.3,31.7
2026-09-24,ukmo,3,16,14.7,0,22
2026-09-24,ukmo,4,16.3,14.6,3.9,35.3
2026-09-24,ukmo,5,16.4,14,9.7,36.4
2026-09-24,ukmo,6,15.4,13.8,3.1,54.4
2026-09-25,arpege,1,16.5,13.5,0,29.1
2026-09-25,arpege,2,17.4,13.1,0,22.7
2026-09-25,arpege,3,16.3,13.4,0.1,22.7
2026-09-25,ecmwf,1,17.1,10.1,0,17.7
2026-09-25,ecmwf,2,17.4,10.8,0,16.3
2026-09-25,ecmwf,3,16.9,10.5,0,16
2026-09-25,ecmwf,4,16.3,10.9,0.3,19.3
2026-09-25,ecmwf,5,16.1,12.2,0.3,17.8
2026-09-25,ecmwf,6,16.1,11.6,0.3,17.4
2026-09-25,ecmwf,7,16.7,11.9,0.3,17.2
2026-09-25,gem,1,16.6,12.1,0,25.2
2026-09-25,gem,2,16.3,12.2,0,21.6
2026-09-25,gem,3,15.6,12,0,23.4
2026-09-25,gem,4,15.7,11.7,0.3,26.6
2026-09-25,gem,5,15.1,11.2,0,13.3
2026-09-25,gem,6,17.2,13,1.1,17.6
2026-09-25,gem,7,16.9,11.6,0.3,16.6
2026-09-25,gfs,1,16.2,13.1,0,32.9
2026-09-25,gfs,2,16.2,13.5,0.1,27.6
2026-09-25,gfs,3,15.8,14.2,0.5,23.9
2026-09-25,gfs,4,16.1,14.2,0.2,34.3
2026-09-25,gfs,5,14.9,13.7,0,28.1
2026-09-25,gfs,6,15.7,13.1,0,30.2
2026-09-25,gfs,7,16.3,13.4,0,19.9
2026-09-25,icon,1,16.3,12.4,0,26.2
2026-09-25,icon,2,16.7,12.9,0,19.5
2026-09-25,icon,3,15.7,13.3,0,23.6
2026-09-25,icon,4,16.6,13,0.2,22.2
2026-09-25,icon,5,16.5,13.1,0,22.3
2026-09-25,icon,6,17.9,14.1,0.3,26.1
2026-09-25,ukmo,1,16.6,13.8,0,29.9
2026-09-25,ukmo,2,16.4,14,0,25.6
2026-09-25,ukmo,3,16.2,13.5,0,31.7
2026-09-25,ukmo,4,15.9,13.2,0.1,29.5
2026-09-25,ukmo,5,16.1,14.2,0,27
2026-09-25,ukmo,6,15.7,14.1,0.6,23.4
2026-09-27,metno,1,18.7,10.1,0,31
2026-09-27,mosmix,1,18.1,11.4,0,25.9
2026-09-28,metno,2,20,15.1,0,27.7
2026-09-28,mosmix,2,19.1,14.6,0,20.4
2026-09-29,metno,3,19.5,15.2,0,20.5
2026-09-29,mosmix,3,19.7,15.4,0,18.5
2026-09-30,metno,4,20.2,15.2,0,27.7
2026-09-30,mosmix,4,18.7,14.8,0,27.8
2026-10-01,metno,5,19.5,14.5,0,24.1
2026-10-01,mosmix,5,18,14,0,20.4
2026-10-02,metno,6,17.8,14.2,0,16.6
2026-10-02,mosmix,6,16.7,13.9,0,14.8
2026-10-03,metno,7,16.3,13.2,0,10.1
2026-10-03,mosmix,7,16.2,13.7,0,18.5
