target,provider,lead,tmax,tmin,precip,wind
2026-06-11,arpege,1,18.2,9,5.2,
2026-06-11,arpege,2,16.7,9.7,0.8,
2026-06-11,arpege,3,16.9,9.5,2.3,
2026-06-11,ecmwf,1,15.7,8.1,5.1,15.9
2026-06-11,ecmwf,2,15.9,7.9,2.7,16.2
2026-06-11,ecmwf,3,15.5,8.3,5.1,17.6
2026-06-11,ecmwf,4,16.3,8.1,3.3,12.9
2026-06-11,ecmwf,5,15.2,8,8.1,15.5
2026-06-11,ecmwf,6,16.3,8.9,2.7,15.2
2026-06-11,ecmwf,7,17.6,10.1,0.3,16.9
2026-06-11,gem,1,17.6,8.8,2.4,16.6
2026-06-11,gem,2,15.9,9.6,2.8,16.6
2026-06-11,gem,3,17.6,10,3.7,15.1
2026-06-11,gem,4,16.1,8.4,6.2,16.9
2026-06-11,gem,5,18.5,9.3,1.8,
2026-06-11,gem,7,20.1,10.8,11,25.2
2026-06-11,gfs,1,18,8.7,1.1,18.9
2026-06-11,gfs,2,17.3,8.7,2.2,14.8
2026-06-11,gfs,3,16,7.4,2.9,16.8
2026-06-11,gfs,4,16.2,7.6,3.7,18.7
2026-06-11,gfs,5,18.6,7.7,1.9,20.5
2026-06-11,gfs,6,19.2,8.1,0.5,18.3
2026-06-11,gfs,7,24.2,9,0.4,19.7
2026-06-11,icon,1,17.5,8.6,3.1,13.3
2026-06-11,icon,2,18.5,10.1,0.2,13.2
2026-06-11,icon,3,17.6,10.6,1.2,12.5
2026-06-11,icon,4,18.2,9.2,1.4,14.6
2026-06-11,icon,5,18,9.5,2.4,13
2026-06-11,icon,6,19,10.4,2.6,15.3
2026-06-11,ukmo,1,17.1,10.2,,14
2026-06-11,ukmo,2,16.8,8.8,,
2026-06-11,ukmo,4,16.6,9.7,1.8,16.9
2026-06-11,ukmo,6,20.1,11.3,,18.4
2026-06-12,arpege,1,17,10.7,3.7,
2026-06-12,arpege,2,16.9,11.6,7.6,
2026-06-12,arpege,3,15.9,10.5,4.2,
2026-06-12,ecmwf,1,17,10.2,3.9,27
2026-06-12,ecmwf,2,17.7,10.8,9,27.1
2026-06-12,ecmwf,3,17.4,7.9,9.6,24.9
2026-06-12,ecmwf,4,16.4,10.3,6.9,22.5
2026-06-12,ecmwf,5,16.5,12,6,23.9
2026-06-12,ecmwf,6,16.4,11.8,6.6,20.9
2026-06-12,ecmwf,7,16.9,8.7,2.4,20.3
2026-06-12,gem,1,17.1,10.4,6.2,25.2
2026-06-12,gem,2,17.8,11.2,4.5,23
2026-06-12,gem,3,15.7,8.2,4.3,26.3
2026-06-12,gem,4,16.3,6.5,3.2,20.2
2026-06-12,gem,5,18.7,9.5,7.1,
2026-06-12,gem,7,17.1,10.2,1.4,23.4
2026-06-12,gfs,1,17.6,8.9,2.1,21
2026-06-12,gfs,2,17.3,7.7,4,19.6
2026-06-12,gfs,3,19.1,6.4,0.7,13.7
2026-06-12,gfs,4,14.4,10,6.9,12.6
2026-06-12,gfs,5,17.4,8.6,0.9,17.3
2026-06-12,gfs,6,16.2,6.5,2.8,12.9
2026-06-12,gfs,7,16.1,7.8,1.4,17.9
2026-06-12,icon,1,17.7,11.8,1.8,17.8
2026-06-12,icon,2,20.2,11.6,3.1,17.7
2026-06-12,icon,3,18.8,11.8,1.9,20.5
2026-06-12,icon,4,17.4,11.4,4.3,15.5
2026-06-12,icon,5,17.1,11.7,12.2,22
2026-06-12,icon,6,17.8,11,8.4,17.8
2026-06-12,ukmo,1,17,12.2,4.3,21.2
2026-06-12,ukmo,2,18.7,11,,
2026-06-12,ukmo,4,16.3,10.6,8.8,25.6
2026-06-12,ukmo,6,17.5,11.6,,24.1
2026-06-13,arpege,1,17.2,12.6,6.8,
2026-06-13,arpege,2,15.2,11.4,2.5,
2026-06-13,arpege,3,17.2,11,1.2,
2026-06-13,ecmwf,1,15.1,10.8,6,30.5
2026-06-13,ecmwf,2,15.1,11.6,4.5,30.1
2026-06-13,ecmwf,3,15.1,10.5,8.7,30.4
2026-06-13,ecmwf,4,16.2,11.9,3.9,31.2
2026-06-13,ecmwf,5,18.2,11.1,5.7,30.9
2026-06-13,ecmwf,6,18.8,11.5,5.1,27.3
2026-06-13,ecmwf,7,20.3,11.2,0.9,20.9
2026-06-13,gem,1,15.4,11.7,6.8,34.6
2026-06-13,gem,2,16.6,12,3.7,35.3
2026-06-13,gem,3,18.4,11.9,0.4,27
2026-06-13,gem,4,19.1,12,0.9,28.8
2026-06-13,gem,5,20,12.4,1.5,
2026-06-13,gem,7,20.7,11,1.6,28.4
2026-06-13,gfs,1,17.1,10.6,3.2,27.8
2026-06-13,gfs,2,16.2,10.3,3.8,27.8
2026-06-13,gfs,3,18.9,10,0.8,28.4
2026-06-13,gfs,4,18.5,10.2,0.2,27.9
2026-06-13,gfs,5,19.1,11.4,1.4,25.1
2026-06-13,gfs,6,18.7,7.6,1,26.9
2026-06-13,gfs,7,16.5,6.9,4.7,19.2
2026-06-13,icon,1,17.2,12.5,6.9,27.7
2026-06-13,icon,2,17.5,12.8,1,21.1
2026-06-13,icon,3,18.4,11.7,0,21.7
2026-06-13,icon,4,18.8,12.4,0.1,20.8
2026-06-13,icon,5,20.7,12.8,0,17.4
2026-06-13,icon,6,18.7,11.1,0.2,21.3
2026-06-13,ukmo,1,16.7,12.2,3.3,27.4
2026-06-13,ukmo,2,16.3,12.7,,
2026-06-13,ukmo,4,17.5,12.9,2.6,32
2026-06-13,ukmo,6,17.3,12,,29.2
2026-06-14,arpege,1,15.8,11.1,1.1,
2026-06-14,arpege,2,17.4,10.7,1.4,
2026-06-14,arpege,3,16.3,10.7,4.2,
2026-06-14,ecmwf,1,16,9.9,6,31
2026-06-14,ecmwf,2,16.3,9.9,5.7,31.9
2026-06-14,ecmwf,3,15.7,9.8,6.6,31.4
2026-06-14,ecmwf,4,16.1,9.9,7.5,32.4
2026-06-14,ecmwf,5,16,11,3.9,30.6
2026-06-14,ecmwf,6,19.1,11.7,0.9,22.9
2026-06-14,ecmwf,7,21.8,11.6,6,19.6
2026-06-14,gem,1,15.5,10.8,6.5,32.8
2026-06-14,gem,2,16.7,10.6,4.9,32
2026-06-14,gem,3,16.8,11.6,2.3,27.7
2026-06-14,gem,4,15.8,10.9,5,28.8
2026-06-14,gem,5,18.4,10.4,0.2,
2026-06-14,gem,7,17.6,12.1,0.4,29.5
2026-06-14,gfs,1,17.7,9.2,3.1,29.5
2026-06-14,gfs,2,17.4,9.1,2.2,26.3
2026-06-14,gfs,3,17.6,9.3,5.1,27.1
2026-06-14,gfs,4,17.1,9.6,2.7,30.3
2026-06-14,gfs,5,19.3,7.8,0.1,27.3
2026-06-14,gfs,6,21.9,10.4,0.2,23.1
2026-06-14,gfs,7,18.9,8.7,0.4,28.6
2026-06-14,icon,1,15.5,11.2,3.1,25.2
2026-06-14,icon,2,16.6,11.4,4.6,20.9
2026-06-14,icon,3,18,11.3,3.7,21.9
2026-06-14,icon,4,17.5,11.8,0.6,23.2
2026-06-14,icon,5,17.3,12.3,0,27.1
2026-06-14,icon,6,23,12.1,1,18.6
2026-06-14,ukmo,1,15.8,10.6,17.2,29.9
2026-06-14,ukmo,2,16.9,10.9,,
2026-06-14,ukmo,4,17.7,11.2,4.6,25.6
2026-06-14,ukmo,6,18.9,11.9,,22.7
2026-06-15,arpege,1,17.2,12.9,0.1,
2026-06-15,arpege,2,17.6,12.3,0,
2026-06-15,arpege,3,17.7,12.9,0,
2026-06-15,ecmwf,1,16,11.4,0.3,31.1
2026-06-15,ecmwf,2,15.6,12,0.3,30.4
2026-06-15,ecmwf,3,15.5,12.3,0.6,31.7
2026-06-15,ecmwf,4,16.7,11,0,27.7
2026-06-15,ecmwf,5,15.1,11.8,0.6,30.9
2026-06-15,ecmwf,6,16.5,10.3,0,26.1
2026-06-15,ecmwf,7,21,10.7,0.6,23.1
2026-06-15,gem,1,16.7,12.2,0.7,32.8
2026-06-15,gem,2,17,11.5,0.4,29.9
2026-06-15,gem,3,17.7,11.6,1.1,28.8
2026-06-15,gem,4,19.6,9.2,0,23.4
2026-06-15,gem,5,20.9,10.4,0.3,
2026-06-15,gem,7,19.5,8.2,0.8,18
2026-06-15,gfs,1,17,10.8,0.1,28.9
2026-06-15,gfs,2,15.8,11.9,0.6,27.7
2026-06-15,gfs,3,17.6,10,0,25.8
2026-06-15,gfs,4,18,10.5,0,27.2
2026-06-15,gfs,5,17.7,8.1,0,22.1
2026-06-15,gfs,6,25.3,9.3,0,20.6
2026-06-15,gfs,7,23.7,9.6,0,16.8
2026-06-15,icon,1,16.7,11.7,0,31
2026-06-15,icon,2,17,12.1,0,22.1
2026-06-15,icon,3,17.4,12,0,21.6
2026-06-15,icon,4,17.4,13.1,0.1,20.4
2026-06-15,icon,5,18.4,12.3,0,23.7
2026-06-15,icon,6,20.3,12.6,1.8,16.7
2026-06-15,ukmo,1,16.3,12.1,0.5,26.6
2026-06-15,ukmo,2,16.7,11.2,0,28.4
2026-06-15,ukmo,3,17.4,11.7,0,26.3
2026-06-15,ukmo,4,15.9,11.9,0,31
2026-06-15,ukmo,5,17.7,12,0,22
2026-06-15,ukmo,6,17.7,11.8,0,24.5
2026-06-16,arpege,1,20,11.7,0,
2026-06-16,arpege,2,19.8,10.1,0,
2026-06-16,arpege,3,20.5,11.2,0,
2026-06-16,ecmwf,1,18.4,10.8,0,13.7
2026-06-16,ecmwf,2,17.7,11.4,0,17.3
2026-06-16,ecmwf,3,17.6,11.1,0,14.6
2026-06-16,ecmwf,4,20.9,8.5,0,12.4
2026-06-16,ecmwf,5,19.6,9.4,1.5,17
2026-06-16,ecmwf,6,15.9,11,0.9,17.8
2026-06-16,ecmwf,7,24.2,11,0.3,22.3
2026-06-16,gem,1,18.8,11.4,0,16.6
2026-06-16,gem,2,18.9,10.3,0,15.8
2026-06-16,gem,3,18.6,7.7,0,13.7
2026-06-16,gem,4,20.8,8.2,0,11.5
2026-06-16,gem,5,20.3,7.4,0,
2026-06-16,gem,7,22.3,10.4,0,14.8
2026-06-16,gfs,1,20.6,7.8,0,16.7
2026-06-16,gfs,2,18.6,10.8,0,16.6
2026-06-16,gfs,3,17.6,11.6,0.3,17.3
2026-06-16,gfs,4,18.3,11.2,0,19.7
2026-06-16,gfs,5,18.6,7.6,0,21.3
2026-06-16,gfs,6,20.6,8,0,11.5
2026-06-16,gfs,7,27.5,10.3,0.3,15.1
2026-06-16,icon,1,17.6,9.4,0,11.7
2026-06-16,icon,2,19.1,10,0,9.1
2026-06-16,icon,3,17.5,10.9,1.1,9.9
2026-06-16,icon,4,21.5,11.1,0,11.8
2026-06-16,icon,5,20.9,10.9,0,21.3
2026-06-16,icon,6,21.1,9.3,0,16
2026-06-16,ukmo,1,18.9,11.4,0,13.7
2026-06-16,ukmo,2,18.8,10.5,0,16.2
2026-06-16,ukmo,3,19.8,11.6,0,14.8
2026-06-16,ukmo,4,17.9,11.9,0,17.3
2026-06-16,ukmo,5,18.9,11.7,0,22.7
2026-06-16,ukmo,6,21.4,11.8,0,14
2026-06-17,arpege,1,23.6,8,1.9,
2026-06-17,arpege,2,23.1,11.3,0,
2026-06-17,arpege,3,21.1,12.6,0.3,
2026-06-17,ecmwf,1,23.6,8.3,2.1,15.4
2026-06-17,ecmwf,2,22,7.8,0.3,11.9
2026-06-17,ecmwf,3,20.1,7.1,0,11.5
2026-06-17,ecmwf,4,21,14.2,2.1,17.6
2026-06-17,ecmwf,5,19.2,14.5,3.6,18.7
2026-06-17,ecmwf,6,20,13.8,3.6,22.3
2026-06-17,ecmwf,7,18.1,11.3,1.2,14.8
2026-06-17,gem,1,24.1,7.4,0.1,22.7
2026-06-17,gem,2,22.9,7.7,0,15.1
2026-06-17,gem,3,23.7,8.3,0,19.1
2026-06-17,gem,4,25.8,15.1,0,16.9
2026-06-17,gem,5,25.8,15.2,0,
2026-06-17,gem,7,22.6,11.9,0,17.3
2026-06-17,gfs,1,23,8,2,13.4
2026-06-17,gfs,2,23.2,8,0.1,13.9
2026-06-17,gfs,3,23,8.3,0,12.9
2026-06-17,gfs,4,23.3,12.3,1.1,20.1
2026-06-17,gfs,5,21.4,8.4,0.1,15.4
2026-06-17,gfs,6,21.5,12.9,0.4,20.6
2026-06-17,gfs,7,25.3,16.5,1.3,23.1
2026-06-17,icon,1,20.9,9.6,0.5,14.5
2026-06-17,icon,2,21.7,10.1,0,11.6
2026-06-17,icon,3,19.9,12.3,2.5,9.1
2026-06-17,icon,4,20.2,14.6,3.5,11.2
2026-06-17,icon,5,25.3,14.1,0.9,10.5
2026-06-17,icon,6,25.8,9.5,0,12.5
2026-06-17,ukmo,1,22.7,10.2,2.8,13.3
2026-06-17,ukmo,2,22.5,10.8,0,11.9
2026-06-17,ukmo,3,20.4,9.7,2.4,15.5
2026-06-17,ukmo,4,21.1,10.3,0.7,16.9
2026-06-17,ukmo,5,21,11.3,1.2,13
2026-06-17,ukmo,6,23.9,16.2,0,13.7
2026-06-18,arpege,1,26.7,17.3,0,
2026-06-18,arpege,2,25.6,16.5,0,
2026-06-18,arpege,3,26.5,16.7,0,
2026-06-18,ecmwf,1,25.1,16.4,1.5,17.7
2026-06-18,ecmwf,2,25.6,16.6,3,17.5
2026-06-18,ecmwf,3,24.3,16.6,1.8,17.8
2026-06-18,ecmwf,4,24.7,17.3,2.7,17.5
2026-06-18,ecmwf,5,25.1,12.1,2.4,18.6
2026-06-18,ecmwf,6,20.5,14.4,0.6,25.2
2026-06-18,ecmwf,7,27.6,14.8,0,18.1
2026-06-18,gem,1,27.9,14,0,16.9
2026-06-18,gem,2,27.1,14.8,0,14.4
2026-06-18,gem,3,27.6,14.3,0,15.5
2026-06-18,gem,4,29.1,15.2,0,16.9
2026-06-18,gem,5,27.2,16.9,0,
2026-06-18,gem,7,26.1,17.1,0,20.5
2026-06-18,gfs,1,24.9,15,0.7,15.1
2026-06-18,gfs,2,24.8,14.7,0.3,15.6
2026-06-18,gfs,3,25.8,15.4,1.1,17.4
2026-06-18,gfs,4,26.8,14.8,0.3,18.1
2026-06-18,gfs,5,24.3,14.6,0.2,19.3
2026-06-18,gfs,6,25.8,14.5,0.3,15.2
2026-06-18,gfs,7,27,14.9,0.5,13.2
2026-06-18,icon,1,27.4,17.3,0,15.9
2026-06-18,icon,2,25.7,16.7,0,11
2026-06-18,icon,3,25.4,16.5,0,12.1
2026-06-18,icon,4,25.3,17.4,0,12.3
2026-06-18,icon,5,27.3,14.5,0,22.1
2026-06-18,icon,6,28.5,14.8,0,12.1
2026-06-18,ukmo,1,26.1,17.7,0.5,12.2
2026-06-18,ukmo,2,26.6,17.3,0.8,14.8
2026-06-18,ukmo,3,27.6,15.2,0.6,15.1
2026-06-18,ukmo,4,26.1,16.1,0.1,15.5
2026-06-18,ukmo,5,28,14.2,0,17.3
2026-06-18,ukmo,6,26.5,16.2,0,17.6
2026-06-19,arpege,1,31.2,19.7,0.9,
2026-06-19,arpege,2,33.2,20.1,0.9,
2026-06-19,arpege,3,32.9,18.7,0,
2026-06-19,ecmwf,1,31.3,18.8,4.8,11.8
2026-06-19,ecmwf,2,31.1,17.7,1.5,11.6
2026-06-19,ecmwf,3,30.4,16.9,3.6,9.4
2026-06-19,ecmwf,4,31.7,16.9,2.1,22.6
2026-06-19,ecmwf,5,30.7,16.9,0.6,12.4
2026-06-19,ecmwf,6,31.8,12,1.2,13.7
2026-06-19,ecmwf,7,23.9,14.7,0,9.9
2026-06-19,gem,1,32.8,17.8,0.3,14.8
2026-06-19,gem,2,33.2,18.1,2.8,14.8
2026-06-19,gem,3,31.6,17,0,16.2
2026-06-19,gem,4,31.5,19.3,0,19.1
2026-06-19,gem,5,30.2,16.2,0,
2026-06-19,gem,7,32.5,13.4,0,20.5
2026-06-19,gfs,1,31.8,17.6,3.2,12.5
2026-06-19,gfs,2,31.2,16.5,0,16.5
2026-06-19,gfs,3,30.8,17,0.7,11.6
2026-06-19,gfs,4,32.2,15.6,0,10.3
2026-06-19,gfs,5,32.1,15.5,0,10.8
2026-06-19,gfs,6,27.3,13.8,2.4,11.7
2026-06-19,gfs,7,33.7,15.8,0.9,12
2026-06-19,icon,1,32.8,18.5,0,10.5
2026-06-19,icon,2,33.1,19,0.1,10.6
2026-06-19,icon,3,31.9,18.8,0.3,8.6
2026-06-19,icon,4,31.6,18.1,0.4,8.4
2026-06-19,icon,5,32.2,16.5,6.3,11.2
2026-06-19,icon,6,33.7,11.8,0,10.7
2026-06-19,ukmo,1,33.1,20,33.1,16.2
2026-06-19,ukmo,2,32.8,20.3,0,11.2
2026-06-19,ukmo,3,32.4,19.8,1.5,15.8
2026-06-19,ukmo,4,33,19.2,0.3,15.5
2026-06-19,ukmo,5,34.1,16.9,0,16.2
2026-06-19,ukmo,6,33.9,17.3,0.5,14.8
2026-06-20,arpege,1,30.6,19.4,8.1,
2026-06-20,arpege,2,34.8,23.6,0.1,
2026-06-20,arpege,3,36.8,22.8,0.3,
2026-06-20,ecmwf,1,32.1,19.3,0.9,12.3
2026-06-20,ecmwf,2,31,20.6,0.6,15.5
2026-06-20,ecmwf,3,31.8,19.5,1.5,15.4
2026-06-20,ecmwf,4,29.2,19.3,15.6,16.3
2026-06-20,ecmwf,5,30.7,21.2,1.8,12.2
2026-06-20,ecmwf,6,29,20.1,4.8,15
2026-06-20,ecmwf,7,30.7,16.2,4.2,14.1
2026-06-20,gem,1,31.3,20.7,0.7,24.8
2026-06-20,gem,2,32.2,23.2,0.1,23
2026-06-20,gem,3,31.1,21.2,3,21.6
2026-06-20,gem,4,30.3,20.9,3.3,22
2026-06-20,gem,5,33.5,20.8,0.9,
2026-06-20,gem,7,32.3,18.6,0,14
2026-06-20,gfs,1,29.8,18.2,10.6,25.1
2026-06-20,gfs,2,30.2,17.3,19.2,23.9
2026-06-20,gfs,3,30.8,18.6,3,16.6
2026-06-20,gfs,4,31.4,18.2,5.2,17.8
2026-06-20,gfs,5,33.3,18.8,0.4,16.8
2026-06-20,gfs,6,33.6,19.6,2.1,18.6
2026-06-20,gfs,7,31.9,17.6,1.3,17.4
2026-06-20,icon,1,31.3,20.4,2.3,16.8
2026-06-20,icon,2,33,20.2,0.7,15.5
2026-06-20,icon,3,34.2,18.5,1.8,16.5
2026-06-20,icon,4,29.7,19.9,7.7,11.7
2026-06-20,icon,5,28.1,19.4,4.3,14.1
2026-06-20,icon,6,27.3,16.8,4.7,13.7
2026-06-20,ukmo,1,32.3,19.8,1.8,18.4
2026-06-20,ukmo,2,31.7,21.7,2.1,19.4
2026-06-20,ukmo,3,32.7,21.9,2.1,18.4
2026-06-20,ukmo,4,31.6,20.9,4.5,19.1
2026-06-20,ukmo,5,35,22.7,6.8,15.5
2026-06-20,ukmo,6,34.1,21.9,7.4,11.2
2026-06-21,arpege,1,27,16.4,0,
2026-06-21,arpege,2,27.1,20.2,0,
2026-06-21,arpege,3,28.4,19.5,0,
2026-06-21,ecmwf,1,25.5,16.4,0.9,12
2026-06-21,ecmwf,2,27.8,15.6,0.9,12.3
2026-06-21,ecmwf,3,26.5,16.2,0,13.2
2026-06-21,ecmwf,4,25.8,15.5,0,11.5
2026-06-21,ecmwf,5,26.2,17,0,10.2
2026-06-21,ecmwf,6,31,20,3.9,13
2026-06-21,ecmwf,7,24.7,16.2,0.9,13.8
2026-06-21,gem,1,25.3,18.6,0.1,14.4
2026-06-21,gem,2,25.8,16.3,0,13.7
2026-06-21,gem,3,25.1,15,0,13.7
2026-06-21,gem,4,25.3,17,0,13
2026-06-21,gem,5,25.9,20,0,13
2026-06-21,gem,6,34.2,21.8,0,10.8
2026-06-21,gem,7,33.8,20.5,0,15.5
2026-06-21,gfs,1,26.7,15.6,0.6,14.5
2026-06-21,gfs,2,25.7,14.6,0,13.7
2026-06-21,gfs,3,23.8,15.4,1.4,11.7
2026-06-21,gfs,4,26.3,13.3,0,12.2
2026-06-21,gfs,5,27.5,14,0,10
2026-06-21,gfs,6,31.1,15.4,0,13.1
2026-06-21,gfs,7,25.9,18.2,4.9,15.6
2026-06-21,icon,1,27.4,16.5,0,14.8
2026-06-21,icon,2,25.8,16.6,0,9.7
2026-06-21,icon,3,25.1,15.8,0,9.9
2026-06-21,icon,4,24.8,15.4,0,10.6
2026-06-21,icon,5,23,14.5,0,10.9
2026-06-21,icon,6,25.6,15,2.8,8.3
2026-06-21,ukmo,1,26,17.4,0,14.8
2026-06-21,ukmo,2,25.5,16.1,0,14.8
2026-06-21,ukmo,3,25.9,16.5,0,12.2
2026-06-21,ukmo,4,25.9,15.1,0,11.5
2026-06-21,ukmo,5,26.5,15.4,0,10.4
2026-06-21,ukmo,6,30.8,20.2,0.5,15.5
2026-06-22,arpege,1,26.5,15.1,0,
2026-06-22,arpege,2,25.9,19.6,0,
2026-06-22,arpege,3,24,16.6,7.9,
2026-06-22,ecmwf,1,24.6,14.6,0,12.8
2026-06-22,ecmwf,2,24,16.5,0,10.4
2026-06-22,ecmwf,3,26.6,13.6,0,12.5
2026-06-22,ecmwf,4,26.5,15.7,0,15.8
2026-06-22,ecmwf,5,28.1,13.1,0,14.5
2026-06-22,ecmwf,6,27.6,21.5,3.6,14.7
2026-06-22,ecmwf,7,35.4,16.7,0.6,13.7
2026-06-22,gem,1,24.6,15.7,0,11.2
2026-06-22,gem,2,23.3,15.1,0,11.2
2026-06-22,gem,3,26.3,13.5,0,15.1
2026-06-22,gem,4,27.2,15.1,0,14
2026-06-22,gem,5,26.9,15.4,0,15.5
2026-06-22,gem,6,30.7,18.2,0,15.5
2026-06-22,gem,7,36.4,22.1,0,21.6
2026-06-22,gfs,1,24.4,13.3,0,12.5
2026-06-22,gfs,2,24.9,13.4,0,11.1
2026-06-22,gfs,3,25.5,12.7,0,9.8
2026-06-22,gfs,4,25.3,13.8,0,13.4
2026-06-22,gfs,5,24.5,13.1,0,16.3
2026-06-22,gfs,6,29.8,15.5,0,16.6
2026-06-22,gfs,7,35.5,17.8,1.5,19
2026-06-22,icon,1,26,15.1,0,12.3
2026-06-22,icon,2,26.3,16.5,0,9.9
2026-06-22,icon,3,26.1,15.7,0,9
2026-06-22,icon,4,27.3,14.8,0,10.9
2026-06-22,icon,5,23.8,11.9,0,10.1
2026-06-22,icon,6,23,15.5,0,12.9
2026-06-22,ukmo,1,25.4,17.7,0,13
2026-06-22,ukmo,2,24.8,16.4,0,11.2
2026-06-22,ukmo,3,25.6,16.3,0,15.1
2026-06-22,ukmo,4,26.7,15.4,0.6,16.2
2026-06-22,ukmo,5,25.9,16.2,0,13.7
2026-06-22,ukmo,6,28.5,18.2,0.9,12.2
2026-06-23,arpege,1,26.7,13.1,0,
2026-06-23,arpege,2,26.9,16.8,0,
2026-06-23,arpege,3,27.9,18.7,0,
2026-06-23,ecmwf,1,25.8,12.1,0,10.7
2026-06-23,ecmwf,2,25.2,11.8,0,9.1
2026-06-23,ecmwf,3,24.8,13.6,0,10.1
2026-06-23,ecmwf,4,26.2,15.7,0,8.6
2026-06-23,ecmwf,5,31.3,17.8,1.5,13.3
2026-06-23,ecmwf,6,33,16.4,6.9,21.4
2026-06-23,ecmwf,7,30.1,17.3,30.3,25.2
2026-06-23,gem,1,23.8,12.8,0,9.4
2026-06-23,gem,2,24,14,0,8.6
2026-06-23,gem,3,25,13.2,0,7.2
2026-06-23,gem,4,26.8,13.2,0,10.4
2026-06-23,gem,5,26.7,14.7,0,13.3
2026-06-23,gem,6,27.8,16.9,0.8,11.5
2026-06-23,gem,7,27.7,19.4,4.3,31.7
2026-06-23,gfs,1,26,11.3,0,8.7
2026-06-23,gfs,2,26.2,12.1,0,8.4
2026-06-23,gfs,3,25.1,12.2,0,8.4
2026-06-23,gfs,4,27,12.8,0,9.1
2026-06-23,gfs,5,27.2,9.6,0,9.1
2026-06-23,gfs,6,23.6,11,0,20.7
2026-06-23,gfs,7,22.5,13.6,3.7,24.2
2026-06-23,icon,1,25,13.6,0,7.9
2026-06-23,icon,2,25.6,14.6,0,7.1
2026-06-23,icon,3,29.4,16.3,0,8.7
2026-06-23,icon,4,28.8,17.9,0.4,7.3
2026-06-23,icon,5,34.6,15.4,0,18.3
2026-06-23,icon,6,29,11.9,0,13.9
2026-06-23,ukmo,1,26,15.8,0,11.9
2026-06-23,ukmo,2,25.3,16.7,0,9
2026-06-23,ukmo,3,26.2,13.2,0,13
2026-06-23,ukmo,4,25.6,17.4,0,13
2026-06-23,ukmo,5,27.2,14.4,0,13
2026-06-23,ukmo,6,29,13.3,0.6,21.6
2026-06-24,arpege,1,32,16.5,0,
2026-06-24,arpege,2,31.8,18.6,0,
2026-06-24,arpege,3,33.8,19.4,0,
2026-06-24,ecmwf,1,31.6,14.5,0,13
2026-06-24,ecmwf,2,31.2,15.2,0,12.2
2026-06-24,ecmwf,3,31,16,0,12.1
2026-06-24,ecmwf,4,30.6,16.3,0,12.1
2026-06-24,ecmwf,5,32.1,20.5,0,21.4
2026-06-24,ecmwf,6,26.4,17,0.3,22.9
2026-06-24,ecmwf,7,22.5,14.9,0,20.2
2026-06-24,gem,1,29.8,15,0,8.6
2026-06-24,gem,2,30.4,14.2,0,10.8
2026-06-24,gem,3,30.6,15.3,0,13
2026-06-24,gem,4,31.4,15.6,0,12.2
2026-06-24,gem,5,32.8,17.6,0,18.4
2026-06-24,gem,6,33.7,18.3,0.6,20.2
2026-06-24,gem,7,31.1,18.4,0,24.5
2026-06-24,gfs,1,30.7,14.9,0,12
2026-06-24,gfs,2,29.5,15.2,0,14.5
2026-06-24,gfs,3,29.3,15.5,0,11.8
2026-06-24,gfs,4,29.7,14,0,11.8
2026-06-24,gfs,5,28,16.1,0,14.8
2026-06-24,gfs,6,25.1,11.5,0,16.8
2026-06-24,gfs,7,24.2,10.3,0,15.5
2026-06-24,icon,1,31.9,15.7,0,11.4
2026-06-24,icon,2,31,16.8,0,8.3
2026-06-24,icon,3,31.8,16.4,0,8.8
2026-06-24,icon,4,28.4,20.8,0,17.5
2026-06-24,icon,5,30.3,16.2,0,19.4
2026-06-24,icon,6,23.8,15.2,0,20.1
2026-06-24,ukmo,1,31.4,19.4,0,12.6
2026-06-24,ukmo,2,30.8,17.9,0,14.8
2026-06-24,ukmo,3,31.2,18.9,0,12.6
2026-06-24,ukmo,4,31.7,18.2,0,20.2
2026-06-24,ukmo,5,29.9,17.1,0,11.5
2026-06-24,ukmo,6,28.8,14.8,0,18
2026-06-25,arpege,1,31.4,19.2,0,
2026-06-25,arpege,2,30.1,22.9,0,
2026-06-25,arpege,3,33.3,22,0,
2026-06-25,ecmwf,1,29.6,17.8,0,11
2026-06-25,ecmwf,2,29.8,18.5,0,11.9
2026-06-25,ecmwf,3,30.3,18.1,0,11.5
2026-06-25,ecmwf,4,31.4,17,0,9.7
2026-06-25,ecmwf,5,32.5,16,0,14.2
2026-06-25,ecmwf,6,24.5,15,0,18.3
2026-06-25,ecmwf,7,20.2,14,0,22.9
2026-06-25,gem,1,27.9,18.2,0,13.3
2026-06-25,gem,2,27.9,20.3,0,12.2
2026-06-25,gem,3,30.7,19.9,0,10.8
2026-06-25,gem,4,29.5,21.1,0,13.3
2026-06-25,gem,5,29.4,21.3,0,15.5
2026-06-25,gem,6,28.5,13.9,0,22.3
2026-06-25,gem,7,30.2,13.6,0,22.7
2026-06-25,gfs,1,29.5,17.9,0,11.2
2026-06-25,gfs,2,29.8,18.1,0,11.2
2026-06-25,gfs,3,29.5,16,0,9.8
2026-06-25,gfs,4,29.6,16.3,0,8.8
2026-06-25,gfs,5,29.3,13.3,0,12.3
2026-06-25,gfs,6,28.6,11,0,18.1
2026-06-25,gfs,7,25.3,10.4,0,12.5
2026-06-25,icon,1,28.5,17.1,0,12.5
2026-06-25,icon,2,29.2,20.1,0,10.3
2026-06-25,icon,3,28.2,18.1,0,9.7
2026-06-25,icon,4,30.5,18.8,0,10.2
2026-06-25,icon,5,25.3,13.6,0,13.6
2026-06-25,icon,6,22.3,14.2,0,17.3
2026-06-25,ukmo,1,29.8,19.5,0,13.7
2026-06-25,ukmo,2,28.9,18.5,0,10.4
2026-06-25,ukmo,3,29,20.4,0,9.7
2026-06-25,ukmo,4,31,19.2,0,12.2
2026-06-25,ukmo,5,27.6,15.6,0,13.7
2026-06-25,ukmo,6,31,19.1,0,15.5
2026-06-26,arpege,1,36.1,17.3,0,
2026-06-26,arpege,2,37,20.2,0,
2026-06-26,arpege,3,36,21.2,0,
2026-06-26,ecmwf,1,33.9,16.6,0,12.8
2026-06-26,ecmwf,2,34.4,16.2,0,11.5
2026-06-26,ecmwf,3,34.1,17,0,11.8
2026-06-26,ecmwf,4,34,18.7,0,13
2026-06-26,ecmwf,5,35.4,19.4,0,14
2026-06-26,ecmwf,6,35.9,16.1,0,13.6
2026-06-26,ecmwf,7,27.9,12.6,0,14.7
2026-06-26,gem,1,32,16.4,0,11.9
2026-06-26,gem,2,32,16.9,0,11.9
2026-06-26,gem,3,33.1,18.6,0,15.8
2026-06-26,gem,4,34.1,18.1,0,19.8
2026-06-26,gem,5,31.9,19.5,0,17.6
2026-06-26,gem,6,31.2,15.3,0,15.8
2026-06-26,gem,7,27.8,10.3,0,14
2026-06-26,gfs,1,32.6,16.2,0,13.4
2026-06-26,gfs,2,33.3,16.4,0,15
2026-06-26,gfs,3,33.1,16.8,0,14.8
2026-06-26,gfs,4,33.1,16.3,0,14.5
2026-06-26,gfs,5,32,15.7,0,14.2
2026-06-26,gfs,6,29.8,11.8,0,16.1
2026-06-26,gfs,7,30.4,9.5,0,11.3
2026-06-26,icon,1,34.9,17.1,0,14
2026-06-26,icon,2,35.2,17.1,0,11.5
2026-06-26,icon,3,34.9,18.6,0,12
2026-06-26,icon,4,32.6,18,0,11.6
2026-06-26,icon,5,32.9,17.4,0,14.9
2026-06-26,icon,6,29,12.4,0,11.1
2026-06-26,ukmo,1,34.4,22,0,14
2026-06-26,ukmo,2,34.7,19.3,0,14
2026-06-26,ukmo,3,34.2,19.8,0,15.1
2026-06-26,ukmo,4,33.4,21.7,0,14.4
2026-06-26,ukmo,5,36.7,20,0,19.1
2026-06-26,ukmo,6,34.7,13,0,15.8
2026-06-27,arpege,1,34.9,23.5,4.5,
2026-06-27,arpege,2,37.8,26.9,0,
2026-06-27,arpege,3,38.4,27.3,0,
2026-06-27,ecmwf,1,37.7,25,0.3,13.2
2026-06-27,ecmwf,2,36.9,24.4,0.3,12.2
2026-06-27,ecmwf,3,36.8,24.8,0.3,12.9
2026-06-27,ecmwf,4,36.5,24.8,0.6,13.9
2026-06-27,ecmwf,5,38.4,25,0,14.4
2026-06-27,ecmwf,6,37.1,24,0,21.6
2026-06-27,ecmwf,7,37.9,19.2,0,24.3
2026-06-27,gem,1,38.6,23.1,5,13.3
2026-06-27,gem,2,36.6,22.8,1.5,9.4
2026-06-27,gem,3,39.2,24.2,0.6,13.7
2026-06-27,gem,4,36.5,25.7,0,15.8
2026-06-27,gem,5,37.3,24,0.3,18.7
2026-06-27,gem,6,34.6,21.2,2.4,27.7
2026-06-27,gem,7,36.9,17.4,4.2,19.1
2026-06-27,gfs,1,31.3,20.2,8.8,26.3
2026-06-27,gfs,2,36.4,20.9,6.8,19.9
2026-06-27,gfs,3,36.7,20.5,3.2,19.7
2026-06-27,gfs,4,35.2,22.1,0,14
2026-06-27,gfs,5,36.7,20.7,0,14.8
2026-06-27,gfs,6,34.8,21.3,0.8,16.4
2026-06-27,gfs,7,30.7,16.9,0.5,18.9
2026-06-27,icon,1,38.8,21.6,0,15.9
2026-06-27,icon,2,38.3,23.4,0.8,7.7
2026-06-27,icon,3,35.9,22.4,0,10.2
2026-06-27,icon,4,37.6,23.4,0.6,9.4
2026-06-27,icon,5,37.9,21.8,0,16
2026-06-27,icon,6,36.6,21.4,8.3,16.8
2026-06-27,ukmo,1,37.8,23,1.3,28.1
2026-06-27,ukmo,2,34.9,25.4,0,23
2026-06-27,ukmo,3,35.6,24.4,2.1,15.8
2026-06-27,ukmo,4,36.2,24.9,0.3,14.4
2026-06-27,ukmo,5,38.7,25.8,0,13.7
2026-06-27,ukmo,6,33.9,23.2,1.4,14
2026-06-28,arpege,1,31.7,20.5,19.6,
2026-06-28,arpege,2,34,25,0,
2026-06-28,arpege,3,38.3,26.5,0,
2026-06-28,ecmwf,1,30.5,21.1,4.8,19.1
2026-06-28,ecmwf,2,32,21.8,9.6,29
2026-06-28,ecmwf,3,35.5,20.7,1.2,17.4
2026-06-28,ecmwf,4,39.5,22.5,6,16.7
2026-06-28,ecmwf,5,39.3,24.3,1.5,13.3
2026-06-28,ecmwf,6,40.1,22.4,1.8,9.1
2026-06-28,ecmwf,7,34.3,20.1,3.9,16.2
2026-06-28,gem,1,29.5,22.3,0.6,20.2
2026-06-28,gem,2,29.8,22.6,0.4,20.2
2026-06-28,gem,3,31.4,20.6,2.1,32.4
2026-06-28,gem,4,30.4,22.1,0,20.9
2026-06-28,gem,5,31.1,23.5,2.3,20.5
2026-06-28,gem,6,29.3,18.4,1.2,23.4
2026-06-28,gem,7,30.2,20,3.5,14.4
2026-06-28,gfs,1,30.6,19.7,0.3,16.8
2026-06-28,gfs,2,31.9,19,9.3,21.3
2026-06-28,gfs,3,33.9,19.4,0.2,14.6
2026-06-28,gfs,4,35.7,18.8,20.5,22.2
2026-06-28,gfs,5,35.2,17.5,5.3,21.1
2026-06-28,gfs,6,31.8,17.5,0.1,17.9
2026-06-28,gfs,7,33.2,17.5,0.2,15.7
2026-06-28,icon,1,33.8,21,0,26.8
2026-06-28,icon,2,32.6,23,0.3,15.2
2026-06-28,icon,3,39.6,22.2,3.6,13.9
2026-06-28,icon,4,35.4,20.5,0.8,13.9
2026-06-28,icon,5,34.8,22.4,2.6,20.3
2026-06-28,icon,6,30.5,19.4,1.5,17.6
2026-06-28,ukmo,1,33,20.1,5,18.4
2026-06-28,ukmo,2,35.9,24.1,0,20.5
2026-06-28,ukmo,3,33.2,21.3,2.7,23.8
2026-06-28,ukmo,4,31.3,20.4,2.3,21.2
2026-06-28,ukmo,5,32.9,20.9,0.4,24.5
2026-06-28,ukmo,6,37.7,23.1,7,19.1
2026-06-29,arpege,1,26.8,19.8,4.3,
2026-06-29,arpege,2,29.5,20.3,5.6,
2026-06-29,arpege,3,28.1,20,10.7,
2026-06-29,ecmwf,1,24.4,18.5,2.7,13.6
2026-06-29,ecmwf,2,24.2,17.5,8.1,13.4
2026-06-29,ecmwf,3,26.2,17,0.6,12.9
2026-06-29,ecmwf,4,25.7,17.3,0.6,21.1
2026-06-29,ecmwf,5,26.7,19.7,0.6,20.6
2026-06-29,ecmwf,6,27,20.2,0.9,20.3
2026-06-29,ecmwf,7,30,21.3,2.4,20
2026-06-29,gem,1,25.3,19.4,0.3,16.2
2026-06-29,gem,2,26,18.6,0.2,16.9
2026-06-29,gem,3,26.6,19.5,1,17.6
2026-06-29,gem,4,25,17.8,0.4,21.2
2026-06-29,gem,5,24.6,16.7,2.6,16.2
2026-06-29,gem,6,26.8,17.3,1.6,22.7
2026-06-29,gem,7,26.3,18.6,6.6,21.6
2026-06-29,gfs,1,26.4,16.9,1,14.9
2026-06-29,gfs,2,28.2,16.9,2.1,12.7
2026-06-29,gfs,3,28.7,17.1,2.1,15.8
2026-06-29,gfs,4,28.2,16.4,16.4,14.5
2026-06-29,gfs,5,25.7,15.8,0,18.5
2026-06-29,gfs,6,25.3,15,0,19.7
2026-06-29,gfs,7,26.5,15.9,0.2,19.6
2026-06-29,icon,1,26.2,16.9,0,15.4
2026-06-29,icon,2,27.4,19.3,13.9,10.2
2026-06-29,icon,3,27.3,18.5,0.2,11.3
2026-06-29,icon,4,24.7,18.6,0.6,18.6
2026-06-29,icon,5,23.1,16.2,14.7,18.9
2026-06-29,icon,6,26,17,0,12.8
2026-06-29,ukmo,1,25.8,20.4,3.6,14.4
2026-06-29,ukmo,2,24.9,18.7,9.9,15.5
2026-06-29,ukmo,3,25.6,18.8,0,18.7
2026-06-29,ukmo,4,23.3,17.5,0,20.2
2026-06-29,ukmo,5,24.5,17.9,1.4,21.6
2026-06-29,ukmo,6,25.6,18.4,0,16.2
2026-06-30,arpege,1,26.4,16.7,0.5,
2026-06-30,arpege,2,27.3,17.3,4.7,
2026-06-30,arpege,3,29.8,17.9,0,
2026-06-30,ecmwf,1,25.1,12.5,4.2,13
2026-06-30,ecmwf,2,24.9,12.2,2.1,16.6
2026-06-30,ecmwf,3,24.4,14.6,0.3,11
2026-06-30,ecmwf,4,25.8,13.8,7.8,13.3
2026-06-30,ecmwf,5,24.2,11.4,6.9,13.2
2026-06-30,ecmwf,6,24,14.9,0,10.4
2026-06-30,ecmwf,7,24.9,17,0,15.5
2026-06-30,gem,1,25.4,16.2,8.6,14.8
2026-06-30,gem,2,26.3,13.2,1.1,15.1
2026-06-30,gem,3,27,17.8,0.3,20.5
2026-06-30,gem,4,24.3,13.4,0,14.4
2026-06-30,gem,5,24.5,13.3,0,14.8
2026-06-30,gem,6,22.9,15.2,0,13.7
2026-06-30,gem,7,23.5,12.8,0,11.2
2026-06-30,gfs,1,24.8,12.5,5.2,14.4
2026-06-30,gfs,2,26,13.2,2.5,11.3
2026-06-30,gfs,3,26.3,16.1,0.5,16.5
2026-06-30,gfs,4,25,13,15.3,8.9
2026-06-30,gfs,5,20.5,13.3,4.7,10.8
2026-06-30,gfs,6,24.4,12.4,0,12.1
2026-06-30,gfs,7,22.7,11.6,0,15.2
2026-06-30,icon,1,25.6,14,0.1,14.8
2026-06-30,icon,2,26.6,12.6,0.4,15.5
2026-06-30,icon,3,27,16.3,4,11
2026-06-30,icon,4,24.7,14.1,17.6,9.4
2026-06-30,icon,5,24.6,13,0,14.8
2026-06-30,icon,6,24.7,14.1,0,11.3
2026-06-30,ukmo,1,26.8,17.3,12.6,15.8
2026-06-30,ukmo,2,25.2,14,0.6,12.2
2026-06-30,ukmo,3,23.3,14.7,0,11.2
2026-06-30,ukmo,4,24.1,13.9,1.5,15.5
2026-06-30,ukmo,5,23.4,14.1,0,12.2
2026-06-30,ukmo,6,20.4,15.5,0,11.2
2026-07-01,arpege,1,24.6,15.2,0.9,
2026-07-01,arpege,2,22.1,16.1,18.6,
2026-07-01,arpege,3,23,17.6,0,
2026-07-01,ecmwf,1,23.6,15,1.5,19.1
2026-07-01,ecmwf,2,21,14.7,13.2,13.2
2026-07-01,ecmwf,3,23.1,15.9,2.7,13.4
2026-07-01,ecmwf,4,25.7,15.3,0,14
2026-07-01,ecmwf,5,21.9,15.1,6,12.7
2026-07-01,ecmwf,6,22.5,13.5,14.1,12.8
2026-07-01,ecmwf,7,22.7,16.1,0.3,14.7
2026-07-01,gem,1,21.5,15.6,27.9,19.8
2026-07-01,gem,2,19.8,14.5,18,16.6
2026-07-01,gem,3,22.5,15.5,4.3,26.6
2026-07-01,gem,4,21.8,16.4,34.3,19.8
2026-07-01,gem,5,24.2,15.7,1.8,18.7
2026-07-01,gem,6,24.1,15.2,0,14
2026-07-01,gem,7,24,13.6,0,12.2
2026-07-01,gfs,1,23.3,13.7,7.6,15.1
2026-07-01,gfs,2,20.4,13.8,12.4,10.2
2026-07-01,gfs,3,22.7,13.7,5,13.4
2026-07-01,gfs,4,24.6,14.2,1.1,16.2
2026-07-01,gfs,5,21.5,11.3,0.3,18.8
2026-07-01,gfs,6,22.9,12.1,0,12.6
2026-07-01,gfs,7,23.2,10.1,0,14.8
2026-07-01,icon,1,23.5,16.4,0.2,17.9
2026-07-01,icon,2,22.6,16.6,10.5,11.9
2026-07-01,icon,3,23.9,15.7,6.5,10
2026-07-01,icon,4,25.5,15.9,11.9,15
2026-07-01,icon,5,23.7,14.7,1.5,14.3
2026-07-01,icon,6,24.2,15.9,0,12.5
2026-07-01,ukmo,1,24.8,16.9,3.7,19.8
2026-07-01,ukmo,2,22.4,16.6,11.5,16.6
2026-07-01,ukmo,3,24.7,16.1,14.1,11.5
2026-07-01,ukmo,4,22.6,15.7,2.1,14.4
2026-07-01,ukmo,5,21.2,16.4,0,11.5
2026-07-01,ukmo,6,24.6,15.7,0,11.9
2026-07-02,arpege,1,24.1,13.3,3.8,
2026-07-02,arpege,2,21.6,15.9,2.5,
2026-07-02,arpege,3,23.1,14.9,0.8,
2026-07-02,ecmwf,1,21.6,11.8,3.3,28.8
2026-07-02,ecmwf,2,24.2,12.1,2.4,28.4
2026-07-02,ecmwf,3,22.6,12.7,2.1,26.6
2026-07-02,ecmwf,4,23.4,13.7,4.8,28
2026-07-02,ecmwf,5,24.8,12.1,1.5,25.9
2026-07-02,ecmwf,6,22.1,12.9,3.3,20.3
2026-07-02,ecmwf,7,22.7,12.6,1.5,16.3
2026-07-02,gem,1,23.2,11.9,1.6,29.9
2026-07-02,gem,2,23.6,11.4,3,31
2026-07-02,gem,3,24.7,11.4,3.8,31
2026-07-02,gem,4,23.6,13.8,0,19.8
2026-07-02,gem,5,22.8,12.1,0,20.9
2026-07-02,gem,6,25.2,11.5,0,19.4
2026-07-02,gem,7,24.1,12.6,0,16.9
2026-07-02,gfs,1,23.1,11.9,0.9,24.7
2026-07-02,gfs,2,21,11.7,1.3,23.5
2026-07-02,gfs,3,24.4,12.1,0.2,25.9
2026-07-02,gfs,4,24.6,12.4,0,21.9
2026-07-02,gfs,5,24.1,11.4,0.8,17.3
2026-07-02,gfs,6,22.3,14,0.9,16.7
2026-07-02,gfs,7,22.4,12.1,1.3,19.2
2026-07-02,icon,1,19.4,13.5,2.6,24.1
2026-07-02,icon,2,19.5,14.4,5.6,20
2026-07-02,icon,3,19.6,13.6,4.9,22.9
2026-07-02,icon,4,22.9,14.7,0.7,19
2026-07-02,icon,5,24.1,14.6,6.9,16.4
2026-07-02,icon,6,21.7,13.5,3.5,17.3
2026-07-02,ukmo,1,22.9,15.8,1.2,24.1
2026-07-02,ukmo,2,21.8,15.5,5.2,28.1
2026-07-02,ukmo,3,22.1,14.9,4.2,28.1
2026-07-02,ukmo,4,24.8,14.8,0,17.6
2026-07-02,ukmo,5,22.2,14.2,2.1,15.8
2026-07-02,ukmo,6,24.2,14.9,0.6,16.6
2026-07-03,arpege,1,20.1,15.7,0.7,
2026-07-03,arpege,2,20.7,14.6,0.6,
2026-07-03,arpege,3,20.1,15.6,0,
2026-07-03,ecmwf,1,18.3,14.8,0,34.5
2026-07-03,ecmwf,2,18.3,14.2,0.3,34.5
2026-07-03,ecmwf,3,19.2,13.4,0,32.2
2026-07-03,ecmwf,4,19.2,13.3,0.3,28.2
2026-07-03,ecmwf,5,19,14,0,29.2
2026-07-03,ecmwf,6,20.2,13.3,0,28.1
2026-07-03,ecmwf,7,18.9,14.6,1.2,24.9
2026-07-03,gem,1,19.3,14.3,1.6,34.2
2026-07-03,gem,2,19.2,14.7,0.2,31.7
2026-07-03,gem,3,18.6,13.3,0,33.5
2026-07-03,gem,4,18.5,12,1.1,29.2
2026-07-03,gem,5,20.1,14.8,0.5,22.3
2026-07-03,gem,6,19.7,13.2,0.3,23.8
2026-07-03,gem,7,21.9,14.3,0,19.8
2026-07-03,gfs,1,19.8,13.6,1,29.7
2026-07-03,gfs,2,19.3,13.4,1.6,29.4
2026-07-03,gfs,3,20,14.7,0.8,29.3
2026-07-03,gfs,4,22,10.7,0,25.3
2026-07-03,gfs,5,20,13.1,1,29.1
2026-07-03,gfs,6,19.9,13,0.4,28
2026-07-03,gfs,7,20.6,10.7,0.8,25.5
2026-07-03,icon,1,19.5,14.7,0.3,32.5
2026-07-03,icon,2,20.2,15.2,0,24.8
2026-07-03,icon,3,20.7,14.7,0,26.8
2026-07-03,icon,4,20.1,15.2,0,25.6
2026-07-03,icon,5,20.2,14.8,0.2,30.6
2026-07-03,icon,6,19.7,13.8,7.1,21.2
2026-07-03,ukmo,1,18.8,15,0,28.4
2026-07-03,ukmo,2,18,14.6,0.2,29.9
2026-07-03,ukmo,3,19.9,14.5,0,30.2
2026-07-03,ukmo,4,20.6,14.4,0.5,24.5
2026-07-03,ukmo,5,23.3,14.4,1.4,20.2
2026-07-03,ukmo,6,21.7,15.6,12.1,27.7
2026-07-04,arpege,1,18.7,12.7,1.3,
2026-07-04,arpege,2,19.9,14.6,1.2,
2026-07-04,arpege,3,23.8,14.9,2.5,
2026-07-04,ecmwf,1,17.8,14.5,3,21.1
2026-07-04,ecmwf,2,18.3,14.1,4.5,19.9
2026-07-04,ecmwf,3,21,12.9,3.6,20.9
2026-07-04,ecmwf,4,20.9,12.8,1.2,22.6
2026-07-04,ecmwf,5,24,13.3,1.2,30.4
2026-07-04,ecmwf,6,21,13.1,0.6,27.9
2026-07-04,ecmwf,7,22.5,14,1.8,32
2026-07-04,gem,1,17.6,14.4,3.6,22
2026-07-04,gem,2,20.6,14.5,0.5,17.6
2026-07-04,gem,3,22,13.2,0,31
2026-07-04,gem,4,21.6,13.5,0,23
2026-07-04,gem,5,20.6,12.1,0.5,29.9
2026-07-04,gem,6,20.4,13.2,0,26.3
2026-07-04,gem,7,20.6,12.3,0.5,22
2026-07-04,gfs,1,17.3,12.1,2.9,18.6
2026-07-04,gfs,2,20.1,12.2,0.8,19.3
2026-07-04,gfs,3,22.9,11.7,0.3,19.1
2026-07-04,gfs,4,20.5,10.6,0.4,18.7
2026-07-04,gfs,5,21.8,10.3,0.5,18.9
2026-07-04,gfs,6,22.8,11.5,0,28.2
2026-07-04,gfs,7,22.7,12.1,0,26.4
2026-07-04,icon,1,19.2,12.8,0.9,19.2
2026-07-04,icon,2,20,13.6,5,15.5
2026-07-04,icon,3,21.2,14,4.5,16.1
2026-07-04,icon,4,21.7,14.1,0.9,17.3
2026-07-04,icon,5,20.9,14.1,1.9,25
2026-07-04,icon,6,21.2,12.6,1.4,23.4
2026-07-04,ukmo,1,18.1,14.4,2.6,16.6
2026-07-04,ukmo,2,19.2,13.8,5.6,15.8
2026-07-04,ukmo,3,21,14.7,2.2,23.4
2026-07-04,ukmo,4,23.8,14.2,0,22.3
2026-07-04,ukmo,5,22.9,13.5,0,26.6
2026-07-04,ukmo,6,20.7,14.3,0.1,24.1
2026-07-05,arpege,1,20.7,14.3,0,
2026-07-05,arpege,2,20.3,15.5,0.9,
2026-07-05,arpege,3,21.5,16.6,0.9,
2026-07-05,ecmwf,1,20.6,13.6,2.1,26.4
2026-07-05,ecmwf,2,20.3,14.3,2.1,27.2
2026-07-05,ecmwf,3,20.1,15.3,2.4,26.4
2026-07-05,ecmwf,4,20.7,15.8,4.8,25.5
2026-07-05,ecmwf,5,19.2,14.4,5.4,24.5
2026-07-05,ecmwf,6,19.6,14.8,3.3,26.6
2026-07-05,ecmwf,7,21,14.1,2.4,21.3
2026-07-05,gem,1,21,14.8,2.3,23.8
2026-07-05,gem,2,21.3,14.5,3.3,25.2
2026-07-05,gem,3,20.2,14.4,0.7,29.5
2026-07-05,gem,4,21.7,14.1,0.3,27.4
2026-07-05,gem,5,20.5,16,1.4,25.6
2026-07-05,gem,6,20.1,13.7,0.9,27
2026-07-05,gem,7,20.9,14.3,0.1,27.7
2026-07-05,gfs,1,21.8,13.5,2.4,26.3
2026-07-05,gfs,2,20.8,13.8,1.2,28.5
2026-07-05,gfs,3,20.8,14.5,2.7,24.6
2026-07-05,gfs,4,21,14.9,5.6,22.8
2026-07-05,gfs,5,19,14,1.5,25
2026-07-05,gfs,6,26.6,13.2,0.1,26.1
2026-07-05,gfs,7,20.6,13,0.6,25.6
2026-07-05,icon,1,20.2,13.8,0.3,30.4
2026-07-05,icon,2,20.8,15,3.8,20.1
2026-07-05,icon,3,22,16.3,1.7,17.4
2026-07-05,icon,4,21.8,16.7,2.8,17.3
2026-07-05,icon,5,22.9,15.5,2.2,21.8
2026-07-05,icon,6,21.2,15.1,0.9,26.3
2026-07-05,ukmo,1,20.9,15.9,0.6,22
2026-07-05,ukmo,2,21.7,15.9,3.3,24.5
2026-07-05,ukmo,3,21.8,15.8,3.4,22.3
2026-07-05,ukmo,4,20.9,16.1,1.6,22.7
2026-07-05,ukmo,5,21.9,15.4,0.7,22.3
2026-07-05,ukmo,6,22.5,15.5,0.4,29.2
2026-07-06,arpege,1,20.1,12.1,1.9,
2026-07-06,arpege,2,16.9,13.6,3.9,
2026-07-06,arpege,3,17.5,14.9,6.6,
2026-07-06,ecmwf,1,19.1,11.9,5.7,28.5
2026-07-06,ecmwf,2,18.3,13.3,4.2,26.3
2026-07-06,ecmwf,3,17.9,14.4,9.9,23.9
2026-07-06,ecmwf,4,20.1,14.5,4.5,25.7
2026-07-06,ecmwf,5,19.4,14,2.4,27.1
2026-07-06,ecmwf,6,18.9,14.8,8.1,21.9
2026-07-06,ecmwf,7,19.4,13.3,0.3,26.1
2026-07-06,gem,1,19.3,11.1,7.4,27.7
2026-07-06,gem,2,18,12.4,9.6,27
2026-07-06,gem,3,18.4,10.7,3.2,27
2026-07-06,gem,4,18.4,12.8,5,25.2
2026-07-06,gem,5,20.4,14,6.4,30.6
2026-07-06,gem,6,20.4,12.3,0.3,25.9
2026-07-06,gem,7,22.9,13,0,22.7
2026-07-06,gfs,1,19.5,10.5,2.8,23.2
2026-07-06,gfs,2,19.9,11.1,5,24.3
2026-07-06,gfs,3,19.5,13.3,4.6,23.3
2026-07-06,gfs,4,21,11.7,2.4,21.1
2026-07-06,gfs,5,21.5,11.6,1.7,24.2
2026-07-06,gfs,6,19.8,13.9,0,24.1
2026-07-06,gfs,7,23.4,11.8,0,24
2026-07-06,icon,1,17.8,12.9,6.4,18.7
2026-07-06,icon,2,17.6,13.3,5.8,16.8
2026-07-06,icon,3,18.9,15.3,8.9,14.9
2026-07-06,icon,4,18.3,15.1,9.7,17
2026-07-06,icon,5,20.4,13,5.3,17
2026-07-06,icon,6,26.1,15.1,0.8,17.3
2026-07-06,ukmo,1,18.6,15,3.8,23
2026-07-06,ukmo,2,20,13.9,4.7,26.6
2026-07-06,ukmo,3,20.5,14.3,1.4,24.5
2026-07-06,ukmo,4,20.2,15.9,2.4,26.6
2026-07-06,ukmo,5,20.2,14.5,3.1,22
2026-07-06,ukmo,6,22.5,15.8,0,22
2026-07-07,arpege,1,21.3,13.4,1.9,
2026-07-07,arpege,2,18.8,14.6,2.7,
2026-07-07,arpege,3,20.3,15.5,1.4,
2026-07-07,ecmwf,1,18.2,13.4,8.7,29
2026-07-07,ecmwf,2,18.9,14.4,3,29.5
2026-07-07,ecmwf,3,20.1,14.2,1.2,33.4
2026-07-07,ecmwf,4,17.5,13,10.2,27.9
2026-07-07,ecmwf,5,17.8,14.6,6.3,27.3
2026-07-07,ecmwf,6,17.5,14.6,11.4,24.4
2026-07-07,ecmwf,7,19.1,14,4.5,25.8
2026-07-07,gem,1,19,12.5,4,34.2
2026-07-07,gem,2,20.6,14.5,4.5,34.2
2026-07-07,gem,3,19.5,13.9,4.4,34.6
2026-07-07,gem,4,17,12.2,8.7,33.1
2026-07-07,gem,5,17.1,13.2,9.5,26.6
2026-07-07,gem,6,19.6,14.7,0.8,29.2
2026-07-07,gem,7,21.3,15.5,1.1,26.6
2026-07-07,gfs,1,20.8,13,1.6,28.8
2026-07-07,gfs,2,22.7,13.6,1.2,25.7
2026-07-07,gfs,3,20.9,15.3,3.4,28.2
2026-07-07,gfs,4,18.4,14.9,7.4,22.2
2026-07-07,gfs,5,20.5,13.7,2.5,26
2026-07-07,gfs,6,20.4,12.9,2,27.5
2026-07-07,gfs,7,25.2,10.7,0,24.5
2026-07-07,icon,1,18,13,2.5,27
2026-07-07,icon,2,18.6,13.9,3.3,20.2
2026-07-07,icon,3,20.5,15.2,2.9,20.5
2026-07-07,icon,4,18.3,14.6,13.5,21.3
2026-07-07,icon,5,18.4,13.1,6.5,21.8
2026-07-07,icon,6,19.4,15.6,0.1,26.5
2026-07-07,ukmo,1,19,13.8,3.4,23.8
2026-07-07,ukmo,2,22.4,14.6,1.4,31
2026-07-07,ukmo,3,22,15.7,2.1,29.2
2026-07-07,ukmo,4,22.3,15.7,2.3,27
2026-07-07,ukmo,5,19.8,13.3,1.3,22.7
2026-07-07,ukmo,6,20.4,15.7,3,26.3
2026-07-08,arpege,1,21.1,9.9,0,
2026-07-08,arpege,2,21,12.2,0,
2026-07-08,arpege,3,21.1,12,0.2,
2026-07-08,ecmwf,1,19.3,12.3,0,24.3
2026-07-08,ecmwf,2,19.3,13.8,0,24.1
2026-07-08,ecmwf,3,20.1,13.4,0,24.1
2026-07-08,ecmwf,4,19.9,13.6,0.3,24.4
2026-07-08,ecmwf,5,19.2,11,0,25.8
2026-07-08,ecmwf,6,19.8,10.1,0,18.4
2026-07-08,ecmwf,7,16.5,11.7,2.7,21.6
2026-07-08,gem,1,19.9,11.4,0,25.2
2026-07-08,gem,2,19.4,11.7,0,25.9
2026-07-08,gem,3,20,10.7,0,25.9
2026-07-08,gem,4,20.2,11.5,0,32
2026-07-08,gem,5,19.4,13.3,7.2,27
2026-07-08,gem,6,21.8,9.6,0,24.8
2026-07-08,gem,7,21.1,14.2,0.2,27
2026-07-08,gfs,1,20.9,10.4,0,23
2026-07-08,gfs,2,20.8,10.7,0,24.6
2026-07-08,gfs,3,21.2,14.7,0.9,22.6
2026-07-08,gfs,4,22,13.4,1.1,23
2026-07-08,gfs,5,19.8,12.1,3.5,25.1
2026-07-08,gfs,6,22.8,13,0.2,28.7
2026-07-08,gfs,7,21.5,10.4,0,20.5
2026-07-08,icon,1,19.3,12,0,25.6
2026-07-08,icon,2,20.1,13.2,0,18.9
2026-07-08,icon,3,20.5,12.5,0,17.7
2026-07-08,icon,4,20.4,13.7,0.7,15.9
2026-07-08,icon,5,20.6,12.9,0,23.1
2026-07-08,icon,6,20.9,10.3,0.2,22.2
2026-07-08,ukmo,1,20.5,13,0,23
2026-07-08,ukmo,2,20.2,13.1,0,24.1
2026-07-08,ukmo,3,20.5,12.8,0,23.4
2026-07-08,ukmo,4,21.5,15,1.4,27.4
2026-07-08,ukmo,5,20.3,13.3,0,26.3
2026-07-08,ukmo,6,22.7,14.1,0,25.9
2026-07-09,arpege,1,23.8,14.1,0,
2026-07-09,arpege,2,23.8,13.2,0,
2026-07-09,arpege,3,21.8,14.5,0,
2026-07-09,ecmwf,1,21.1,13.3,0,15.6
2026-07-09,ecmwf,2,20.7,15.4,0.6,15.5
2026-07-09,ecmwf,3,19.7,15.4,0.6,16
2026-07-09,ecmwf,4,22.9,14.8,0.3,18.2
2026-07-09,ecmwf,5,23.4,14.1,0,13.9
2026-07-09,ecmwf,6,21.2,12.3,0.3,14
2026-07-09,ecmwf,7,22.2,11.6,0,16.9
2026-07-09,gem,1,22.7,12.6,0,15.1
2026-07-09,gem,2,22,10.5,0,15.8
2026-07-09,gem,3,23.5,14.1,0.2,16.9
2026-07-09,gem,4,23.6,15.8,0,22
2026-07-09,gem,5,23.6,11.8,0,18
2026-07-09,gem,6,21.4,8.8,0,16.2
2026-07-09,gem,7,22.8,10.1,0,14
2026-07-09,gfs,1,24,11.5,0,15.4
2026-07-09,gfs,2,23.2,13,0,15.5
2026-07-09,gfs,3,23.6,15,0,16.6
2026-07-09,gfs,4,24,15.5,0,17.9
2026-07-09,gfs,5,23.9,9.7,0,21
2026-07-09,gfs,6,21.3,10.3,0,19.9
2026-07-09,gfs,7,23,10.8,0,22.2
2026-07-09,icon,1,19.4,13,0,13.2
2026-07-09,icon,2,20,14.2,0,13
2026-07-09,icon,3,20.5,16.4,0,12.9
2026-07-09,icon,4,22,14.5,0,14.1
2026-07-09,icon,5,24.2,13.7,0,9.7
2026-07-09,icon,6,21.8,13.1,0.1,16
2026-07-09,ukmo,1,22.5,15.3,0,15.5
2026-07-09,ukmo,2,22.3,14.5,0,18
2026-07-09,ukmo,3,22,14.6,0,22
2026-07-09,ukmo,4,23.8,16.4,0,18.4
2026-07-09,ukmo,5,22.6,13.3,0,15.8
2026-07-09,ukmo,6,23.3,13.2,0,16.9
2026-07-10,arpege,1,26.2,11.9,0,
2026-07-10,arpege,2,25.7,13.2,0,
2026-07-10,arpege,3,26.3,13.9,0,
2026-07-10,ecmwf,1,25.3,12,0,10.5
2026-07-10,ecmwf,2,24.9,11.9,0,13
2026-07-10,ecmwf,3,25.3,11.8,0,10.9
2026-07-10,ecmwf,4,24.2,12.5,0,12.8
2026-07-10,ecmwf,5,26.3,12.6,0,13.3
2026-07-10,ecmwf,6,27,14.3,0,7.5
2026-07-10,ecmwf,7,26.6,12.8,0.9,13.3
2026-07-10,gem,1,25.8,11.7,0,11.5
2026-07-10,gem,2,26.4,11.7,0,12.2
2026-07-10,gem,3,26.4,11.7,0,14
2026-07-10,gem,4,26.2,12.8,0,11.5
2026-07-10,gem,5,26,12.8,0,13.3
2026-07-10,gem,6,26.9,12.6,0,19.4
2026-07-10,gem,7,25.6,11.5,0,14
2026-07-10,gfs,1,26.9,12.6,0,10.7
2026-07-10,gfs,2,27.6,12.9,0,13
2026-07-10,gfs,3,26.5,13,0,11
2026-07-10,gfs,4,26.5,13.5,0,11.9
2026-07-10,gfs,5,27.2,12.5,0,9.1
2026-07-10,gfs,6,26.9,12.2,0,12.1
2026-07-10,gfs,7,25.5,12.1,0,10.6
2026-07-10,icon,1,26.3,13,0,11.3
2026-07-10,icon,2,25.2,13,0,10.5
2026-07-10,icon,3,25.4,13.4,0,9.4
2026-07-10,icon,4,26,13.4,0,9.6
2026-07-10,icon,5,25.4,13.8,0,13.6
2026-07-10,icon,6,26.6,15.9,0,12.2
2026-07-10,ukmo,1,26.4,15.1,0,11.2
2026-07-10,ukmo,2,25.9,14.7,0,10.8
2026-07-10,ukmo,3,24.9,14,0,13
2026-07-10,ukmo,4,23.4,13.8,0,11.5
2026-07-10,ukmo,5,25.7,14.7,0,14.4
2026-07-10,ukmo,6,24.5,15.6,0,13
2026-07-11,arpege,1,28.7,13.8,0,
2026-07-11,arpege,2,27.7,15.5,0,
2026-07-11,arpege,3,27.4,15.4,0,
2026-07-11,ecmwf,1,27.2,13.4,0,13.7
2026-07-11,ecmwf,2,27.5,13.6,0,12.7
2026-07-11,ecmwf,3,26.9,13.6,0,15.6
2026-07-11,ecmwf,4,26.9,14,0,13.4
2026-07-11,ecmwf,5,28.2,13.3,0,10.5
2026-07-11,ecmwf,6,24.9,15,2.1,16
2026-07-11,ecmwf,7,28.9,14.8,0,15.2
2026-07-11,gem,1,26.8,12.6,0,14
2026-07-11,gem,2,26.9,13,0,15.8
2026-07-11,gem,3,27.6,12.8,0,13.7
2026-07-11,gem,4,26.9,12.7,0,11.9
2026-07-11,gem,5,27,14,0,16.9
2026-07-11,gem,6,27.3,12.8,0,15.5
2026-07-11,gem,7,28,13.1,0,13.3
2026-07-11,gfs,1,27.9,15.4,0,11.2
2026-07-11,gfs,2,27.9,14.7,0,12.4
2026-07-11,gfs,3,28.5,14,0,11.8
2026-07-11,gfs,4,28,15.2,0,14.4
2026-07-11,gfs,5,28.1,15.7,0,14.3
2026-07-11,gfs,6,28.8,15,0,13.8
2026-07-11,gfs,7,28.4,13.7,0,17.8
2026-07-11,icon,1,28,15.2,0,11.8
2026-07-11,icon,2,27.5,15.6,0,11
2026-07-11,icon,3,26.7,15,0,8.8
2026-07-11,icon,4,26.6,15.5,0,11.7
2026-07-11,icon,5,27,15,0,11.3
2026-07-11,icon,6,26.5,16.1,0,14.6
2026-07-11,ukmo,1,28.3,16.8,0,13.7
2026-07-11,ukmo,2,27.7,15.9,0,10.1
2026-07-11,ukmo,3,27.4,14.4,0,13.3
2026-07-11,ukmo,4,24.5,15,0,20.2
2026-07-11,ukmo,5,27.2,14.5,0,11.2
2026-07-11,ukmo,6,26.4,18.1,0,15.1
2026-07-12,arpege,1,28,15.5,0,
2026-07-12,arpege,2,27.9,17.6,0,
2026-07-12,arpege,3,27.9,17.2,0,
2026-07-12,ecmwf,1,27.1,15,0,15.2
2026-07-12,ecmwf,2,27.3,15.7,0,16.5
2026-07-12,ecmwf,3,28.5,16,0,15.8
2026-07-12,ecmwf,4,28.6,15.1,0,12.9
2026-07-12,ecmwf,5,26.9,14.9,0,19
2026-07-12,ecmwf,6,25.3,16.7,0.6,16.1
2026-07-12,ecmwf,7,25.8,17.5,0.9,18
2026-07-12,gem,1,25.1,14.8,0,17.3
2026-07-12,gem,2,26,15.1,0,15.5
2026-07-12,gem,3,28.3,14.3,0,15.5
2026-07-12,gem,4,29.3,14,0,15.5
2026-07-12,gem,5,26.8,15.2,0,22.3
2026-07-12,gem,6,25.3,15.2,0,16.6
2026-07-12,gem,7,27.1,12.1,0,17.6
2026-07-12,gfs,1,27.3,14.2,0,15.3
2026-07-12,gfs,2,27.2,14,0,17.2
2026-07-12,gfs,3,26.2,13.2,0,14.8
2026-07-12,gfs,4,25.3,14.1,1.1,18.6
2026-07-12,gfs,5,26.5,13.6,0,14.2
2026-07-12,gfs,6,26,14.7,0,17.6
2026-07-12,gfs,7,30.1,16.5,0,15.5
2026-07-12,icon,1,26.5,14.8,0,15.6
2026-07-12,icon,2,25.5,16.4,0,14.3
2026-07-12,icon,3,26.8,16.8,0,12.3
2026-07-12,icon,4,27.2,16,0,10.3
2026-07-12,icon,5,27.2,16.7,0.3,10.8
2026-07-12,icon,6,26.5,16.8,0,11.6
2026-07-12,ukmo,1,28.8,15.7,0,14
2026-07-12,ukmo,2,26.2,17.5,0,16.2
2026-07-12,ukmo,3,26.9,18.1,0,12.6
2026-07-12,ukmo,4,28.5,15.1,0,16.6
2026-07-12,ukmo,5,23.7,14.6,0.7,11.9
2026-07-12,ukmo,6,27.3,18.8,0,12.2
2026-07-13,arpege,1,28.3,14.4,0.1,
2026-07-13,arpege,2,27.5,17.9,0,
2026-07-13,arpege,3,28.6,15.3,0.1,
2026-07-13,ecmwf,1,26.9,13.4,0.3,18
2026-07-13,ecmwf,2,25.1,15.1,2.4,17.4
2026-07-13,ecmwf,3,24.9,14.7,4.2,16.5
2026-07-13,ecmwf,4,28.9,15.1,0,15.9
2026-07-13,ecmwf,5,28.2,15.8,0,11.8
2026-07-13,ecmwf,6,24.6,17.4,1.8,13.6
2026-07-13,ecmwf,7,25.7,19.1,0.3,16.2
2026-07-13,gem,1,28.5,13.6,2.1,14
2026-07-13,gem,2,27.2,13.7,0,18.4
2026-07-13,gem,3,27.4,13,0.6,15.5
2026-07-13,gem,4,27.9,14.8,1.8,11.5
2026-07-13,gem,5,28.9,14.9,0,14
2026-07-13,gem,6,28,15,0,13.7
2026-07-13,gem,7,26,12.4,0.3,14.8
2026-07-13,gfs,1,28.8,13.5,60.9,18.2
2026-07-13,gfs,2,28.2,13.3,0.1,15.8
2026-07-13,gfs,3,27.5,13,0,16.1
2026-07-13,gfs,4,27.7,12.5,0.1,15.3
2026-07-13,gfs,5,27.3,13.1,0,18.7
2026-07-13,gfs,6,26.8,14,0.2,14.5
2026-07-13,gfs,7,25.9,11.7,0,18.9
2026-07-13,icon,1,28.4,14.3,0,18.7
2026-07-13,icon,2,25.9,14.3,0,14.9
2026-07-13,icon,3,25.9,15.5,0,13.5
2026-07-13,icon,4,26.2,13.9,0,13.5
2026-07-13,icon,5,27.3,15.4,0,14
2026-07-13,icon,6,27.1,14.6,0,9.2
2026-07-13,ukmo,1,28.8,15.3,0,16.6
2026-07-13,ukmo,2,24.7,14.2,2.2,15.1
2026-07-13,ukmo,3,26,15.1,0,15.5
2026-07-13,ukmo,4,28.4,17.1,0,12.6
2026-07-13,ukmo,5,26.8,13.2,0,13
2026-07-13,ukmo,6,25.7,18.5,0,10.8
2026-07-14,arpege,1,27.5,16.5,0,
2026-07-14,arpege,2,27.8,18.3,0.1,
2026-07-14,arpege,3,24.9,18.4,0,
2026-07-14,ecmwf,1,26.5,15.9,0,17
2026-07-14,ecmwf,2,26.5,15.8,0,17.7
2026-07-14,ecmwf,3,25.9,16.9,0,19.5
2026-07-14,ecmwf,4,24.8,14.5,0,21.3
2026-07-14,ecmwf,5,28.7,19,0.9,17.7
2026-07-14,ecmwf,6,28,19,0.9,12
2026-07-14,ecmwf,7,23.3,16.1,6.6,14.1
2026-07-14,gem,1,26,16.1,0,16.6
2026-07-14,gem,2,26.2,15.9,0,14.4
2026-07-14,gem,3,26,16.4,0,16.6
2026-07-14,gem,4,25.6,15.9,45.1,19.4
2026-07-14,gem,5,27.1,14.8,0,19.8
2026-07-14,gem,6,28.1,16.8,0.4,19.4
2026-07-14,gem,7,28.2,17.5,0.3,15.5
2026-07-14,gfs,1,26.4,14.2,0.1,16.6
2026-07-14,gfs,2,26.4,14.2,0.2,15.7
2026-07-14,gfs,3,27.7,15.1,0.2,11.2
2026-07-14,gfs,4,28.1,15,0,16.1
2026-07-14,gfs,5,28.7,14.7,0,15.9
2026-07-14,gfs,6,28.1,14,0.6,20.5
2026-07-14,gfs,7,26.4,11.9,0,12.3
2026-07-14,icon,1,27.7,16,0,16.9
2026-07-14,icon,2,26.8,16,0,16
2026-07-14,icon,3,27.5,16.3,0,14.3
2026-07-14,icon,4,25,14.9,0,13.2
2026-07-14,icon,5,24.8,15.7,0,13.1
2026-07-14,icon,6,26.1,15.1,0,12.8
2026-07-14,ukmo,1,27.1,18.3,0,15.5
2026-07-14,ukmo,2,26.2,16.2,0.1,15.1
2026-07-14,ukmo,3,27.4,17,0,17.3
2026-07-14,ukmo,4,26.5,15.4,0,16.6
2026-07-14,ukmo,5,28.2,17.1,0,17.6
2026-07-14,ukmo,6,25.9,16.2,0.5,13
2026-07-15,arpege,1,28.1,15.4,0,
2026-07-15,arpege,2,29.1,17.7,0,
2026-07-15,arpege,3,29.7,18,0,
2026-07-15,ecmwf,1,26.1,14.5,0,18.7
2026-07-15,ecmwf,2,26.4,14.8,0.3,22.5
2026-07-15,ecmwf,3,27.2,14.6,0,17.1
2026-07-15,ecmwf,4,28.4,15.2,0,18.5
2026-07-15,ecmwf,5,27.4,15.4,0.3,17.4
2026-07-15,ecmwf,6,29.5,19.8,0,16.1
2026-07-15,ecmwf,7,28.1,17.3,0,16.8
2026-07-15,gem,1,26.6,14.6,0.1,15.5
2026-07-15,gem,2,26.8,13.6,0,15.8
2026-07-15,gem,3,27.7,15,0,20.5
2026-07-15,gem,4,27.7,17.1,0,14.8
2026-07-15,gem,5,26.8,15.9,0,16.2
2026-07-15,gem,6,27.8,18.4,0,21.6
2026-07-15,gem,7,28.5,18.1,21.7,19.1
2026-07-15,gfs,1,27.4,13.8,0,17.1
2026-07-15,gfs,2,27.1,14.1,0,14.1
2026-07-15,gfs,3,27.8,15.1,0,13.1
2026-07-15,gfs,4,28.9,15.3,0,15.4
2026-07-15,gfs,5,31.6,14.7,0,16.8
2026-07-15,gfs,6,29.1,14.5,0,16.6
2026-07-15,gfs,7,31.6,16.1,0,18.8
2026-07-15,icon,1,26.6,15,0,17.8
2026-07-15,icon,2,27.1,15.1,0,15
2026-07-15,icon,3,28.3,15.2,0,14.8
2026-07-15,icon,4,28.5,14.7,0,12.4
2026-07-15,icon,5,27.5,15.6,0,15.4
2026-07-15,icon,6,26.2,15,0,15.4
2026-07-15,ukmo,1,28.1,17.7,0,17.6
2026-07-15,ukmo,2,26.6,16.1,0,15.8
2026-07-15,ukmo,3,27,16.2,0,15.5
2026-07-15,ukmo,4,28.6,15.8,0,17.3
2026-07-15,ukmo,5,27,17.8,0,14.8
2026-07-15,ukmo,6,27.4,17.8,0,18.4
2026-07-16,arpege,1,27.7,16.7,1.7,
2026-07-16,arpege,2,22.6,17.4,6.9,
2026-07-16,arpege,3,27.5,18.6,0,
2026-07-16,ecmwf,1,25.2,15.8,3,12.3
2026-07-16,ecmwf,2,22.5,16.4,9.9,11.9
2026-07-16,ecmwf,3,26.2,16.9,1.5,15.3
2026-07-16,ecmwf,4,28.4,16.1,0.3,12
2026-07-16,ecmwf,5,30.2,15.2,0,15.2
2026-07-16,ecmwf,6,27.1,16.2,0,15.8
2026-07-16,ecmwf,7,30.8,18,0.9,13.2
2026-07-16,gem,1,26.6,18.2,2,12.2
2026-07-16,gem,2,24.4,13.1,0,11.9
2026-07-16,gem,3,28,13.3,0,10.8
2026-07-16,gem,4,30.2,14,0,17.3
2026-07-16,gem,5,29.4,16.6,0,15.5
2026-07-16,gem,6,28.9,18.2,0,12.6
2026-07-16,gem,7,30.4,18.1,1.8,20.9
2026-07-16,gfs,1,24.8,14,7.3,13.3
2026-07-16,gfs,2,25.3,15.4,0.9,11.7
2026-07-16,gfs,3,29.2,14.3,11.6,16.2
2026-07-16,gfs,4,30.5,14.5,0,18.7
2026-07-16,gfs,5,30.1,14.9,0,13.7
2026-07-16,gfs,6,34.8,15.6,0,16.2
2026-07-16,gfs,7,34,16.2,0,18.7
2026-07-16,icon,1,25.8,15.5,0.1,16.1
2026-07-16,icon,2,22,15.5,2.1,8
2026-07-16,icon,3,22.5,16.5,2.8,9.8
2026-07-16,icon,4,29.1,15.4,0,14
2026-07-16,icon,5,30.6,15.5,0,15
2026-07-16,icon,6,30,15.1,0.4,14.4
2026-07-16,ukmo,1,27.3,18.3,2.4,14
2026-07-16,ukmo,2,25.1,16.9,2,12.2
2026-07-16,ukmo,3,23.9,17.5,2.8,10.1
2026-07-16,ukmo,4,26.1,15.7,0,10.8
2026-07-16,ukmo,5,31,15.5,0,14
2026-07-16,ukmo,6,27.4,17.6,0,15.1
2026-07-17,arpege,1,29.1,18.6,1.6,
2026-07-17,arpege,2,27.2,17.9,5.7,
2026-07-17,arpege,3,29.5,18.1,5,
2026-07-17,ecmwf,1,26.6,17.1,2.1,16.1
2026-07-17,ecmwf,2,23.7,16.1,15.3,14.1
2026-07-17,ecmwf,3,25.9,14.1,7.5,11.2
2026-07-17,ecmwf,4,26.5,16.6,9.9,12.8
2026-07-17,ecmwf,5,29.7,17.7,4.8,12.3
2026-07-17,ecmwf,6,29.1,18.7,5.1,12.7
2026-07-17,ecmwf,7,25.3,17.7,13.5,11.6
2026-07-17,gem,1,26.4,17,1.8,19.8
2026-07-17,gem,2,24.4,16,1.8,13
2026-07-17,gem,3,25.1,15.1,14.1,10.4
2026-07-17,gem,4,28.5,16.2,0,13.7
2026-07-17,gem,5,31.2,18.7,0,20.2
2026-07-17,gem,6,31.4,20.3,0,15.5
2026-07-17,gem,7,31.2,21.8,0,16.9
2026-07-17,gfs,1,28.4,16.2,0.3,19.6
2026-07-17,gfs,2,27.6,15.8,3,17.8
2026-07-17,gfs,3,24.6,14.4,5.2,18.8
2026-07-17,gfs,4,22.6,14.3,18.9,17.1
2026-07-17,gfs,5,29.3,16,2,17
2026-07-17,gfs,6,31.5,18.8,0,14.9
2026-07-17,gfs,7,33.2,17.7,0.9,23.3
2026-07-17,icon,1,29.3,17.8,0.9,19.9
2026-07-17,icon,2,28.2,17,6.8,12.4
2026-07-17,icon,3,25.8,15.3,1.5,13.6
2026-07-17,icon,4,24.8,15.8,1.1,11
2026-07-17,icon,5,29.6,18.5,0,13.5
2026-07-17,icon,6,32.1,18.9,0,16.9
2026-07-17,ukmo,1,28,19.4,1.1,19.8
2026-07-17,ukmo,2,28.3,16.3,6.5,14.8
2026-07-17,ukmo,3,24.7,16.7,15.8,14.8
2026-07-17,ukmo,4,23.7,16.3,4.4,11.9
2026-07-17,ukmo,5,28.3,18.9,0.8,12.2
2026-07-17,ukmo,6,30.9,20.8,0,17.6
2026-07-18,arpege,1,22.4,16.4,0,
2026-07-18,arpege,2,22.5,16.5,0,
2026-07-18,arpege,3,21.3,16.2,0,
2026-07-18,ecmwf,1,19.8,15.2,0,27.2
2026-07-18,ecmwf,2,19.1,15.2,0,26.4
2026-07-18,ecmwf,3,18.6,15.6,3,28.5
2026-07-18,ecmwf,4,20.1,15.2,3.6,31.9
2026-07-18,ecmwf,5,19.4,14.5,6.6,33.8
2026-07-18,ecmwf,6,24.5,15.8,0.6,27.4
2026-07-18,ecmwf,7,23.5,14.8,0.6,31.5
2026-07-18,gem,1,20.3,15.4,0,25.6
2026-07-18,gem,2,20.8,15.5,0.2,27.7
2026-07-18,gem,3,19.9,15.3,5.3,33.1
2026-07-18,gem,4,21.6,14,0,29.2
2026-07-18,gem,5,24.9,15.3,0.3,32.8
2026-07-18,gem,6,25.6,16.7,0.3,27.4
2026-07-18,gem,7,28.9,17.9,0,21.2
2026-07-18,gfs,1,22,13.9,0,24.9
2026-07-18,gfs,2,22.6,13.2,0,23.6
2026-07-18,gfs,3,21.5,14.3,0.9,25.5
2026-07-18,gfs,4,21.2,13.9,0,26.1
2026-07-18,gfs,5,21.9,13.2,0,24.9
2026-07-18,gfs,6,26.3,14.2,0,20.4
2026-07-18,gfs,7,34.4,17,0.2,11.6
2026-07-18,icon,1,21.8,15.6,0,28.2
2026-07-18,icon,2,21.7,15.6,0,23.2
2026-07-18,icon,3,20.1,15.1,4.9,23.2
2026-07-18,icon,4,21.5,16.2,0.3,25
2026-07-18,icon,5,20.4,15,0,28.5
2026-07-18,icon,6,31,17.9,0,15
2026-07-18,ukmo,1,20.1,16.2,0,23.8
2026-07-18,ukmo,2,20.5,16.2,0,25.6
2026-07-18,ukmo,3,20.4,15.3,1.2,27.7
2026-07-18,ukmo,4,20,15.2,0,26.6
2026-07-18,ukmo,5,21.8,15.3,0,26.6
2026-07-18,ukmo,6,29.7,18.8,0.6,18.4
2026-07-19,arpege,1,19.8,14.2,2.1,
2026-07-19,arpege,2,21.9,15.5,0.9,
2026-07-19,arpege,3,23.1,15.9,0.7,
2026-07-19,ecmwf,1,17.3,13.4,9,22.7
2026-07-19,ecmwf,2,18.4,13.1,9.6,19.5
2026-07-19,ecmwf,3,17.4,13.8,4.8,23.4
2026-07-19,ecmwf,4,20.1,14.4,15,23.7
2026-07-19,ecmwf,5,19.6,13.3,4.2,22.6
2026-07-19,ecmwf,6,18.6,13.7,19.2,20
2026-07-19,ecmwf,7,24.9,14.1,0.3,23.1
2026-07-19,gem,1,19.5,13.6,4.5,25.6
2026-07-19,gem,2,18.9,13.7,1.7,24.5
2026-07-19,gem,3,20.1,12.6,2.1,23.4
2026-07-19,gem,4,18.3,13.9,3.5,27.7
2026-07-19,gem,5,21.2,14.1,5.2,28.8
2026-07-19,gem,6,20.3,14.1,2.1,28.8
2026-07-19,gem,7,24.3,14,1.7,29.5
2026-07-19,gfs,1,18.1,12.8,7.1,21.1
2026-07-19,gfs,2,18.9,12.9,8.3,20.5
2026-07-19,gfs,3,20.1,11.4,3.6,18.1
2026-07-19,gfs,4,18.7,13.4,2.9,17.3
2026-07-19,gfs,5,18.5,12.5,1.4,21
2026-07-19,gfs,6,23.8,11.2,0.3,18.4
2026-07-19,gfs,7,24.9,13,0.1,19.9
2026-07-19,icon,1,20.5,13.9,0.5,23.6
2026-07-19,icon,2,20.4,13.3,4,13.7
2026-07-19,icon,3,17.2,13.6,3.8,19
2026-07-19,icon,4,21.1,13.8,6.4,16.1
2026-07-19,icon,5,19.5,11.7,1.8,26.3
2026-07-19,icon,6,22.8,14.3,0.3,21.8
2026-07-19,ukmo,1,18.9,14.4,4.9,19.1
2026-07-19,ukmo,2,17.7,14.1,7.9,19.8
2026-07-19,ukmo,3,19.8,14.7,0.9,24.1
2026-07-19,ukmo,4,17.6,14.1,12,23.8
2026-07-19,ukmo,5,18.9,13.1,4.6,21.6
2026-07-19,ukmo,6,23.8,15.2,0.6,15.5
2026-07-20,arpege,1,21,12.3,0,
2026-07-20,arpege,2,21,14.5,0.3,
2026-07-20,arpege,3,22.2,13.9,1.3,
2026-07-20,ecmwf,1,20.1,12.6,0.9,21.5
2026-07-20,ecmwf,2,20.1,13.4,1.5,26.6
2026-07-20,ecmwf,3,20,12.6,1.5,22.8
2026-07-20,ecmwf,4,18.7,11,3,25
2026-07-20,ecmwf,5,20.4,12.4,2.7,17.4
2026-07-20,ecmwf,6,19.1,12.6,2.4,15.9
2026-07-20,ecmwf,7,21.3,12.5,0.9,15.3
2026-07-20,gem,1,21.2,12.8,0.6,22
2026-07-20,gem,2,20.6,13,3.6,22.3
2026-07-20,gem,3,19.8,13,0.8,22.7
2026-07-20,gem,4,19.2,12.1,1.1,17.3
2026-07-20,gem,5,21.5,11,1.2,16.9
2026-07-20,gem,6,20.6,13.1,3.1,22
2026-07-20,gem,7,20.4,13,0,21.2
2026-07-20,gfs,1,19.6,11.5,0.1,20.3
2026-07-20,gfs,2,20,11.3,1.4,18.1
2026-07-20,gfs,3,21.2,12.2,0.5,17.6
2026-07-20,gfs,4,21.1,10.9,1.2,18.8
2026-07-20,gfs,5,21.2,11.6,0.5,16.3
2026-07-20,gfs,6,20.4,10.2,0,15.3
2026-07-20,gfs,7,21.2,11.8,0.2,19.3
2026-07-20,icon,1,21.8,13.3,0,19
2026-07-20,icon,2,21.1,13.8,0,15.2
2026-07-20,icon,3,21.2,14,3.2,15.9
2026-07-20,icon,4,20,11.6,1.2,17.7
2026-07-20,icon,5,21,13.3,0.2,17.4
2026-07-20,icon,6,20.3,12.9,0.1,20.8
2026-07-20,ukmo,1,21.2,14.2,0.1,19.1
2026-07-20,ukmo,2,19.1,13.2,1.5,19.1
2026-07-20,ukmo,3,20.1,13.7,3,19.1
2026-07-20,ukmo,4,18.7,13.5,1.5,21.2
2026-07-20,ukmo,5,21.8,13.4,0,15.8
2026-07-20,ukmo,6,19.2,13.1,0,18
2026-07-21,arpege,1,23.6,9.6,0,
2026-07-21,arpege,2,23.2,13.2,0,
2026-07-21,arpege,3,23.5,13.9,0,
2026-07-21,ecmwf,1,22,10.9,0,17.7
2026-07-21,ecmwf,2,21.8,11.6,0,21.1
2026-07-21,ecmwf,3,22.7,10.9,0,19.7
2026-07-21,ecmwf,4,20.6,9.9,0.3,19.8
2026-07-21,ecmwf,5,20.2,11,0,19.4
2026-07-21,ecmwf,6,18.9,12.1,0.6,21.4
2026-07-21,ecmwf,7,20.4,11.1,2.4,17.5
2026-07-21,gem,1,22,10.8,0,19.4
2026-07-21,gem,2,22,10.9,0,18.4
2026-07-21,gem,3,21.9,10.9,0,22
2026-07-21,gem,4,21.4,10.4,0,22
2026-07-21,gem,5,21.8,11,0,21.2
2026-07-21,gem,6,22.3,11.6,0.9,16.9
2026-07-21,gem,7,21.4,12.7,2.3,17.6
2026-07-21,gfs,1,23.7,10.2,0,21.9
2026-07-21,gfs,2,23,10.8,0,20.2
2026-07-21,gfs,3,23.6,10.8,0,20.6
2026-07-21,gfs,4,23.9,10.4,0,19.2
2026-07-21,gfs,5,23.6,10.1,0,21.1
2026-07-21,gfs,6,22.2,12.2,0.8,15.9
2026-07-21,gfs,7,21.7,11.9,0.2,14
2026-07-21,icon,1,22.8,11.1,0,20.2
2026-07-21,icon,2,23.1,13,0,16.4
2026-07-21,icon,3,23,12.6,0,16.1
2026-07-21,icon,4,23.1,11.1,0,16.9
2026-07-21,icon,5,20.6,12,0,19.3
2026-07-21,icon,6,20.5,12.3,0,19.6
2026-07-21,ukmo,1,22.4,12.1,0,19.4
2026-07-21,ukmo,2,21.7,13,0,21.6
2026-07-21,ukmo,3,21.2,13.8,0.3,20.5
2026-07-21,ukmo,4,22,13.4,0,20.5
2026-07-21,ukmo,5,20.8,11.8,0,19.1
2026-07-21,ukmo,6,18.4,13.1,1.9,15.1
2026-07-22,arpege,1,19.8,14.8,1,
2026-07-22,arpege,2,19,14.6,0.2,
2026-07-22,arpege,3,19.6,14.2,0.5,
2026-07-22,ecmwf,1,19.3,14.5,2.4,26.7
2026-07-22,ecmwf,2,19.6,14.8,1.8,27.6
2026-07-22,ecmwf,3,20,14.8,2.4,31.1
2026-07-22,ecmwf,4,19.3,14.5,3.6,30.1
2026-07-22,ecmwf,5,16.8,13.8,15,27.7
2026-07-22,ecmwf,6,16.3,13.6,4.5,17.4
2026-07-22,ecmwf,7,17.8,12.7,3.6,23.9
2026-07-22,gem,1,19.3,13.8,1.7,29.5
2026-07-22,gem,2,19.1,13.6,1.5,31.3
2026-07-22,gem,3,19.5,13.1,0.5,33.5
2026-07-22,gem,4,18.1,14.2,1.7,29.2
2026-07-22,gem,5,18.1,11.8,7.6,28.4
2026-07-22,gem,6,19.5,12.4,2,19.4
2026-07-22,gem,7,20.9,11,2.1,15.8
2026-07-22,gfs,1,19,11.7,2.2,25.8
2026-07-22,gfs,2,19.4,14.5,1.5,28
2026-07-22,gfs,3,20,12.4,1.3,25.9
2026-07-22,gfs,4,17.3,14.3,4.2,21.4
2026-07-22,gfs,5,19.6,11.3,11,18.8
2026-07-22,gfs,6,22.1,11.3,1.4,12.8
2026-07-22,gfs,7,19.4,11.8,2.7,16.2
2026-07-22,icon,1,19.4,14.9,0,32.1
2026-07-22,icon,2,19.1,14.5,0.8,20.6
2026-07-22,icon,3,19.9,15.2,0.8,21.1
2026-07-22,icon,4,18.7,14.3,4.3,17.4
2026-07-22,icon,5,18.7,14.3,6.8,16.5
2026-07-22,icon,6,19.2,15.2,0.2,18.5
2026-07-22,ukmo,1,19,14.7,1.7,19.8
2026-07-22,ukmo,2,18.9,14.6,1.2,26.3
2026-07-22,ukmo,3,18.2,14.5,1.5,26.3
2026-07-22,ukmo,4,18.5,14,2.3,26.3
2026-07-22,ukmo,5,18.1,14.3,3.5,22.7
2026-07-22,ukmo,6,17.6,14.7,2.8,23
2026-07-23,arpege,1,22.1,12.4,0,
2026-07-23,arpege,2,22,14.2,0,
2026-07-23,arpege,3,22,13.9,0,
2026-07-23,ecmwf,1,20.3,13.4,0,19.1
2026-07-23,ecmwf,2,21.8,13.5,0,21.5
2026-07-23,ecmwf,3,22.1,12.3,1.5,20.5
2026-07-23,ecmwf,4,20.9,12.4,0.3,21.4
2026-07-23,ecmwf,5,21.8,13.6,3.3,23.2
2026-07-23,ecmwf,6,21.9,12.7,3.9,17.6
2026-07-23,ecmwf,7,21,12.9,4.2,20
2026-07-23,gem,1,21.1,13.9,0,19.8
2026-07-23,gem,2,22.5,13.4,0.2,22
2026-07-23,gem,3,22.1,13.1,0.5,21.2
2026-07-23,gem,4,22.4,14.4,0,23
2026-07-23,gem,5,21.8,13.4,0,25.9
2026-07-23,gem,6,21,11,1.4,14.8
2026-07-23,gem,7,21.3,11.3,0.4,18.7
2026-07-23,gfs,1,21.8,12.6,0.1,20.1
2026-07-23,gfs,2,21.6,12.6,0,21.3
2026-07-23,gfs,3,21.7,12.4,0,18.9
2026-07-23,gfs,4,20.1,12.2,0,19.4
2026-07-23,gfs,5,20.4,13.2,10.8,22.5
2026-07-23,gfs,6,20.8,12.5,1.6,15.9
2026-07-23,gfs,7,22.2,12.8,0,14.6
2026-07-23,icon,1,21.2,11.7,0,20.3
2026-07-23,icon,2,22.1,12.9,0,14.8
2026-07-23,icon,3,22.3,13.6,0.3,15.6
2026-07-23,icon,4,21.1,14.7,0.3,17.2
2026-07-23,icon,5,23.4,13.2,0.8,16.6
2026-07-23,icon,6,23.2,12.7,0,12.8
2026-07-23,ukmo,1,20.3,14.3,0,19.4
2026-07-23,ukmo,2,21.3,13.9,0,19.1
2026-07-23,ukmo,3,21.1,13,0,18
2026-07-23,ukmo,4,20.1,14.1,0,18.7
2026-07-23,ukmo,5,20.5,13.7,0.2,20.9
2026-07-23,ukmo,6,19.8,13.7,2,19.8
2026-07-24,arpege,1,21.6,13.7,0.1,
2026-07-24,arpege,2,21.7,15.5,0,
2026-07-24,arpege,3,22.2,14.5,0,
2026-07-24,ecmwf,1,19.7,13.7,0.3,18
2026-07-24,ecmwf,2,19.6,12.5,0.3,16.5
2026-07-24,ecmwf,3,20.4,11.7,0,15
2026-07-24,ecmwf,4,20.7,13.7,0.3,15.7
2026-07-24,ecmwf,5,19.9,13.4,0.3,16.4
2026-07-24,ecmwf,6,20.5,13.7,0.6,19.6
2026-07-24,ecmwf,7,19.8,12.6,0.6,17.4
2026-07-24,gem,1,21.5,12.6,0,14.8
2026-07-24,gem,2,21.1,11.7,0,16.6
2026-07-24,gem,3,21.1,13.1,0,16.9
2026-07-24,gem,4,21.1,12.8,0,17.6
2026-07-24,gem,5,21.5,12.7,0,18
2026-07-24,gem,6,21.4,11.7,0,16.2
2026-07-24,gem,7,21.4,12.7,0,20.2
2026-07-24,gfs,1,21.2,11,0,17.1
2026-07-24,gfs,2,22.9,10.9,0.2,15.5
2026-07-24,gfs,3,22.9,11.1,0,16.3
2026-07-24,gfs,4,22.7,10.2,0,15
2026-07-24,gfs,5,21.1,14.7,0,14.8
2026-07-24,gfs,6,22.2,10,0.2,15.2
2026-07-24,gfs,7,22.8,12.1,0,18
2026-07-24,icon,1,18.5,11.6,0,13.4
2026-07-24,icon,2,20.5,12.1,0,11.2
2026-07-24,icon,3,21.7,13.4,0,12
2026-07-24,icon,4,20.6,12.4,0,11.2
2026-07-24,icon,5,20.5,13.4,0,15.6
2026-07-24,icon,6,21.7,16,0,16.9
2026-07-24,ukmo,1,21.2,14.7,0,13.7
2026-07-24,ukmo,2,21,13.6,0,15.8
2026-07-24,ukmo,3,21.2,14,0,13.3
2026-07-24,ukmo,4,20.8,14.3,0.9,13.7
2026-07-24,ukmo,5,21.7,15.1,1.2,17.6
2026-07-24,ukmo,6,21.8,14.2,0.1,18.7
2026-07-25,arpege,1,27.1,13.6,0,
2026-07-25,arpege,2,26.6,15.9,0,
2026-07-25,arpege,3,26.5,15.4,0,
2026-07-25,ecmwf,1,25.7,13.6,0.6,21.6
2026-07-25,ecmwf,2,25.4,13.1,0.6,19.5
2026-07-25,ecmwf,3,25.5,13,0.6,14.8
2026-07-25,ecmwf,4,25.1,12.9,0,18.6
2026-07-25,ecmwf,5,24.8,12.2,0.9,14.1
2026-07-25,ecmwf,6,24.5,14.5,0.6,18.9
2026-07-25,ecmwf,7,20.9,12,0.9,21
2026-07-25,gem,1,24.6,11.8,0,21.6
2026-07-25,gem,2,25.2,11.2,0,19.1
2026-07-25,gem,3,25.2,11.6,0,16.9
2026-07-25,gem,4,24.4,13.5,0,12.6
2026-07-25,gem,5,24.9,12.9,3.6,18.4
2026-07-25,gem,6,25.5,11.6,0,14.8
2026-07-25,gem,7,23.2,12.4,0.3,16.2
2026-07-25,gfs,1,27.8,12.8,0,21.8
2026-07-25,gfs,2,28.2,13.1,0,21
2026-07-25,gfs,3,26,13.5,0,18.9
2026-07-25,gfs,4,28,12.8,0,17.7
2026-07-25,gfs,5,28.1,13.1,0,13.4
2026-07-25,gfs,6,19.8,12.7,2.2,19.2
2026-07-25,gfs,7,20.8,12,1.2,24.6
2026-07-25,icon,1,26.7,14.3,0,19.8
2026-07-25,icon,2,25,13.7,0,12.1
2026-07-25,icon,3,24.9,15,0,12.3
2026-07-25,icon,4,25.4,15.1,0,11.4
2026-07-25,icon,5,24.3,16.4,5.9,14
2026-07-25,icon,6,19.3,15.3,6.1,16.2
2026-07-25,ukmo,1,26.1,15.6,0,15.5
2026-07-25,ukmo,2,25.6,14,0.2,17.3
2026-07-25,ukmo,3,26.2,16.1,0.3,12.2
2026-07-25,ukmo,4,26.6,15.9,0,11.5
2026-07-25,ukmo,5,25.4,16.1,0,9.7
2026-07-25,ukmo,6,25.1,16.1,0,13
2026-07-26,arpege,1,21.2,16.7,14.4,
2026-07-26,arpege,2,19.4,16.9,14.6,
2026-07-26,arpege,3,19.4,15.7,16.4,
2026-07-26,ecmwf,1,19.4,15.2,16.5,21.7
2026-07-26,ecmwf,2,18.6,14.9,6.6,14.3
2026-07-26,ecmwf,3,19.2,15.6,23.7,17.5
2026-07-26,ecmwf,4,23,15,2.7,19.6
2026-07-26,ecmwf,5,21.4,16,7.5,22.8
2026-07-26,ecmwf,6,21.2,14.3,6.9,14.9
2026-07-26,ecmwf,7,22.1,16,1.8,20.3
2026-07-26,gem,1,19.4,15.6,15.8,20.2
2026-07-26,gem,2,18.1,14.6,36.3,18
2026-07-26,gem,3,18.8,12.7,13.1,19.8
2026-07-26,gem,4,18.9,13.5,4.3,19.4
2026-07-26,gem,5,22.8,14.1,8.1,19.8
2026-07-26,gem,6,21.9,12.9,2.8,24.5
2026-07-26,gem,7,26.4,13.9,1.2,11.5
2026-07-26,gfs,1,18.4,14.4,13,19
2026-07-26,gfs,2,17.2,14.3,10.2,15.9
2026-07-26,gfs,3,22.4,14.5,5.8,18.5
2026-07-26,gfs,4,21.3,13.5,2.9,16.7
2026-07-26,gfs,5,21.2,15,0.5,19.5
2026-07-26,gfs,6,25.5,13.1,0.9,19.1
2026-07-26,gfs,7,21.3,13.1,0.6,18.8
2026-07-26,icon,1,18,16.2,27,17.3
2026-07-26,icon,2,17.7,15.2,27.6,10.8
2026-07-26,icon,3,18.4,15.8,9.6,11.6
2026-07-26,icon,4,21,15.6,3.4,15
2026-07-26,icon,5,20.9,15.1,5.7,13.1
2026-07-26,icon,6,19.5,14.5,6.8,14.8
2026-07-26,ukmo,1,19.4,17.3,10.9,18.4
2026-07-26,ukmo,2,19.4,16.8,15.5,11.9
2026-07-26,ukmo,3,19.6,17.1,7.9,13.7
2026-07-26,ukmo,4,25.3,17.1,3.3,15.5
2026-07-26,ukmo,5,24.8,15.2,12.5,16.9
2026-07-26,ukmo,6,26.5,18.4,2.9,15.8
2026-07-27,arpege,1,20.1,14.1,0.2,
2026-07-27,arpege,2,17.9,14.1,1.1,
2026-07-27,arpege,3,18.6,13.9,0.2,
2026-07-27,ecmwf,1,18.9,13.5,2.7,27.9
2026-07-27,ecmwf,2,18.3,14,5.7,26.6
2026-07-27,ecmwf,3,19.3,13.5,1.8,23.6
2026-07-27,ecmwf,4,19,12.6,1.2,24.1
2026-07-27,ecmwf,5,19.4,12.9,19.2,22.6
2026-07-27,ecmwf,6,19,14.1,0,25.4
2026-07-27,ecmwf,7,19.7,14.7,12.9,12.8
2026-07-27,gem,1,19.3,13.8,0.9,24.5
2026-07-27,gem,2,18.6,13.8,3.5,23.4
2026-07-27,gem,3,18.8,11.7,0.9,22.7
2026-07-27,gem,4,20.1,12.6,1.3,24.5
2026-07-27,gem,5,19.5,10,1.8,22
2026-07-27,gem,6,20.5,15.1,4.2,21.6
2026-07-27,gem,7,21,13.7,1.8,28.4
2026-07-27,gfs,1,20.3,12.4,0.7,25.7
2026-07-27,gfs,2,19.8,13.1,0.5,24
2026-07-27,gfs,3,20.6,12.9,1.4,21.7
2026-07-27,gfs,4,21.2,12.1,0.3,23.1
2026-07-27,gfs,5,20.3,12.1,0,17.8
2026-07-27,gfs,6,21.7,11.1,1.7,23.8
2026-07-27,gfs,7,19.6,10.7,5.1,21.3
2026-07-27,icon,1,19.9,14.1,0.9,28.2
2026-07-27,icon,2,19.7,14.7,1.1,20.5
2026-07-27,icon,3,19.6,15.3,2.8,19.8
2026-07-27,icon,4,20.1,13.3,7.8,20
2026-07-27,icon,5,18.6,13.2,0.2,15.5
2026-07-27,icon,6,20.4,15.4,1.7,19.3
2026-07-27,ukmo,1,19.9,14.7,2.8,22.7
2026-07-27,ukmo,2,19.5,14.3,0.7,25.6
2026-07-27,ukmo,3,19.6,14.9,1.4,23.8
2026-07-27,ukmo,4,20.3,13.6,1.2,21.6
2026-07-27,ukmo,5,18.8,13.3,0,23
2026-07-27,ukmo,6,20.3,13.6,0.4,25.9
2026-07-28,arpege,1,24.8,12.9,0,
2026-07-28,arpege,2,23,12.7,0.3,
2026-07-28,arpege,3,24.1,15.3,0.3,
2026-07-28,ecmwf,1,23,12.4,0.6,18.8
2026-07-28,ecmwf,2,23,13.1,0.6,17.4
2026-07-28,ecmwf,3,22.8,13.1,0.9,21.2
2026-07-28,ecmwf,4,22.8,12.8,0.9,17.6
2026-07-28,ecmwf,5,23.2,12.1,0.3,15.9
2026-07-28,ecmwf,6,22.7,12.5,0.3,13.7
2026-07-28,ecmwf,7,20.8,13.6,0.9,17.5
2026-07-28,gem,1,24.1,12.3,0.2,16.2
2026-07-28,gem,2,23.2,12.2,0.1,15.1
2026-07-28,gem,3,22.7,14.4,1,16.2
2026-07-28,gem,4,23.2,13,0,19.8
2026-07-28,gem,5,24.3,11.8,0.8,17.6
2026-07-28,gem,6,22,13.1,0.4,19.4
2026-07-28,gem,7,24.5,12.9,0.9,22
2026-07-28,gfs,1,25.2,11,0,16.8
2026-07-28,gfs,2,24.3,11.5,1.1,15.9
2026-07-28,gfs,3,22.9,11.5,0.5,17.7
2026-07-28,gfs,4,25.1,12.6,0,13.1
2026-07-28,gfs,5,25,11.1,0,13
2026-07-28,gfs,6,27.2,11.9,0,11.6
2026-07-28,gfs,7,25.8,10,0,17.2
2026-07-28,icon,1,23.8,12.2,0,15
2026-07-28,icon,2,22.7,14.1,0,12.3
2026-07-28,icon,3,22.9,14.8,0.3,10.5
2026-07-28,icon,4,23.6,12.6,0,15.9
2026-07-28,icon,5,21.3,12.5,0,11.9
2026-07-28,icon,6,19.8,12.3,0,14
2026-07-28,ukmo,1,24.6,14.3,0.9,13.3
2026-07-28,ukmo,2,24.2,13,0,13.3
2026-07-28,ukmo,3,23.8,13.8,0,15.8
2026-07-28,ukmo,4,24.2,13.8,0,15.5
2026-07-28,ukmo,5,24.6,13.5,0,17.3
2026-07-28,ukmo,6,22,12.8,0.3,16.2
2026-07-29,arpege,1,32.2,18.8,0,
2026-07-29,arpege,2,29.8,17.3,0,
2026-07-29,arpege,3,30.4,17.1,0,
2026-07-29,ecmwf,1,28.8,18,0,12.8
2026-07-29,ecmwf,2,28.7,17.2,0,13
2026-07-29,ecmwf,3,28.3,17.5,0,13.1
2026-07-29,ecmwf,4,30,17.6,0,12.4
2026-07-29,ecmwf,5,28.4,15.3,0,9.2
2026-07-29,ecmwf,6,28.3,15.9,0,11.2
2026-07-29,ecmwf,7,28.7,16.2,0,15
2026-07-29,gem,1,28.9,16,0,13.3
2026-07-29,gem,2,29.1,16.3,0,10.8
2026-07-29,gem,3,28.8,14.9,0,13
2026-07-29,gem,4,28.8,14.9,0,11.2
2026-07-29,gem,5,28.5,16.4,0,12.6
2026-07-29,gem,6,29.2,13.7,0,12.6
2026-07-29,gem,7,27.6,15.9,0,19.8
2026-07-29,gfs,1,31.4,17.6,0,12.6
2026-07-29,gfs,2,32.1,15.9,0,12.3
2026-07-29,gfs,3,31.6,15,0,8.9
2026-07-29,gfs,4,30,14.8,0,10.5
2026-07-29,gfs,5,32.3,17.8,0,11.3
2026-07-29,gfs,6,31.7,14.2,0,11.5
2026-07-29,gfs,7,31.7,17.8,0,11.4
2026-07-29,icon,1,30.9,17.6,0,13.1
2026-07-29,icon,2,29.8,17.3,0,9.4
2026-07-29,icon,3,31.1,17.6,0,9.2
2026-07-29,icon,4,31.1,17,0,8.2
2026-07-29,icon,5,27.5,16.6,0,9.2
2026-07-29,icon,6,26.3,16,0,10
2026-07-29,ukmo,1,31.2,19.8,0,15.5
2026-07-29,ukmo,2,30.8,19.3,0,13.3
2026-07-29,ukmo,3,29.6,19.1,0,15.5
2026-07-29,ukmo,4,28.5,18.1,0,11.5
2026-07-29,ukmo,5,29.8,17.6,0.1,11.5
2026-07-29,ukmo,6,30.1,17,0.2,13
2026-07-30,arpege,1,36.1,19.8,0.6,
2026-07-30,arpege,2,37.1,19.6,0,
2026-07-30,arpege,3,35.2,19.8,0,
2026-07-30,ecmwf,1,34.5,19.6,1.5,21.1
2026-07-30,ecmwf,2,33,19.2,4.5,19.5
2026-07-30,ecmwf,3,32.2,19.1,1.2,19.5
2026-07-30,ecmwf,4,32.5,19.2,2.7,15
2026-07-30,ecmwf,5,33.9,17.9,0,13
2026-07-30,ecmwf,6,31.4,20,0,18.1
2026-07-30,ecmwf,7,31.3,18.8,0,9.3
2026-07-30,gem,1,33.2,18.3,0.6,17.3
2026-07-30,gem,2,29.9,18.4,0.1,24.5
2026-07-30,gem,3,32.5,20.6,1.8,28.1
2026-07-30,gem,4,32.2,20.5,0,22
2026-07-30,gem,5,32.6,20.4,1.2,18
2026-07-30,gem,6,31.7,20.6,1.2,20.5
2026-07-30,gem,7,30.1,18.8,0,22
2026-07-30,gfs,1,33.7,20,0.2,20.1
2026-07-30,gfs,2,33.2,18.9,0.4,21.5
2026-07-30,gfs,3,33.7,19,0,21.1
2026-07-30,gfs,4,35.9,18.7,0,23.2
2026-07-30,gfs,5,36.7,18.3,1.2,15.5
2026-07-30,gfs,6,35,20.9,0,11.6
2026-07-30,gfs,7,37.8,18.9,0,15.8
2026-07-30,icon,1,34.5,19.2,0,22.1
2026-07-30,icon,2,35.2,18.9,3.9,14
2026-07-30,icon,3,34.4,18.3,0,12.2
2026-07-30,icon,4,36.5,20.9,0.1,12.3
2026-07-30,icon,5,35.6,20.3,0,15
2026-07-30,icon,6,33.1,19.5,0,14
2026-07-30,ukmo,1,35.9,20.8,0.9,23
2026-07-30,ukmo,2,33.2,21.4,3,15.8
2026-07-30,ukmo,3,33.1,21,0,18
2026-07-30,ukmo,4,36.4,20.2,0.9,20.5
2026-07-30,ukmo,5,35.4,21.8,0,13
2026-07-30,ukmo,6,33.4,21.7,0,14.4
2026-07-31,arpege,1,26.5,16.5,29.1,
2026-07-31,arpege,2,26.2,18.3,2.4,
2026-07-31,arpege,3,26.2,17.9,0,
2026-07-31,ecmwf,1,24.9,15.7,6.3,11.9
2026-07-31,ecmwf,2,25.3,16.5,1.5,12.7
2026-07-31,ecmwf,3,23.3,15.8,0,13.4
2026-07-31,ecmwf,4,23.6,16.7,0.6,15.6
2026-07-31,ecmwf,5,25.5,14.7,0,11.5
2026-07-31,ecmwf,6,30.5,18.9,0,12.9
2026-07-31,ecmwf,7,24,19.8,0.6,17.6
2026-07-31,gem,1,27.5,15.5,0.1,15.8
2026-07-31,gem,2,23.7,16.3,3,15.1
2026-07-31,gem,3,22.6,16.6,0,15.1
2026-07-31,gem,4,24.3,15.8,0.3,18.7
2026-07-31,gem,5,25.1,17.1,0,15.5
2026-07-31,gem,6,27.5,19.9,0.6,12.6
2026-07-31,gem,7,29,15.6,0,15.1
2026-07-31,gfs,1,27.6,15.6,3.9,13.9
2026-07-31,gfs,2,25.5,14.2,1.5,14.8
2026-07-31,gfs,3,27.4,15,2.3,14.7
2026-07-31,gfs,4,27.4,16.5,0.1,17.2
2026-07-31,gfs,5,27.8,16.4,0.4,16.6
2026-07-31,gfs,6,28.4,17.5,0,11.7
2026-07-31,gfs,7,36.4,18.5,0,17.1
2026-07-31,icon,1,25.4,16.6,0.3,10.5
2026-07-31,icon,2,23.7,16.6,0,10.1
2026-07-31,icon,3,25.1,16.8,0,10.2
2026-07-31,icon,4,25.5,16.7,0,10.1
2026-07-31,icon,5,26.3,16.4,0,12.4
2026-07-31,icon,6,27.7,19.1,0.9,17.7
2026-07-31,ukmo,1,25.9,17.1,14.9,13.7
2026-07-31,ukmo,2,24.5,17.4,0.3,11.2
2026-07-31,ukmo,3,24.2,17.9,0,12.2
2026-07-31,ukmo,4,23.7,17.9,0,15.5
2026-07-31,ukmo,5,31,17.2,0.2,21.6
2026-07-31,ukmo,6,30.2,15.5,0,14
2026-08-01,arpege,1,22.5,13,0,
2026-08-01,arpege,2,23.1,14.5,4.5,
2026-08-01,arpege,3,20.7,15.7,1.1,
2026-08-01,ecmwf,1,21.6,13.2,0,14.7
2026-08-01,ecmwf,2,22,13.5,0.3,14
2026-08-01,ecmwf,3,23.6,14.7,0.6,15.1
2026-08-01,ecmwf,4,21.9,13.6,4.5,16
2026-08-01,ecmwf,5,21.6,14.6,0.6,9
2026-08-01,ecmwf,6,21.9,13.5,0,10.7
2026-08-01,ecmwf,7,25.7,14.4,2.4,12.8
2026-08-01,gem,1,21.2,13.6,0.5,15.8
2026-08-01,gem,2,22,14,0.8,17.6
2026-08-01,gem,3,20.8,12.1,0.1,12.2
2026-08-01,gem,4,20.2,11.9,0,14.8
2026-08-01,gem,5,20.8,12.1,0,16.9
2026-08-01,gem,6,21.3,15.2,0,14
2026-08-01,gem,7,25,15.7,0,17.6
2026-08-01,gfs,1,22.3,12.1,0,16.3
2026-08-01,gfs,2,22.6,13.8,0.5,15.7
2026-08-01,gfs,3,23.6,14.1,2.5,17.2
2026-08-01,gfs,4,24,13,0.1,17.1
2026-08-01,gfs,5,24.7,12.1,0,10.8
2026-08-01,gfs,6,25.5,13.1,0,13.6
2026-08-01,gfs,7,33.1,18.9,1.4,15.8
2026-08-01,icon,1,22.5,12.3,0,18.7
2026-08-01,icon,2,22.7,12.5,0,12.6
2026-08-01,icon,3,23.4,15.4,0,12
2026-08-01,icon,4,22.2,11.9,0,10.6
2026-08-01,icon,5,23.1,12.1,0,8.4
2026-08-01,icon,6,23.6,17.1,0.7,10.4
2026-08-01,ukmo,1,21.9,14.9,0,18.4
2026-08-01,ukmo,2,21.6,15.7,2.9,15.8
2026-08-01,ukmo,3,22.5,16.2,0.9,16.6
2026-08-01,ukmo,4,22,16.3,1.2,15.5
2026-08-01,ukmo,5,25.9,12.2,0.6,15.1
2026-08-01,ukmo,6,23.2,14.1,5.3,12.6
2026-08-02,arpege,1,26,12,0,
2026-08-02,arpege,2,24.3,16.6,0.1,
2026-08-02,arpege,3,25,14.8,0,
2026-08-02,ecmwf,1,24,11.5,0,14.8
2026-08-02,ecmwf,2,24.6,11.7,0,13.2
2026-08-02,ecmwf,3,24.8,12.7,0,12.4
2026-08-02,ecmwf,4,26.4,11.9,0,9.7
2026-08-02,ecmwf,5,22.2,10.8,0,11.3
2026-08-02,ecmwf,6,24,13.3,0.3,16.6
2026-08-02,ecmwf,7,24.5,14.5,0,13.1
2026-08-02,gem,1,23.8,10.7,0,11.2
2026-08-02,gem,2,23,10.5,0,9.4
2026-08-02,gem,3,23.4,10.4,0,10.4
2026-08-02,gem,4,23.7,8.9,0,10.4
2026-08-02,gem,5,24.2,11.2,0,14.8
2026-08-02,gem,6,24.2,11.7,0,16.9
2026-08-02,gem,7,23.2,10.3,0,15.8
2026-08-02,gfs,1,25.5,11.4,0,11.2
2026-08-02,gfs,2,25.1,11.8,0,9.3
2026-08-02,gfs,3,24.1,11.9,0,9.9
2026-08-02,gfs,4,23.6,11.2,0,11.5
2026-08-02,gfs,5,27.8,12.2,0,11
2026-08-02,gfs,6,26.6,13,0,19.5
2026-08-02,gfs,7,22.8,13.7,0,13.2
2026-08-02,icon,1,24.6,11.9,0,9.7
2026-08-02,icon,2,24,12.1,0,6.5
2026-08-02,icon,3,24.4,13.1,0,7.4
2026-08-02,icon,4,24.7,13.4,0,9.3
2026-08-02,icon,5,25.8,13.6,0,11.7
2026-08-02,icon,6,25.3,13.1,0,7.8
2026-08-02,ukmo,1,24.2,15.7,0,11.9
2026-08-02,ukmo,2,24,13.6,0,10.1
2026-08-02,ukmo,3,22.9,14.1,0,8.6
2026-08-02,ukmo,4,22.9,12.4,0,10.1
2026-08-02,ukmo,5,22.6,13.8,0,10.4
2026-08-02,ukmo,6,25.3,13.7,0.8,10.8
2026-08-03,arpege,1,28.7,14.1,0,
2026-08-03,arpege,2,27.9,16.7,0,
2026-08-03,arpege,3,28,18.2,0,
2026-08-03,ecmwf,1,26.5,13.2,0,16.7
2026-08-03,ecmwf,2,26.8,13.9,0,16.6
2026-08-03,ecmwf,3,27.8,14.7,0,16.8
2026-08-03,ecmwf,4,30.8,15.7,0,16.5
2026-08-03,ecmwf,5,26.9,13.9,0,19.6
2026-08-03,ecmwf,6,24.8,15.6,0.3,15.8
2026-08-03,ecmwf,7,26.3,16.7,9,15.1
2026-08-03,gem,1,26.9,12.6,0,15.8
2026-08-03,gem,2,25.5,13.7,0,14
2026-08-03,gem,3,26.2,15.3,0,16.2
2026-08-03,gem,4,29.1,13.5,0,16.2
2026-08-03,gem,5,26.9,15.9,0,18.4
2026-08-03,gem,6,30.2,15.5,2.8,15.8
2026-08-03,gem,7,24,12.5,0,18
2026-08-03,gfs,1,27.7,13.8,0,15.2
2026-08-03,gfs,2,28,14,0,16
2026-08-03,gfs,3,29.6,13.4,0,17.9
2026-08-03,gfs,4,28.6,13.6,0,18.6
2026-08-03,gfs,5,27.1,14.8,0,17.7
2026-08-03,gfs,6,30.5,13.6,1,15.2
2026-08-03,gfs,7,24.3,10.4,0,10.3
2026-08-03,icon,1,27.4,12.9,0,15.8
2026-08-03,icon,2,27.1,13.8,0,12
2026-08-03,icon,3,27.8,13.6,0,10.8
2026-08-03,icon,4,28.7,16.7,0,12.3
2026-08-03,icon,5,29.4,16.2,0.3,11.9
2026-08-03,icon,6,31.2,18.4,9,13.8
2026-08-03,ukmo,1,27.8,17.5,0,17.6
2026-08-03,ukmo,2,27,17,0,17.3
2026-08-03,ukmo,3,27.4,16.8,0,16.9
2026-08-03,ukmo,4,28.7,15.4,0,15.5
2026-08-03,ukmo,5,26.5,16.7,0,16.6
2026-08-03,ukmo,6,25.2,17.2,0,16.6
2026-08-04,arpege,1,29.6,19.1,1,
2026-08-04,arpege,2,33.2,19.8,0,
2026-08-04,arpege,3,32.8,19.8,0.9,
2026-08-04,ecmwf,1,27.1,18.2,3,15.5
2026-08-04,ecmwf,2,30.5,18,5.7,16.5
2026-08-04,ecmwf,3,30,17.9,7.8,16.3
2026-08-04,ecmwf,4,31.7,20,10.8,16.5
2026-08-04,ecmwf,5,31.4,17.8,3.3,17.9
2026-08-04,ecmwf,6,25.8,18.3,10.2,16
2026-08-04,ecmwf,7,26.5,19,8.7,23.3
2026-08-04,gem,1,31.5,20.8,0.9,16.9
2026-08-04,gem,2,31.7,19.1,1.9,20.9
2026-08-04,gem,3,30.2,15.2,0.3,19.4
2026-08-04,gem,4,28.9,19.7,2.9,18.7
2026-08-04,gem,5,25.6,17.9,10,17.3
2026-08-04,gem,6,25.9,11.6,1,17.3
2026-08-04,gem,7,24,15.6,0.4,15.5
2026-08-04,gfs,1,29.3,17,1.6,12.1
2026-08-04,gfs,2,30.5,17.9,2.7,16
2026-08-04,gfs,3,32.9,17.3,1.7,15.5
2026-08-04,gfs,4,32.7,17.7,0,12.7
2026-08-04,gfs,5,28.6,15.9,11.5,17.5
2026-08-04,gfs,6,22.7,14.7,6.9,14.3
2026-08-04,gfs,7,28,14.1,5.1,20.8
2026-08-04,icon,1,29.1,18.2,0.4,14
2026-08-04,icon,2,31.3,17.6,5.8,12.2
2026-08-04,icon,3,32.7,18.6,0.6,9.6
2026-08-04,icon,4,27.3,17.6,15.3,8.4
2026-08-04,icon,5,28.2,19.9,2.7,14.3
2026-08-04,icon,6,29,17.8,2,17.1
2026-08-04,ukmo,1,30.5,20.8,1,14
2026-08-04,ukmo,2,28.9,19,7,15.8
2026-08-04,ukmo,3,31.6,19.3,3,12.6
2026-08-04,ukmo,4,29.9,21.7,0.8,15.5
2026-08-04,ukmo,5,28.9,19.7,0.9,11.9
2026-08-04,ukmo,6,20.8,17.7,20.9,15.5
2026-08-05,arpege,1,29.8,21.7,5.5,
2026-08-05,arpege,2,29.3,20.4,5.1,
2026-08-05,arpege,3,30.8,20.6,6.4,
2026-08-05,ecmwf,1,27.4,19.7,1.8,20.5
2026-08-05,ecmwf,2,27.8,19.9,4.5,21.3
2026-08-05,ecmwf,3,27.5,19.9,0.3,19.8
2026-08-05,ecmwf,4,27.4,19.2,0.9,22.9
2026-08-05,ecmwf,5,27.4,18.6,1.5,21.6
2026-08-05,ecmwf,6,31.3,17.5,3.3,19.1
2026-08-05,ecmwf,7,22.2,15.9,2.7,22.8
2026-08-05,gem,1,28.4,20,2.1,26.6
2026-08-05,gem,2,28.8,19.1,0.9,24.8
2026-08-05,gem,3,29.3,20.6,1.5,22.7
2026-08-05,gem,4,27.3,19.4,1.7,22.7
2026-08-05,gem,5,28.5,16.9,0.3,24.1
2026-08-05,gem,6,25,18.2,1.5,20.9
2026-08-05,gem,7,22.7,11,0,19.1
2026-08-05,gfs,1,29.4,18.5,7.8,17.6
2026-08-05,gfs,2,29.7,18,0,18.9
2026-08-05,gfs,3,31.3,17.1,0.2,21.4
2026-08-05,gfs,4,32.1,19.4,1.1,17.6
2026-08-05,gfs,5,29.8,18.5,0.8,14.9
2026-08-05,gfs,6,24.3,15.6,2.7,9.9
2026-08-05,gfs,7,19.6,12.1,0.6,19.8
2026-08-05,icon,1,29.2,20.9,4,21.1
2026-08-05,icon,2,28.9,19.6,3.9,14.3
2026-08-05,icon,3,28.5,19.6,8.4,14.4
2026-08-05,icon,4,27.3,17.9,4.6,12.2
2026-08-05,icon,5,28.1,19.7,12.3,14.6
2026-08-05,icon,6,27.7,18,2.5,13.4
2026-08-05,ukmo,1,27.9,21,0.6,19.8
2026-08-05,ukmo,2,27.6,20.8,3.6,18.4
2026-08-05,ukmo,3,27.4,20.8,2.4,18.4
2026-08-05,ukmo,4,29.2,21.6,0.9,17.6
2026-08-05,ukmo,5,28.6,20.5,1.5,16.9
2026-08-05,ukmo,6,28.7,17.1,1.8,19.1
2026-08-06,arpege,1,24.4,17.8,0,
2026-08-06,arpege,2,24.9,18.1,0,
2026-08-06,arpege,3,25.3,17.3,0,
2026-08-06,ecmwf,1,23,16.1,0.9,25.9
2026-08-06,ecmwf,2,23.3,15.1,1.2,26.6
2026-08-06,ecmwf,3,23.4,15.7,0.3,25.1
2026-08-06,ecmwf,4,24.6,17.3,0,22.9
2026-08-06,ecmwf,5,24.6,17.4,0,22
2026-08-06,ecmwf,6,23.5,14.9,0.3,22.2
2026-08-06,ecmwf,7,22.7,13.1,0.9,22.7
2026-08-06,gem,1,23.3,15.9,0.1,25.6
2026-08-06,gem,2,23.1,15.2,0.1,24.8
2026-08-06,gem,3,24.5,16.7,0,25.6
2026-08-06,gem,4,25.8,16.6,0,29.5
2026-08-06,gem,5,22.9,15.4,0,25.6
2026-08-06,gem,6,26.7,15.7,0.1,27
2026-08-06,gem,7,26.8,13.3,0,31.7
2026-08-06,gfs,1,24,15.2,0,23.8
2026-08-06,gfs,2,23.8,15.3,0,23.5
2026-08-06,gfs,3,24.3,14.5,0,22
2026-08-06,gfs,4,25.7,15.3,0.2,23.4
2026-08-06,gfs,5,28.6,15.6,1.2,18.9
2026-08-06,gfs,6,27.8,15.5,0.7,18.9
2026-08-06,gfs,7,29.9,11.7,0,13.5
2026-08-06,icon,1,23.7,17.2,0,24.6
2026-08-06,icon,2,23.4,16.4,0,18.3
2026-08-06,icon,3,24.1,16.8,0,19.6
2026-08-06,icon,4,24.6,15.7,0,17.9
2026-08-06,icon,5,23,15.5,0,18.9
2026-08-06,icon,6,29.4,16.2,0,15.9
2026-08-06,ukmo,1,23,17.8,0,22.7
2026-08-06,ukmo,2,23.1,17.1,0,22
2026-08-06,ukmo,3,23.3,18.2,0,22.3
2026-08-06,ukmo,4,24,19.2,1,20.9
2026-08-06,ukmo,5,23.4,16.8,1.3,23.8
2026-08-06,ukmo,6,27.6,19.5,0,12.2
2026-08-07,arpege,1,22,15.1,0,
2026-08-07,arpege,2,22.8,17.2,0,
2026-08-07,arpege,3,22.1,15.6,0.6,
2026-08-07,ecmwf,1,20.2,13.2,0.6,20.7
2026-08-07,ecmwf,2,19.7,13.3,0.6,19.8
2026-08-07,ecmwf,3,20.3,12.8,0.3,18.9
2026-08-07,ecmwf,4,19.3,13.2,0.6,18.9
2026-08-07,ecmwf,5,21.4,14.1,0,20.7
2026-08-07,ecmwf,6,20.3,14.8,0.9,21.9
2026-08-07,ecmwf,7,27.6,13.9,0,15.7
2026-08-07,gem,1,19.8,13.7,1,20.5
2026-08-07,gem,2,20.1,12.8,1.5,18
2026-08-07,gem,3,19.8,12.9,0.6,22.7
2026-08-07,gem,4,19.4,13.6,0,23.8
2026-08-07,gem,5,19.6,13.5,0.4,22.7
2026-08-07,gem,6,21.6,10.4,0.2,16.9
2026-08-07,gem,7,24.9,13.7,0,15.5
2026-08-07,gfs,1,19.3,12.9,0.1,18.4
2026-08-07,gfs,2,21,12.8,0.3,18.7
2026-08-07,gfs,3,20.6,13.4,0,20.8
2026-08-07,gfs,4,20.9,12.8,0,19.3
2026-08-07,gfs,5,19.6,13.6,0.8,15.4
2026-08-07,gfs,6,20.3,13,1.1,17.8
2026-08-07,gfs,7,20.4,14,0.2,18.7
2026-08-07,icon,1,20.7,13.6,0,18.6
2026-08-07,icon,2,21.4,14,0.1,13.7
2026-08-07,icon,3,20.9,13.3,0,13.9
2026-08-07,icon,4,20.3,13.5,0,17.6
2026-08-07,icon,5,19.7,12.5,0,12.7
2026-08-07,icon,6,23,13.9,0,14.8
2026-08-07,ukmo,1,20.9,15.1,0.1,15.8
2026-08-07,ukmo,2,20.9,14.8,0.3,16.9
2026-08-07,ukmo,3,20.8,14,0.6,20.9
2026-08-07,ukmo,4,19.3,14.4,0.7,16.9
2026-08-07,ukmo,5,19.9,14.4,0.3,19.4
2026-08-07,ukmo,6,21.1,14.6,0,15.5
2026-08-08,arpege,1,25.4,12.5,0,12.8
2026-08-08,arpege,2,24.6,15.5,0,
2026-08-08,arpege,3,25.1,13.8,0,
2026-08-08,ecmwf,1,24.2,11.3,0,9.2
2026-08-08,ecmwf,2,23.9,13.5,0,8
2026-08-08,ecmwf,3,24.3,12.1,0,11.3
2026-08-08,ecmwf,4,22.3,9.2,0,15.5
2026-08-08,ecmwf,5,22,11.1,0,11.4
2026-08-08,ecmwf,6,23.4,12.8,0.9,9.4
2026-08-08,ecmwf,7,20.6,13.7,0.3,16.9
2026-08-08,gem,1,22.5,10.1,0,8.3
2026-08-08,gem,2,23.1,10.1,0,9
2026-08-08,gem,3,23.2,9,0,10.1
2026-08-08,gem,4,23.2,9.5,0,10.4
2026-08-08,gem,5,23.2,9.9,0,14
2026-08-08,gem,6,22.1,12.1,0,13.7
2026-08-08,gem,7,24.3,11.4,0,20.9
2026-08-08,gfs,1,25.1,10.8,0,8.7
2026-08-08,gfs,2,24.7,10.6,0,8.4
2026-08-08,gfs,3,24.5,11,0,7.7
2026-08-08,gfs,4,24.5,11.5,0,9.4
2026-08-08,gfs,5,24.4,11.6,0,12.2
2026-08-08,gfs,6,26.5,10.8,0,16.1
2026-08-08,gfs,7,23,11,0.4,21.4
2026-08-08,icon,1,23.5,12.2,0,8.7
2026-08-08,icon,2,24.2,12.6,0,7.4
2026-08-08,icon,3,24.2,12,0,7.2
2026-08-08,icon,4,25.4,11.3,0,10
2026-08-08,icon,5,23.6,11.6,0,14.7
2026-08-08,icon,6,21.3,10,3.4,14.1
2026-08-08,ukmo,1,23.3,16.4,0,11.2
2026-08-08,ukmo,2,23.3,13.4,0,11.9
2026-08-08,ukmo,3,22.9,12,0,7.2
2026-08-08,ukmo,4,22.5,12.9,0,8.3
2026-08-08,ukmo,5,21.7,14.4,0,16.2
2026-08-08,ukmo,6,20.2,14.8,0,13.3
2026-08-09,arpege,1,31.5,15.2,0,22.5
2026-08-09,arpege,2,29.7,16.5,0,20.8
2026-08-09,arpege,3,29.9,18.5,0,
2026-08-09,ecmwf,1,29.7,14.2,0,14.7
2026-08-09,ecmwf,2,29.9,15,0,17.4
2026-08-09,ecmwf,3,30.7,16.7,0,16.1
2026-08-09,ecmwf,4,31.3,16.2,0,18.2
2026-08-09,ecmwf,5,27.5,13.5,0.6,14.7
2026-08-09,ecmwf,6,29.7,17.3,0,13.4
2026-08-09,ecmwf,7,28,10.1,0.6,13.5
2026-08-09,gem,1,30,14.3,0,17.6
2026-08-09,gem,2,28.2,14.5,0,16.2
2026-08-09,gem,3,29.4,13.1,0,17.3
2026-08-09,gem,4,29.4,13.3,0,17.3
2026-08-09,gem,5,29.6,13.8,0,15.1
2026-08-09,gem,6,31.2,12.9,0.3,24.1
2026-08-09,gem,7,25.7,14.9,0.6,20.5
2026-08-09,gfs,1,31.2,14.4,0,14.5
2026-08-09,gfs,2,30.8,14.7,0,13.9
2026-08-09,gfs,3,29.4,14,0,12.7
2026-08-09,gfs,4,30.1,13.9,0,9.9
2026-08-09,gfs,5,30.9,13.9,0,12.7
2026-08-09,gfs,6,26.3,13.4,0,21.9
2026-08-09,gfs,7,21.9,10.8,3.5,13.8
2026-08-09,icon,1,29.4,13.5,0,17.1
2026-08-09,icon,2,29.2,14.6,0,13
2026-08-09,icon,3,30.6,14.6,0.1,11
2026-08-09,icon,4,29.4,17,0,12
2026-08-09,icon,5,31.2,16.6,0,13.6
2026-08-09,icon,6,27.9,14.3,0.4,14.9
2026-08-09,ukmo,1,30.4,16.9,0,18
2026-08-09,ukmo,2,28.8,16.3,0,15.1
2026-08-09,ukmo,3,29.8,16.6,0,13
2026-08-09,ukmo,4,29.2,15.8,0,14
2026-08-09,ukmo,5,25.9,15.2,0,14.8
2026-08-09,ukmo,6,25,16.1,0.6,19.8
2026-08-10,arpege,1,23,15.5,0,29.1
2026-08-10,arpege,2,19.6,14.5,8.1,21.3
2026-08-10,arpege,3,24.4,15.6,0,25.9
2026-08-10,ecmwf,1,21.5,14.8,1.8,22.2
2026-08-10,ecmwf,2,22,14.9,0.9,22.1
2026-08-10,ecmwf,3,20.9,14.4,4.5,20.4
2026-08-10,ecmwf,4,24.2,14.9,4.8,20.5
2026-08-10,ecmwf,5,27.9,16.5,1.2,30.7
2026-08-10,ecmwf,6,23.5,16.1,2.4,22.9
2026-08-10,ecmwf,7,26.7,16.1,0,22.5
2026-08-10,gem,1,21.5,14.3,0.3,25.2
2026-08-10,gem,2,21.5,13.8,0.7,22
2026-08-10,gem,3,25.4,13.3,0,18.4
2026-08-10,gem,4,25.8,14,2.4,22
2026-08-10,gem,5,26.4,15.6,2.9,32.8
2026-08-10,gem,6,23.5,15.2,0.6,27.7
2026-08-10,gem,7,21.4,12.4,0.2,19.8
2026-08-10,gfs,1,21.5,13.3,1.8,21.6
2026-08-10,gfs,2,20.7,14.2,1.9,20.9
2026-08-10,gfs,3,24.4,13.3,0,19.6
2026-08-10,gfs,4,29,15.9,0,14.6
2026-08-10,gfs,5,32.4,16.5,0,9.3
2026-08-10,gfs,6,30.1,16.3,0,19.9
2026-08-10,gfs,7,26.3,11.8,0,17.5
2026-08-10,icon,1,21.5,13.2,1.3,21.3
2026-08-10,icon,2,20.9,14.5,3.6,16.7
2026-08-10,icon,3,22.5,13.9,0.8,13.5
2026-08-10,icon,4,21.3,15.2,2.7,15.8
2026-08-10,icon,5,22.6,15,0.1,17.9
2026-08-10,icon,6,22,15.3,0,21.3
2026-08-10,ukmo,1,21.1,15.9,2.7,19.4
2026-08-10,ukmo,2,21.9,15.8,4.6,15.5
2026-08-10,ukmo,3,21.8,16.2,4.8,20.2
2026-08-10,ukmo,4,26.4,17.1,0.6,17.3
2026-08-10,ukmo,5,25.9,17.5,9.1,19.4
2026-08-10,ukmo,6,22.5,16.5,8.1,16.2
2026-08-11,arpege,1,21.2,13,0,22.7
2026-08-11,arpege,2,21.5,14.1,0,23
2026-08-11,arpege,3,20.6,12.4,0,21.5
2026-08-11,ecmwf,1,19.1,13.5,0,17.6
2026-08-11,ecmwf,2,18.3,13,0,18.4
2026-08-11,ecmwf,3,19.2,13.6,0,17.6
2026-08-11,ecmwf,4,18.4,11.7,0,18.1
2026-08-11,ecmwf,5,19.6,13.1,0,15.8
2026-08-11,ecmwf,6,21.6,14.2,0,20.8
2026-08-11,ecmwf,7,22.9,13.9,0,12.9
2026-08-11,gem,1,20.1,12.2,0.4,20.5
2026-08-11,gem,2,20.5,12.6,0,17.6
2026-08-11,gem,3,19.9,12.8,0,19.8
2026-08-11,gem,4,20.9,12,0,18.4
2026-08-11,gem,5,21.4,12.4,0.1,23.4
2026-08-11,gem,6,19.7,13.1,0,32.4
2026-08-11,gem,7,18.3,9.1,1.3,24.1
2026-08-11,gfs,1,20,12,0,18.7
2026-08-11,gfs,2,21,10.8,0,17.6
2026-08-11,gfs,3,21.1,10.8,0,17.7
2026-08-11,gfs,4,20.8,10.7,0,18.4
2026-08-11,gfs,5,23.7,12.5,0,13.3
2026-08-11,gfs,6,28.7,13.7,0,16.8
2026-08-11,gfs,7,22.7,11.2,0.1,20.4
2026-08-11,icon,1,20.1,11.3,0,17.3
2026-08-11,icon,2,19.9,11.1,0,14.4
2026-08-11,icon,3,19.9,11,0,13.2
2026-08-11,icon,4,20.5,12.3,0,12.8
2026-08-11,icon,5,21.3,12,0,14
2026-08-11,icon,6,22.2,13.2,0,10.5
2026-08-11,ukmo,1,18.9,14.4,0,16.6
2026-08-11,ukmo,2,19.7,14.6,0,16.6
2026-08-11,ukmo,3,18.4,13.8,0,17.6
2026-08-11,ukmo,4,19.5,13.8,0,19.4
2026-08-11,ukmo,5,19.9,14.7,0,23.4
2026-08-11,ukmo,6,20.7,14.1,0,15.5
2026-08-12,arpege,1,25.4,8.4,0,14.8
2026-08-12,arpege,2,24.2,11.8,0,13.4
2026-08-12,arpege,3,24.5,12.6,0,15
2026-08-12,ecmwf,1,22,9.1,0,10.3
2026-08-12,ecmwf,2,21.5,9.3,0,10.8
2026-08-12,ecmwf,3,21.6,10.7,0,9.4
2026-08-12,ecmwf,4,21.5,12.7,0,10.5
2026-08-12,ecmwf,5,20.3,10.3,0,8.7
2026-08-12,ecmwf,6,22.2,11.9,0,10.8
2026-08-12,ecmwf,7,23.7,13,0,11.4
2026-08-12,gem,1,23.7,7.4,0,9.7
2026-08-12,gem,2,24.1,7.2,0,9.4
2026-08-12,gem,3,24.5,8.1,0,13
2026-08-12,gem,4,23.2,7.7,0,10.8
2026-08-12,gem,5,23.6,8.4,0,11.2
2026-08-12,gem,6,24.3,8.7,0,12.2
2026-08-12,gem,7,24.2,9.4,0.2,10.1
2026-08-12,gfs,1,24.3,9.7,0,9.1
2026-08-12,gfs,2,24.5,9.3,0,8.7
2026-08-12,gfs,3,24,10.1,0,9
2026-08-12,gfs,4,24,9.4,0,9.5
2026-08-12,gfs,5,24.2,10.1,0,7.1
2026-08-12,gfs,6,27.1,11.3,0,12.4
2026-08-12,gfs,7,28.2,9.3,0,15.8
2026-08-12,icon,1,23.5,9.4,0,9.9
2026-08-12,icon,2,23.8,8.6,0,8.2
2026-08-12,icon,3,24.2,8.4,0,7.3
2026-08-12,icon,4,23.6,9.7,0,7.3
2026-08-12,icon,5,23.9,9.2,0,10.3
2026-08-12,icon,6,25,13.8,0,13.5
2026-08-12,ukmo,1,23.7,11.2,0,11.9
2026-08-12,ukmo,2,21.9,11.7,0,10.8
2026-08-12,ukmo,3,20.9,12.6,0,11.2
2026-08-12,ukmo,4,23.2,12.8,0,12.2
2026-08-12,ukmo,5,21.9,11.8,0,11.9
2026-08-12,ukmo,6,22.7,12.8,0,9.4
2026-08-13,arpege,1,30.3,12.6,0,16.8
2026-08-13,arpege,2,28.5,15.4,0,15
2026-08-13,arpege,3,29.3,15,0,16.1
2026-08-13,ecmwf,1,28.8,12.6,0,11.1
2026-08-13,ecmwf,2,28.7,12.9,0,10.8
2026-08-13,ecmwf,3,28.2,13.1,0,10.3
2026-08-13,ecmwf,4,27.8,11.5,0,9.8
2026-08-13,ecmwf,5,27.4,10.9,0,14.2
2026-08-13,ecmwf,6,26.3,12.5,0,11
2026-08-13,ecmwf,7,29.1,15,0,14.7
2026-08-13,gem,1,28.4,11.4,0,13
2026-08-13,gem,2,27.4,11.8,0,13.3
2026-08-13,gem,3,28.5,13.5,0,14.8
2026-08-13,gem,4,29.6,13.4,0,14.8
2026-08-13,gem,5,27.7,11.4,0,14
2026-08-13,gem,6,27.8,10.3,0,15.8
2026-08-13,gem,7,31.6,10.4,0,16.9
2026-08-13,gfs,1,29.4,13.6,0,10.9
2026-08-13,gfs,2,29.6,13.6,0,10.2
2026-08-13,gfs,3,29.2,12.9,0,9.7
2026-08-13,gfs,4,28.3,13.6,0,9.5
2026-08-13,gfs,5,29.1,13.4,0,13.2
2026-08-13,gfs,6,29.9,13.9,0,11.2
2026-08-13,gfs,7,32.3,15.6,0,15.2
2026-08-13,icon,1,29.2,12.3,0,12
2026-08-13,icon,2,29.6,13.3,0,10.1
2026-08-13,icon,3,29.3,12.7,0,10.1
2026-08-13,icon,4,29.1,12.8,0,11.5
2026-08-13,icon,5,28.7,12.9,0,14.1
2026-08-13,icon,6,28.9,13.8,0,12.1
2026-08-13,ukmo,1,29.6,15.5,0,11.9
2026-08-13,ukmo,2,28.2,15.1,0,12.2
2026-08-13,ukmo,3,28.8,14.2,0,12.2
2026-08-13,ukmo,4,27.7,14.8,0,12.2
2026-08-13,ukmo,5,29.3,15.4,0,15.1
2026-08-13,ukmo,6,28.4,14.6,0,14
2026-08-14,arpege,1,35.1,18.2,0,17.4
2026-08-14,arpege,2,33.4,17.7,0,19
2026-08-14,arpege,3,31.8,19,0,21.8
2026-08-14,ecmwf,1,32.6,17.7,0,13
2026-08-14,ecmwf,2,32.7,17.9,0,13.5
2026-08-14,ecmwf,3,33.1,18,0,14.7
2026-08-14,ecmwf,4,33.2,18.6,0,14.6
2026-08-14,ecmwf,5,32.1,16.7,0,14.5
2026-08-14,ecmwf,6,30.1,16.5,0,12.7
2026-08-14,ecmwf,7,31.1,17.1,0,10.9
2026-08-14,gem,1,33.9,18.8,0,14
2026-08-14,gem,2,32.4,17.6,0,15.1
2026-08-14,gem,3,31.5,18.5,0,18.4
2026-08-14,gem,4,33.7,20,0,17.6
2026-08-14,gem,5,34.9,19.5,0,15.8
2026-08-14,gem,6,33.6,16.5,0,14.4
2026-08-14,gem,7,34.1,18,0,16.2
2026-08-14,gfs,1,33.2,16.7,0,14.8
2026-08-14,gfs,2,33.4,17,0,14.5
2026-08-14,gfs,3,33.4,17,0,15.4
2026-08-14,gfs,4,34.4,16,0,16.1
2026-08-14,gfs,5,31.7,15.6,0,14
2026-08-14,gfs,6,32.8,16.6,0,14.3
2026-08-14,gfs,7,32.4,19.9,0,17.8
2026-08-14,icon,1,33.8,16.2,0,13.4
2026-08-14,icon,2,34.5,16,0,10.7
2026-08-14,icon,3,34.4,16.8,0,10.9
2026-08-14,icon,4,34.9,16.9,0,10
2026-08-14,icon,5,34.8,15.7,0,13.5
2026-08-14,icon,6,34.2,16.1,0,12.7
2026-08-14,ukmo,1,35,19.7,0,13
2026-08-14,ukmo,2,32.8,18.9,0,13
2026-08-14,ukmo,3,33.1,18.7,0,12.2
2026-08-14,ukmo,4,34,19.1,0,11.2
2026-08-14,ukmo,5,33.2,18.9,0,17.6
2026-08-14,ukmo,6,31.1,21,1.2,18.7
2026-08-15,arpege,1,29,17.6,0,24.2
2026-08-15,arpege,2,28.8,18.2,1.3,21.3
2026-08-15,arpege,3,28.7,19.3,0.4,17.9
2026-08-15,ecmwf,1,27,17.4,0,18.1
2026-08-15,ecmwf,2,27,17.6,0,18.1
2026-08-15,ecmwf,3,28,18,0,15.6
2026-08-15,ecmwf,4,29.8,20.3,0,15.1
2026-08-15,ecmwf,5,28.4,20.4,0,15.1
2026-08-15,ecmwf,6,30.8,18.1,0,17.9
2026-08-15,ecmwf,7,32.3,19.5,0,12.9
2026-08-15,gem,1,27.7,15.2,0,18.7
2026-08-15,gem,2,29.9,16.9,0.7,19.4
2026-08-15,gem,3,30,17.9,2.8,23.8
2026-08-15,gem,4,29.6,18.4,0,19.4
2026-08-15,gem,5,26.4,16.8,1.6,23.8
2026-08-15,gem,6,30.4,18.4,0.5,19.8
2026-08-15,gem,7,31.1,17.6,0.3,20.5
2026-08-15,gfs,1,29.6,16.1,0.2,16.6
2026-08-15,gfs,2,30.3,15.7,1,18.9
2026-08-15,gfs,3,30.2,17.9,0.5,16.6
2026-08-15,gfs,4,29,16.4,0.4,17.7
2026-08-15,gfs,5,28.1,16.8,0.2,13.1
2026-08-15,gfs,6,33.4,16.6,0,17.1
2026-08-15,gfs,7,27.7,13.8,0,21.1
2026-08-15,icon,1,27.2,16,0,15.4
2026-08-15,icon,2,27.2,17.4,0,14.3
2026-08-15,icon,3,25.3,17,0,14.8
2026-08-15,icon,4,24.9,15.8,0,13.9
2026-08-15,icon,5,23.8,16.3,0,16.5
2026-08-15,icon,6,24.8,14.3,1.5,18.2
2026-08-15,ukmo,1,25.7,17.7,0.2,18.4
2026-08-15,ukmo,2,27.8,18.1,0,17.3
2026-08-15,ukmo,3,27.6,17.9,2.2,15.1
2026-08-15,ukmo,4,27.3,17.6,0,15.8
2026-08-15,ukmo,5,27.4,18.3,1.5,18.7
2026-08-15,ukmo,6,28.2,17.2,0.9,18
2026-08-16,arpege,1,23.5,13.5,0,22.9
2026-08-16,arpege,2,22.9,15.8,0,21.9
2026-08-16,arpege,3,23,16.9,3.9,25.5
2026-08-16,ecmwf,1,21.7,13,0,16.3
2026-08-16,ecmwf,2,22.6,12.3,0.3,18.2
2026-08-16,ecmwf,3,22,12.8,0.3,21.4
2026-08-16,ecmwf,4,22.2,14.4,9.9,18.8
2026-08-16,ecmwf,5,22.7,14.6,3.9,14.5
2026-08-16,ecmwf,6,20.9,14.6,0.3,13.4
2026-08-16,ecmwf,7,24.4,16.5,9,13
2026-08-16,gem,1,21.8,12.8,0,16.6
2026-08-16,gem,2,22.6,13.2,0.3,19.1
2026-08-16,gem,3,22.6,14.8,0,21.6
2026-08-16,gem,4,21.7,14.3,18.3,19.1
2026-08-16,gem,5,20.9,14.8,10.2,15.1
2026-08-16,gem,6,23.4,14.5,0,16.6
2026-08-16,gem,7,23.1,15.3,0,13.7
2026-08-16,gfs,1,22.7,12.9,0.2,16.9
2026-08-16,gfs,2,22.2,13.2,0.1,18.1
2026-08-16,gfs,3,22.7,13,1.6,19.1
2026-08-16,gfs,4,23.2,13.8,13.7,18.4
2026-08-16,gfs,5,22.7,13.8,0.6,19.2
2026-08-16,gfs,6,24,12.6,0,17
2026-08-16,gfs,7,26.7,13.1,0.4,17.9
2026-08-16,icon,1,22.4,10.2,0,16.5
2026-08-16,icon,2,23.2,13.4,0,13.6
2026-08-16,icon,3,22.6,14.1,0,14.7
2026-08-16,icon,4,22.9,14.2,0,13.2
2026-08-16,icon,5,22.3,15,0.4,13.8
2026-08-16,icon,6,21.9,13.3,0,12.3
2026-08-16,ukmo,1,21.8,14.7,0,14
2026-08-16,ukmo,2,21.5,14.2,0,16.6
2026-08-16,ukmo,3,21.6,15.5,0,18.4
2026-08-16,ukmo,4,21.7,15,0,17.3
2026-08-16,ukmo,5,22.2,15.1,0,13
2026-08-16,ukmo,6,21.8,16.8,0,16.9
2026-08-17,arpege,1,20.5,14.5,0.6,25.4
2026-08-17,arpege,2,17.5,14.1,8.2,19.5
2026-08-17,arpege,3,20.9,15.1,0.1,25.1
2026-08-17,ecmwf,1,16.9,14.3,3.9,15.4
2026-08-17,ecmwf,2,20.4,13.5,0.6,21.1
2026-08-17,ecmwf,3,19.1,14.4,3.9,21.6
2026-08-17,ecmwf,4,19.6,14,4.2,21.7
2026-08-17,ecmwf,5,21.8,12,0,16.6
2026-08-17,ecmwf,6,22.8,12.6,0,12.6
2026-08-17,ecmwf,7,21.3,14.9,0,15.9
2026-08-17,gem,1,17.4,11.4,7,17.3
2026-08-17,gem,2,20.2,12.3,4.4,25.6
2026-08-17,gem,3,20.5,14.2,2.4,24.8
2026-08-17,gem,4,20.4,13.7,0.6,21.2
2026-08-17,gem,5,19.9,13.2,0.6,26.6
2026-08-17,gem,6,21.9,11.3,0,19.8
2026-08-17,gem,7,20.6,11.3,11,15.1
2026-08-17,gfs,1,16.7,12.2,2.7,14.1
2026-08-17,gfs,2,18.6,12.5,1.4,16.6
2026-08-17,gfs,3,19.4,13.3,2.4,17.9
2026-08-17,gfs,4,18.3,12.8,0.1,15.5
2026-08-17,gfs,5,21.5,11.6,0,18.1
2026-08-17,gfs,6,22.5,12.3,2,13.9
2026-08-17,gfs,7,19.6,11.1,0,18.8
2026-08-17,icon,1,17.8,13,1.3,13
2026-08-17,icon,2,19.3,13.4,2.5,14.3
2026-08-17,icon,3,18.9,12.7,1.8,12.9
2026-08-17,icon,4,18.5,11.8,0.2,11.9
2026-08-17,icon,5,21,12.4,0,15.5
2026-08-17,icon,6,22.1,15.7,0,15.2
2026-08-17,ukmo,1,19.3,14.9,1.9,16.6
2026-08-17,ukmo,2,19.5,14.7,3.4,22.7
2026-08-17,ukmo,3,19.4,13.7,2.1,14.4
2026-08-17,ukmo,4,19.6,14.5,0.3,21.2
2026-08-17,ukmo,5,21,14,8.1,22
2026-08-17,ukmo,6,21.5,14,4.6,16.6
2026-08-18,arpege,1,20.7,13.4,0.8,16
2026-08-18,arpege,2,19,12.8,0.7,17.9
2026-08-18,arpege,3,20,13.5,0,16.2
2026-08-18,ecmwf,1,18.6,12,1.5,12.3
2026-08-18,ecmwf,2,17.4,12.1,3.6,15.5
2026-08-18,ecmwf,3,20,12.1,0.9,14.6
2026-08-18,ecmwf,4,17.3,12.3,12.9,18.2
2026-08-18,ecmwf,5,20.8,12.5,5.4,15.7
2026-08-18,ecmwf,6,18.2,12.3,8.7,18.1
2026-08-18,ecmwf,7,24.8,13.6,0,11.5
2026-08-18,gem,1,17.9,11.7,1.1,15.1
2026-08-18,gem,2,18.1,11.5,2.7,16.9
2026-08-18,gem,3,19.3,12.2,4.5,17.3
2026-08-18,gem,4,18,10.8,10,16.6
2026-08-18,gem,5,17.7,12.6,9.9,22.3
2026-08-18,gem,6,16.9,10.1,5,23.4
2026-08-18,gem,7,20.2,13.6,2.2,14
2026-08-18,gfs,1,18,11.3,0.7,15.3
2026-08-18,gfs,2,18.5,13.5,0.9,15
2026-08-18,gfs,3,19.4,10.5,1.5,15.6
2026-08-18,gfs,4,18.7,12.7,1.3,13.6
2026-08-18,gfs,5,20,12.3,0,16.7
2026-08-18,gfs,6,21.6,12.4,0.2,16
2026-08-18,gfs,7,24.8,12.7,0.9,14
2026-08-18,icon,1,18.3,11.8,4.9,12.5
2026-08-18,icon,2,19,11.4,2,10.5
2026-08-18,icon,3,18.1,11.3,3.3,10.1
2026-08-18,icon,4,20.6,13.9,24,13.4
2026-08-18,icon,5,21.9,14,3.4,25.8
2026-08-18,icon,6,22.5,13.4,6.3,23.8
2026-08-18,ukmo,1,19.6,14.2,1.6,11.2
2026-08-18,ukmo,2,18.2,13.1,1.5,11.9
2026-08-18,ukmo,3,17.2,13.8,10.1,11.9
2026-08-18,ukmo,4,17.2,13,12.6,13.3
2026-08-18,ukmo,5,19.6,13.6,6.7,15.1
2026-08-18,ukmo,6,19.8,15,6,27.7
2026-08-19,arpege,1,19,15.6,10.2,21.4
2026-08-19,arpege,2,19,14.7,1,24.7
2026-08-19,arpege,3,19.9,15.7,2,24.7
2026-08-19,ecmwf,1,18.6,14.6,6.3,19
2026-08-19,ecmwf,2,18,14.5,3,17.2
2026-08-19,ecmwf,3,19.2,14.3,11.7,21.3
2026-08-19,ecmwf,4,20.4,14.4,3.6,17
2026-08-19,ecmwf,5,18.2,14.5,15,23.2
2026-08-19,ecmwf,6,23.8,15.2,1.8,20.5
2026-08-19,ecmwf,7,19.4,13.8,17.1,13.2
2026-08-19,gem,1,18.1,13.9,3.1,17.6
2026-08-19,gem,2,18.3,14.1,6.1,22.3
2026-08-19,gem,3,19.4,14.3,9,21.2
2026-08-19,gem,4,17.9,14.5,13.2,14.8
2026-08-19,gem,5,20,13.8,4.5,18.7
2026-08-19,gem,6,23,15.5,16.9,28.8
2026-08-19,gem,7,19.6,13.9,0.9,27.4
2026-08-19,gfs,1,17.6,13.6,2.4,21.3
2026-08-19,gfs,2,20.6,13.3,3.7,21.1
2026-08-19,gfs,3,22,13.7,1.9,21.7
2026-08-19,gfs,4,22.3,12.7,5.5,20
2026-08-19,gfs,5,20,13.2,3.6,24.7
2026-08-19,gfs,6,21.7,14.1,1.9,21.4
2026-08-19,gfs,7,23.2,12.9,1.1,29.6
2026-08-19,icon,1,19.3,15.2,1.7,18.2
2026-08-19,icon,2,18,15.7,2.9,13.4
2026-08-19,icon,3,20.3,15.3,2,15.1
2026-08-19,icon,4,21.6,14.6,4.1,17.3
2026-08-19,icon,5,22.8,15.8,2.2,16.2
2026-08-19,icon,6,20.5,15,1.2,19.8
2026-08-19,ukmo,1,18.8,16.4,13.2,16.6
2026-08-19,ukmo,2,20,15.9,3.2,21.2
2026-08-19,ukmo,3,20.1,16,3.6,22
2026-08-19,ukmo,4,20.1,16.4,5.5,15.8
2026-08-19,ukmo,5,17.4,14.8,12.1,21.6
2026-08-19,ukmo,6,22.4,15.1,1.6,21.6
2026-08-20,arpege,1,21.5,12.7,9.3,21.4
2026-08-20,arpege,2,20.1,14.7,6.6,19.2
2026-08-20,arpege,3,20.1,14.7,4.4,20.7
2026-08-20,ecmwf,1,20.7,12,6.3,17.7
2026-08-20,ecmwf,2,19.1,12.1,9,15
2026-08-20,ecmwf,3,18.7,12.3,10.2,19.6
2026-08-20,ecmwf,4,19.9,12.8,7.5,18.4
2026-08-20,ecmwf,5,23.1,12.7,2.7,15.8
2026-08-20,ecmwf,6,19,12.9,4.2,11.1
2026-08-20,ecmwf,7,26.1,13.1,4.5,25.7
2026-08-20,gem,1,21.6,12.3,2.9,20.9
2026-08-20,gem,2,21.4,12.7,2.8,15.8
2026-08-20,gem,3,19.5,13.1,7.6,19.4
2026-08-20,gem,4,20.1,12.5,7.8,17.3
2026-08-20,gem,5,18.4,12.9,6.3,19.8
2026-08-20,gem,6,23.4,11.3,3.9,14
2026-08-20,gem,7,22.9,14.1,5,16.6
2026-08-20,gfs,1,20.7,11.7,6.9,19.5
2026-08-20,gfs,2,22.8,11.1,4,20.7
2026-08-20,gfs,3,25.1,11.4,2.3,24.5
2026-08-20,gfs,4,23.5,11.3,1.1,19.2
2026-08-20,gfs,5,21.4,11.5,1.2,17.7
2026-08-20,gfs,6,21.6,13.2,1.8,19.5
2026-08-20,gfs,7,27,14.5,1.5,28.9
2026-08-20,icon,1,20,13.5,3.3,24
2026-08-20,icon,2,20.6,13.8,3.5,15
2026-08-20,icon,3,22.7,12.9,1.1,12.1
2026-08-20,icon,4,22.4,13,1.2,12.3
2026-08-20,icon,5,23.4,13.8,0.9,14.3
2026-08-20,icon,6,22.3,12.9,0.3,20.7
2026-08-20,ukmo,1,21.7,15.1,8.8,23.4
2026-08-20,ukmo,2,21.2,13.6,1.8,17.6
2026-08-20,ukmo,3,21,13.6,3.2,11.9
2026-08-20,ukmo,4,20.9,14.1,3.8,14.4
2026-08-20,ukmo,5,21.7,13.4,0,17.6
2026-08-20,ukmo,6,20.1,13.4,4.5,24.5
2026-08-21,arpege,1,20.7,13.8,0,20.4
2026-08-21,arpege,2,19.4,14.9,2.5,23
2026-08-21,arpege,3,19.2,13.9,2.3,19.5
2026-08-21,ecmwf,1,19.9,13.7,2.1,15.3
2026-08-21,ecmwf,2,19.5,13.2,2.1,17.2
2026-08-21,ecmwf,3,19.5,12.7,5.7,16.3
2026-08-21,ecmwf,4,17.7,12,3.9,17.7
2026-08-21,ecmwf,5,20.5,13.9,1.8,17.7
2026-08-21,ecmwf,6,19.4,14.1,3.3,16
2026-08-21,ecmwf,7,18.5,13.8,3,18.9
2026-08-21,gem,1,20.2,14.1,4.3,14.8
2026-08-21,gem,2,19,14.3,6.5,16.2
2026-08-21,gem,3,19,12.8,4.3,18
2026-08-21,gem,4,19.1,12,2.2,19.8
2026-08-21,gem,5,19,11.5,4.2,20.2
2026-08-21,gem,6,19.7,13.8,9.9,19.8
2026-08-21,gem,7,22,12.5,4.2,20.5
2026-08-21,gfs,1,22.4,12.5,1.5,15
2026-08-21,gfs,2,21.9,12.2,2.2,17.6
2026-08-21,gfs,3,20.5,11.4,0.4,14.5
2026-08-21,gfs,4,21.4,11.4,1.8,16.5
2026-08-21,gfs,5,22.1,12.3,3.9,16.5
2026-08-21,gfs,6,22.6,12,0.3,18.5
2026-08-21,gfs,7,20.5,9.7,0.4,20.8
2026-08-21,icon,1,21,13.5,0.6,13.4
2026-08-21,icon,2,20.8,14.2,0.8,11.5
2026-08-21,icon,3,21,14.5,2.1,10.6
2026-08-21,icon,4,22.6,15,0,10.5
2026-08-21,icon,5,24.3,12.9,0.2,11.9
2026-08-21,icon,6,24.1,13.7,0,7.7
2026-08-21,ukmo,1,21.1,15.3,0,14
2026-08-21,ukmo,2,19.6,14.3,1.1,13.3
2026-08-21,ukmo,3,19.9,13.8,1,13.7
2026-08-21,ukmo,4,22.5,14.5,0,18.4
2026-08-21,ukmo,5,24.4,15.3,5.2,14
2026-08-21,ukmo,6,21.8,13.9,0.2,14.8
2026-08-22,arpege,1,19.7,10.4,2.5,28.7
2026-08-22,arpege,2,19,12,0.7,25.6
2026-08-22,arpege,3,18.7,12.4,1.4,24.3
2026-08-22,ecmwf,1,17.7,10.6,1.8,25.2
2026-08-22,ecmwf,2,18.7,10.8,1.8,25.2
2026-08-22,ecmwf,3,17.1,10,1.5,23.9
2026-08-22,ecmwf,4,17.9,9.8,2.1,22.7
2026-08-22,ecmwf,5,18.7,11.6,0.6,17.9
2026-08-22,ecmwf,6,18.7,12.5,0.6,18.3
2026-08-22,ecmwf,7,18.5,13.1,1.2,20.6
2026-08-22,gem,1,18.5,11.1,2.5,29.9
2026-08-22,gem,2,17.3,10.3,2.3,26.3
2026-08-22,gem,3,19.4,11.4,0.5,24.5
2026-08-22,gem,4,18.4,10.3,0.7,19.1
2026-08-22,gem,5,18.8,9.7,0,19.4
2026-08-22,gem,6,20,11.5,4,17.6
2026-08-22,gem,7,18.2,9.9,0.7,20.2
2026-08-22,gfs,1,19.3,11.1,0.9,24.6
2026-08-22,gfs,2,18.6,10.5,1,23.3
2026-08-22,gfs,3,20,11.9,1.2,22.5
2026-08-22,gfs,4,20.3,12.3,0.4,16
2026-08-22,gfs,5,20,9.9,0,16.2
2026-08-22,gfs,6,20.5,10.1,1,19.5
2026-08-22,gfs,7,18.5,11.2,0.6,16.9
2026-08-22,icon,1,18.8,10.2,1.2,23
2026-08-22,icon,2,18.5,11.3,0,16.2
2026-08-22,icon,3,19,11.5,0,16.1
2026-08-22,icon,4,20,11.8,0,12.9
2026-08-22,icon,5,19.5,12.3,0.2,16.3
2026-08-22,icon,6,20.6,13.6,0.9,20.5
2026-08-22,ukmo,1,18.4,13.1,1.2,21.2
2026-08-22,ukmo,2,18.3,11.9,1.7,24.5
2026-08-22,ukmo,3,17.8,13.3,0.6,19.4
2026-08-22,ukmo,4,20.3,13.2,0,19.1
2026-08-22,ukmo,5,18.5,13.8,0,21.2
2026-08-22,ukmo,6,17.9,12.4,7.3,21.2
2026-08-23,arpege,1,18.3,12.7,7.2,30.2
2026-08-23,arpege,2,18.1,12.4,1.6,31
2026-08-23,arpege,3,18.5,12.3,0,25.8
2026-08-23,ecmwf,1,17.7,12.1,3,24.7
2026-08-23,ecmwf,2,17.2,11.6,1.5,24.7
2026-08-23,ecmwf,3,18,11.4,2.1,26.1
2026-08-23,ecmwf,4,17.7,10.9,1.2,24.9
2026-08-23,ecmwf,5,18.1,8.7,0.6,21.6
2026-08-23,ecmwf,6,18.3,11.2,0.3,19.1
2026-08-23,ecmwf,7,18.8,12.6,0.6,17
2026-08-23,gem,1,18,11.8,1.3,25.6
2026-08-23,gem,2,17.8,13,1.6,24.8
2026-08-23,gem,3,18.5,13,0.4,27.7
2026-08-23,gem,4,18.5,11.7,0.6,27.7
2026-08-23,gem,5,18.4,8.4,0.1,20.5
2026-08-23,gem,6,19.7,8.9,1.5,20.9
2026-08-23,gem,7,18.9,8.8,0.3,20.5
2026-08-23,gfs,1,18.2,12.4,3,23.9
2026-08-23,gfs,2,18.3,12.1,1.9,23.2
2026-08-23,gfs,3,18.4,11.4,1,23.7
2026-08-23,gfs,4,19.5,10.8,0.9,23.1
2026-08-23,gfs,5,20.7,10.4,0.1,18.4
2026-08-23,gfs,6,20.9,10.2,0.2,15.9
2026-08-23,gfs,7,19.9,9.6,0.6,19.8
2026-08-23,icon,1,17.9,12.2,3,24.1
2026-08-23,icon,2,19.2,12.3,0,18.5
2026-08-23,icon,3,19.2,12.2,0,16.9
2026-08-23,icon,4,18.7,11.2,0,16.1
2026-08-23,icon,5,20,10.6,0,12.1
2026-08-23,icon,6,20.1,12,0.2,13.2
2026-08-23,ukmo,1,17.8,12.5,1.2,20.2
2026-08-23,ukmo,2,17.9,12.2,1.1,22.7
2026-08-23,ukmo,3,18.3,12.5,0.1,23.4
2026-08-23,ukmo,4,19.1,13.1,0,18.4
2026-08-23,ukmo,5,18.4,11.3,0,20.2
2026-08-23,ukmo,6,18.4,12,0.5,16.6
2026-08-24,arpege,1,21.7,11.2,0,11.6
2026-08-24,arpege,2,21.6,11.9,0,12.4
2026-08-24,arpege,3,21.7,12.3,0,13.4
2026-08-24,ecmwf,1,19.9,10.1,0,9.3
2026-08-24,ecmwf,2,19.5,10,0,8.8
2026-08-24,ecmwf,3,19.5,9.9,0,10.1
2026-08-24,ecmwf,4,19.5,11,0.6,10.6
2026-08-24,ecmwf,5,19.9,9.3,0,8.4
2026-08-24,ecmwf,6,19.3,10.5,0.3,10
2026-08-24,ecmwf,7,18.8,10.6,0.3,7
2026-08-24,gem,1,20.9,11.5,0,9.7
2026-08-24,gem,2,20.6,9.2,0,10.4
2026-08-24,gem,3,20.7,10.9,0.6,13.7
2026-08-24,gem,4,19.5,11.1,1.5,11.2
2026-08-24,gem,5,20.8,7.9,0,12.2
2026-08-24,gem,6,20,8.4,0,10.8
2026-08-24,gem,7,20.1,9.1,0,9
2026-08-24,gfs,1,22.8,10.7,0,8.5
2026-08-24,gfs,2,22.8,11.6,0,9
2026-08-24,gfs,3,21.4,10.9,0,10
2026-08-24,gfs,4,21.1,10.8,0.1,11.4
2026-08-24,gfs,5,22.4,10.1,0,11.8
2026-08-24,gfs,6,20.5,11,0.1,10.2
2026-08-24,gfs,7,22.2,10.3,0,11.5
2026-08-24,icon,1,20.6,9.5,0,7.7
2026-08-24,icon,2,21.8,10.5,0,6.7
2026-08-24,icon,3,22,10.9,0,6.8
2026-08-24,icon,4,21.9,11.9,0,5.5
2026-08-24,icon,5,21.9,11.2,0,11.6
2026-08-24,icon,6,21.9,11.3,0,15.8
2026-08-24,ukmo,1,21.1,13.9,0,8.6
2026-08-24,ukmo,2,20.3,12.1,0,10.4
2026-08-24,ukmo,3,19.9,11.7,0,8.6
2026-08-24,ukmo,4,20.3,12.8,0.2,10.1
2026-08-24,ukmo,5,21.8,12.2,0,16.6
2026-08-24,ukmo,6,20.3,12.4,0,16.9
2026-08-25,arpege,1,24,10.4,0,22.1
2026-08-25,arpege,2,24.5,12.1,0,19.9
2026-08-25,arpege,3,24.8,11.3,0,20.7
2026-08-25,ecmwf,1,22.3,11.4,0,16.8
2026-08-25,ecmwf,2,22.1,11,0,18.4
2026-08-25,ecmwf,3,22.7,11.7,0,17.4
2026-08-25,ecmwf,4,22.9,10.9,0,19.4
2026-08-25,ecmwf,5,23,11.7,0,16.8
2026-08-25,ecmwf,6,23.1,11.9,0,19.2
2026-08-25,ecmwf,7,23.5,9.3,0.6,24.6
2026-08-25,gem,1,22.4,10,0,17.6
2026-08-25,gem,2,23.2,8.8,0,17.6
2026-08-25,gem,3,23,9.5,0,18
2026-08-25,gem,4,22.9,10.1,0,22.7
2026-08-25,gem,5,22.6,11.6,0,21.6
2026-08-25,gem,6,22.8,10,0,25.6
2026-08-25,gem,7,21.9,9.9,0,25.2
2026-08-25,gfs,1,24.5,12.1,0,19.3
2026-08-25,gfs,2,24.8,12.3,0,17.2
2026-08-25,gfs,3,25.2,11.8,0,17.9
2026-08-25,gfs,4,25.7,11,0,17.1
2026-08-25,gfs,5,25.2,11.3,0,15.3
2026-08-25,gfs,6,25.9,12.6,0,21.6
2026-08-25,gfs,7,23,11.3,2,18.8
2026-08-25,icon,1,23.2,10.9,0,19.6
2026-08-25,icon,2,23.5,11.9,0,12.7
2026-08-25,icon,3,24.1,12,0,13
2026-08-25,icon,4,25,12.4,0,12.8
2026-08-25,icon,5,25.4,13.1,0,14.5
2026-08-25,icon,6,23.4,14.8,0,18.8
2026-08-25,ukmo,1,24.2,13.6,0,18.4
2026-08-25,ukmo,2,23.3,13.2,0,15.8
2026-08-25,ukmo,3,24.1,13.7,0,17.3
2026-08-25,ukmo,4,24.4,13.9,0,17.6
2026-08-25,ukmo,5,25.6,13.9,0,19.1
2026-08-25,ukmo,6,23.2,14.2,4.5,19.8
2026-08-26,arpege,1,25.8,13.8,0,27.1
2026-08-26,arpege,2,25.1,15.1,0,24.4
2026-08-26,arpege,3,25.5,15.7,0,26.4
2026-08-26,ecmwf,1,23.7,13.3,0,20.6
2026-08-26,ecmwf,2,23.1,13.7,0,21.6
2026-08-26,ecmwf,3,24.6,13.8,0,22.4
2026-08-26,ecmwf,4,25.1,13.1,0,22
2026-08-26,ecmwf,5,25.3,13.9,0,20.3
2026-08-26,ecmwf,6,26,15,0.9,17.6
2026-08-26,ecmwf,7,27,14.2,0,15.7
2026-08-26,gem,1,23.2,13.5,0,20.9
2026-08-26,gem,2,22.8,15.4,0,22.3
2026-08-26,gem,3,23.4,14.8,0,24.1
2026-08-26,gem,4,23.5,14.4,0,27.7
2026-08-26,gem,5,25,14.1,0,22.7
2026-08-26,gem,6,25.7,16,0,16.9
2026-08-26,gem,7,26.8,12.4,0,16.2
2026-08-26,gfs,1,25.8,13.6,0,21
2026-08-26,gfs,2,25.3,14.2,0,24.5
2026-08-26,gfs,3,24.8,15.7,0,25.2
2026-08-26,gfs,4,26.6,14.9,0.1,23.2
2026-08-26,gfs,5,28.2,15,0,19.5
2026-08-26,gfs,6,28.1,15.4,0,19.6
2026-08-26,gfs,7,26.2,15.6,0.1,21.3
2026-08-26,icon,1,25.1,13.1,0,20.1
2026-08-26,icon,2,24.1,14.2,0,17
2026-08-26,icon,3,24.8,14.1,0,17.5
2026-08-26,icon,4,25.2,14.5,0,17.2
2026-08-26,icon,5,26.1,14.3,0,16.8
2026-08-26,icon,6,27.6,14.8,0,16.4
2026-08-26,ukmo,1,25.2,15.5,0,19.1
2026-08-26,ukmo,2,23.7,14.6,0,19.4
2026-08-26,ukmo,3,23.3,15.3,0.4,19.1
2026-08-26,ukmo,4,24.6,15.8,0,19.4
2026-08-26,ukmo,5,26.8,14.8,0,17.6
2026-08-26,ukmo,6,26.5,16.8,2.2,13.7
2026-08-27,arpege,1,27.6,16.2,0,27.8
2026-08-27,arpege,2,27.4,16.4,0,26.4
2026-08-27,arpege,3,26.3,17.9,0,28.2
2026-08-27,ecmwf,1,26,15.1,0,20.9
2026-08-27,ecmwf,2,26,14.2,0,21.1
2026-08-27,ecmwf,3,25.1,16,0,21.1
2026-08-27,ecmwf,4,25.4,15.9,0,19
2026-08-27,ecmwf,5,26,15.3,3,17.4
2026-08-27,ecmwf,6,24.7,17.9,3.3,15.7
2026-08-27,ecmwf,7,29.6,17.6,2.4,15.6
2026-08-27,gem,1,26.1,16.7,0,23
2026-08-27,gem,2,26.4,17,0.2,21.2
2026-08-27,gem,3,24.3,16.2,0,25.6
2026-08-27,gem,4,27.3,18.9,0.9,22.3
2026-08-27,gem,5,27,19.8,0,24.8
2026-08-27,gem,6,27.2,19.4,0,24.5
2026-08-27,gem,7,30.5,18.8,0,19.1
2026-08-27,gfs,1,27.9,15.5,0,22.2
2026-08-27,gfs,2,27.9,15.2,0.8,22.3
2026-08-27,gfs,3,28.1,16.5,0.2,22.3
2026-08-27,gfs,4,29.4,15.4,0.4,21.1
2026-08-27,gfs,5,29.8,16.9,0.4,19.4
2026-08-27,gfs,6,28.3,17.1,0.2,20.5
2026-08-27,gfs,7,29.8,17.3,3.4,18.4
2026-08-27,icon,1,27.8,14.8,0,21.9
2026-08-27,icon,2,26.6,15.6,0,16
2026-08-27,icon,3,25.7,14.9,0.1,17.9
2026-08-27,icon,4,25.7,15.4,0,16.8
2026-08-27,icon,5,27.3,16.6,0,18.4
2026-08-27,icon,6,27.9,17.6,0.6,15.3
2026-08-27,ukmo,1,27.3,17.6,0,19.8
2026-08-27,ukmo,2,26.6,17.3,0.1,22
2026-08-27,ukmo,3,25.2,16.3,0.1,19.8
2026-08-27,ukmo,4,25,17.1,0.2,15.8
2026-08-27,ukmo,5,26.8,16.3,0.6,16.6
2026-08-27,ukmo,6,26.9,17.6,3.9,17.3
2026-08-28,arpege,1,26.5,17.2,16.7,26.5
2026-08-28,arpege,2,23.4,16.6,11.9,26.6
2026-08-28,arpege,3,22.3,16.8,8.4,27.1
2026-08-28,ecmwf,1,22,16,16.2,20.2
2026-08-28,ecmwf,2,22.1,16.6,21.6,20.9
2026-08-28,ecmwf,3,24.3,16.4,22.8,20.1
2026-08-28,ecmwf,4,25,17.4,9.3,20.1
2026-08-28,ecmwf,5,24.9,16.4,14.7,20.7
2026-08-28,ecmwf,6,21.4,16.5,12.6,22.5
2026-08-28,ecmwf,7,23,18,26.1,18.6
2026-08-28,gem,1,24.4,16.6,10.9,23
2026-08-28,gem,2,23.1,17.3,0.7,21.6
2026-08-28,gem,3,24.1,16.9,6,20.5
2026-08-28,gem,4,25.3,17,2.4,29.2
2026-08-28,gem,5,23.2,19.3,5.5,20.5
2026-08-28,gem,6,25.5,18.1,4.4,24.8
2026-08-28,gem,7,27.2,19.8,0.9,26.6
2026-08-28,gfs,1,24.1,15.7,7.3,22.6
2026-08-28,gfs,2,25.3,15.9,10.8,18.9
2026-08-28,gfs,3,25.3,15.9,15.6,20.5
2026-08-28,gfs,4,23,16.1,22.4,21.5
2026-08-28,gfs,5,22.1,16,4.7,17.7
2026-08-28,gfs,6,22.6,16.4,12.6,17.8
2026-08-28,gfs,7,23.5,14.7,24.4,22.9
2026-08-28,icon,1,24.1,17,9.8,19.6
2026-08-28,icon,2,22.4,17.4,20.5,14.9
2026-08-28,icon,3,22.7,17.5,6,13.9
2026-08-28,icon,4,22.9,17.2,7.5,19.7
2026-08-28,icon,5,23.2,17.4,24.4,17.6
2026-08-28,icon,6,22.8,16,5,14.9
2026-08-28,ukmo,1,23.8,17.6,10.8,19.1
2026-08-28,ukmo,2,24.1,18.9,1.8,18
2026-08-28,ukmo,3,22,17.3,10.6,18
2026-08-28,ukmo,4,22.2,17.6,10.7,19.4
2026-08-28,ukmo,5,23.3,18.5,12.7,22.7
2026-08-28,ukmo,6,22.5,18,12,12.6
2026-08-29,arpege,1,21.6,15.5,0.6,25.5
2026-08-29,arpege,2,20.7,15.9,0.6,27.7
2026-08-29,arpege,3,23.1,16.3,1.3,29
2026-08-29,ecmwf,1,21.2,15,2.4,27.2
2026-08-29,ecmwf,2,20.2,14.6,3.3,25.7
2026-08-29,ecmwf,3,23.1,15.3,4.8,23.5
2026-08-29,ecmwf,4,20.6,15.2,4.5,25.3
2026-08-29,ecmwf,5,21.5,14.6,1.8,24.2
2026-08-29,ecmwf,6,19.3,14.8,4.5,22.3
2026-08-29,ecmwf,7,21.2,15.4,7.2,20.3
2026-08-29,gem,1,19.8,15.1,2.2,23
2026-08-29,gem,2,20.8,15.8,0.7,23.8
2026-08-29,gem,3,20.2,15.2,5.4,24.5
2026-08-29,gem,4,22,15.5,1.1,27.4
2026-08-29,gem,5,22.7,16.7,5.4,29.2
2026-08-29,gem,6,18.5,15.1,8.7,26.6
2026-08-29,gem,7,23.5,16.4,6,22.3
2026-08-29,gfs,1,22.3,14.2,3.2,22.1
2026-08-29,gfs,2,22.5,13.8,1.3,21.6
2026-08-29,gfs,3,20.2,14,3.3,19.7
2026-08-29,gfs,4,22.5,14,8.6,25.6
2026-08-29,gfs,5,24,13.7,3.3,19.9
2026-08-29,gfs,6,22.8,14.3,1.7,22.9
2026-08-29,gfs,7,20,14.3,3.9,26.6
2026-08-29,icon,1,20.8,15.4,0.7,22.3
2026-08-29,icon,2,21.7,15.3,0.9,14.4
2026-08-29,icon,3,23.3,14.4,0.3,15.5
2026-08-29,icon,4,22.5,15.4,1.9,17.5
2026-08-29,icon,5,21.5,16,1.9,18.6
2026-08-29,icon,6,21.9,15.1,0,13.7
2026-08-29,ukmo,1,21.5,15.9,0.4,23
2026-08-29,ukmo,2,21.6,15.5,2.1,19.4
2026-08-29,ukmo,3,23.9,15.9,1.8,21.6
2026-08-29,ukmo,4,22.5,16.6,4.3,18.4
2026-08-29,ukmo,5,20.4,16.7,1.5,20.5
2026-08-29,ukmo,6,22.2,16.3,6.2,26.6
2026-08-30,arpege,1,21.1,17.7,3.1,32.6
2026-08-30,arpege,2,19.4,16.3,3.9,32.6
2026-08-30,arpege,3,20.6,16.1,2.5,33.2
2026-08-30,ecmwf,1,20.8,16.2,5.4,28.1
2026-08-30,ecmwf,2,21.1,15.9,6.3,28.8
2026-08-30,ecmwf,3,21.3,15.8,3.9,27.7
2026-08-30,ecmwf,4,22.2,15.3,3.9,22.9
2026-08-30,ecmwf,5,22.5,16,3.6,25.8
2026-08-30,ecmwf,6,22.5,15.2,11.4,20
2026-08-30,ecmwf,7,21.3,15.3,4.2,21.1
2026-08-30,gem,1,20.3,14.9,11.2,29.9
2026-08-30,gem,2,20.7,16.2,9.8,32.8
2026-08-30,gem,3,19.2,15.5,8.2,26.6
2026-08-30,gem,4,22.7,16,2.5,28.8
2026-08-30,gem,5,22.2,16.1,4.7,25.2
2026-08-30,gem,6,21.4,16.3,1.4,25.9
2026-08-30,gem,7,20.1,14.9,8.1,25.2
2026-08-30,gfs,1,22.2,15.8,3.5,26
2026-08-30,gfs,2,21.8,15.6,3.7,28.3
2026-08-30,gfs,3,21.7,15,0.9,23.4
2026-08-30,gfs,4,22.1,16.2,3.4,28.2
2026-08-30,gfs,5,22.1,15.1,1.5,23.6
2026-08-30,gfs,6,20.8,13.8,4.2,21
2026-08-30,gfs,7,22.7,13.3,1.9,26.8
2026-08-30,icon,1,21.3,17,6.3,28.8
2026-08-30,icon,2,20.9,16.7,6.4,18.8
2026-08-30,icon,3,23.4,16.3,2,16.6
2026-08-30,icon,4,22.4,17.1,1.4,14.3
2026-08-30,icon,5,20.6,16,3.7,20.3
2026-08-30,icon,6,19.6,15.2,1.4,16.9
2026-08-30,ukmo,1,21.2,17.5,7.2,23
2026-08-30,ukmo,2,20.3,17.1,8.6,25.6
2026-08-30,ukmo,3,22.2,16.7,1.7,23
2026-08-30,ukmo,4,21,16.8,5.2,19.1
2026-08-30,ukmo,5,23.8,17.1,1.6,23
2026-08-30,ukmo,6,22,17,9.6,16.2
2026-08-31,arpege,1,21.6,15.6,3,30.1
2026-08-31,arpege,2,18.9,15,9.3,27.7
2026-08-31,arpege,3,20.1,14.9,13.3,27.8
2026-08-31,ecmwf,1,19.8,13.9,14.4,21.1
2026-08-31,ecmwf,2,19,14.4,5.4,24.5
2026-08-31,ecmwf,3,20.9,14.7,15.3,21.1
2026-08-31,ecmwf,4,20.6,14.6,11.4,26
2026-08-31,ecmwf,5,21.8,14.8,11.4,31.1
2026-08-31,ecmwf,6,18.5,15.5,5.4,20.7
2026-08-31,ecmwf,7,20.7,15,10.5,27
2026-08-31,gem,1,18.7,14.7,12.9,24.8
2026-08-31,gem,2,18.8,14.9,10.8,27.7
2026-08-31,gem,3,18.8,14.7,6.8,24.5
2026-08-31,gem,4,18.4,15.4,7.2,25.6
2026-08-31,gem,5,20.1,15.5,7.4,23.4
2026-08-31,gem,6,17.9,14.5,6.4,33.5
2026-08-31,gem,7,18.5,14.7,6.1,33.1
2026-08-31,gfs,1,20.2,14.1,6.2,22
2026-08-31,gfs,2,19.6,13.8,8.7,22.8
2026-08-31,gfs,3,19.8,14.2,8.4,22.5
2026-08-31,gfs,4,20.1,13.8,11,21.9
2026-08-31,gfs,5,20.9,14.2,10.2,21.3
2026-08-31,gfs,6,19,13.9,17.4,25
2026-08-31,gfs,7,20.8,14,8.1,25.1
2026-08-31,icon,1,21.5,15.4,5.6,22.1
2026-08-31,icon,2,20.1,15.6,3.6,16.7
2026-08-31,icon,3,19.6,15.8,10.8,14.5
2026-08-31,icon,4,21.3,16.1,4,16.8
2026-08-31,icon,5,19.9,15.5,5.4,21.1
2026-08-31,icon,6,19.3,15,6.7,21.1
2026-08-31,ukmo,1,21.6,16.2,7.9,20.2
2026-08-31,ukmo,2,22.1,15.6,9.3,22.3
2026-08-31,ukmo,3,21.5,15.8,9.8,23.8
2026-08-31,ukmo,4,22,15.1,7.7,25.9
2026-08-31,ukmo,5,21.9,15.4,12.5,23.8
2026-08-31,ukmo,6,19.2,16.2,13.4,20.5
2026-09-01,arpege,1,20.5,15.4,10.9,25.8
2026-09-01,arpege,2,20.3,14.1,2.5,25.8
2026-09-01,arpege,3,19.3,14.2,1.5,27.9
2026-09-01,ecmwf,1,18.4,14,5.1,20.5
2026-09-01,ecmwf,2,18.2,13.9,4.8,21.7
2026-09-01,ecmwf,3,19,13.9,4.8,24.6
2026-09-01,ecmwf,4,18,14,3.6,23.4
2026-09-01,ecmwf,5,18.6,13.8,2.1,21.8
2026-09-01,ecmwf,6,20.8,14.8,0.3,22.2
2026-09-01,ecmwf,7,20.1,14,4.5,21.5
2026-09-01,gem,1,19.2,13.8,6.6,23.8
2026-09-01,gem,2,18.4,12.4,6.8,21.6
2026-09-01,gem,3,17.9,13.8,4.5,21.2
2026-09-01,gem,4,19.2,14.7,3.9,22.3
2026-09-01,gem,5,19.1,12.9,2.3,23.4
2026-09-01,gem,6,21.3,13.2,2.5,22
2026-09-01,gem,7,19.9,12.8,2.1,25.6
2026-09-01,gfs,1,19.5,13.6,3.6,20.2
2026-09-01,gfs,2,19.9,12.9,3.9,22.9
2026-09-01,gfs,3,20.1,13,3.3,21.7
2026-09-01,gfs,4,21.6,12.6,2.1,18.8
2026-09-01,gfs,5,22.3,12.8,0.2,20.9
2026-09-01,gfs,6,20.6,12.9,3.7,20.6
2026-09-01,gfs,7,20.8,12.3,1.7,34.8
2026-09-01,icon,1,19.1,14.1,7.7,18.8
2026-09-01,icon,2,18.4,14.2,2.1,13.7
2026-09-01,icon,3,19.5,14.7,0.2,17.9
2026-09-01,icon,4,19.8,13.9,3.3,15.5
2026-09-01,icon,5,21.6,13.5,0.2,19.3
2026-09-01,icon,6,21.4,14.9,0.3,16.3
2026-09-01,ukmo,1,19.7,15.5,0.8,20.9
2026-09-01,ukmo,2,19.6,14.8,5.9,20.9
2026-09-01,ukmo,3,19.6,15,0.1,23
2026-09-01,ukmo,4,20.4,14.4,1.1,20.5
2026-09-01,ukmo,5,21,14.4,0.5,22
2026-09-01,ukmo,6,20.1,15.3,0.2,25.9
2026-09-02,arpege,1,21.9,12.5,0.1,18.9
2026-09-02,arpege,2,21.4,13,0.3,21.5
2026-09-02,arpege,3,21.8,13.8,0.1,22.2
2026-09-02,ecmwf,1,20.2,12.7,1.5,17.9
2026-09-02,ecmwf,2,20,12.5,1.8,17.5
2026-09-02,ecmwf,3,19.9,12.9,3.9,18.7
2026-09-02,ecmwf,4,19.5,13.5,2.4,20.9
2026-09-02,ecmwf,5,17.2,12.2,5.7,16.2
2026-09-02,ecmwf,6,17.4,13.2,4.8,20.5
2026-09-02,ecmwf,7,18.8,14,2.1,26.4
2026-09-02,gem,1,21.6,12.1,2.3,19.1
2026-09-02,gem,2,20.6,11.7,1,17.3
2026-09-02,gem,3,20.2,12.2,2.4,22
2026-09-02,gem,4,18,11.3,0.6,19.1
2026-09-02,gem,5,19.7,11.6,4.9,19.8
2026-09-02,gem,6,20.3,14.5,2.6,19.8
2026-09-02,gem,7,20.4,11.7,3.9,16.9
2026-09-02,gfs,1,22.1,12,2.7,17.1
2026-09-02,gfs,2,22.4,11.3,0.2,17.1
2026-09-02,gfs,3,22.3,11.8,1.6,18.4
2026-09-02,gfs,4,22.4,11.4,0.1,17.1
2026-09-02,gfs,5,21.5,12.5,2,15.6
2026-09-02,gfs,6,19.3,11.6,1.4,21.2
2026-09-02,gfs,7,18.7,11.5,1.7,24.1
2026-09-02,icon,1,22,12.9,5.2,17.3
2026-09-02,icon,2,21.6,12.4,0.2,13.9
2026-09-02,icon,3,20.6,13.9,5.1,13.2
2026-09-02,icon,4,20.8,13.1,0.5,15.6
2026-09-02,icon,5,21.2,12.2,0.3,17.4
2026-09-02,icon,6,23.3,12.8,3.3,21.8
2026-09-02,ukmo,1,21.9,14.8,0.7,18
2026-09-02,ukmo,2,21.2,13.4,0.8,17.3
2026-09-02,ukmo,3,21.2,13.5,0.3,16.9
2026-09-02,ukmo,4,21.5,14.3,0,21.6
2026-09-02,ukmo,5,21.6,14,0,15.8
2026-09-02,ukmo,6,21.3,15,1,27.4
2026-09-03,arpege,1,19.6,15.3,4.6,28.9
2026-09-03,arpege,2,20.8,15.7,0.8,27.8
2026-09-03,arpege,3,22,15,1.1,31.2
2026-09-03,ecmwf,1,20,14.6,2.1,20.8
2026-09-03,ecmwf,2,19.5,13.1,1.8,22
2026-09-03,ecmwf,3,18.7,14.4,13.2,23.7
2026-09-03,ecmwf,4,19.1,14.5,2.7,25.9
2026-09-03,ecmwf,5,19.8,14.4,9,23.7
2026-09-03,ecmwf,6,18.2,13.2,16.8,23.4
2026-09-03,ecmwf,7,21.7,11.8,3.6,24.7
2026-09-03,gem,1,19,14,5.4,23.4
2026-09-03,gem,2,19.6,13.7,6.9,26.6
2026-09-03,gem,3,19.8,14.3,5.3,26.3
2026-09-03,gem,4,19.5,14.8,5.5,25.9
2026-09-03,gem,5,18.6,13.4,5.4,26.3
2026-09-03,gem,6,17.8,12.7,14.2,27.4
2026-09-03,gem,7,19,12.7,9.1,35.6
2026-09-03,gfs,1,19.7,13.8,2.7,21.7
2026-09-03,gfs,2,20.4,12,4.5,20.6
2026-09-03,gfs,3,21.5,13.6,3.5,22.7
2026-09-03,gfs,4,19.9,15.2,1.2,23.3
2026-09-03,gfs,5,19.9,13.6,6,21.8
2026-09-03,gfs,6,18.8,11.5,4.8,23
2026-09-03,gfs,7,20.1,10.2,2.2,20.1
2026-09-03,icon,1,21.5,15,6.5,25
2026-09-03,icon,2,20.4,14.5,4.3,16.9
2026-09-03,icon,3,21,15.6,3.3,15.4
2026-09-03,icon,4,19.6,16.1,11.1,17.3
2026-09-03,icon,5,20.5,15.6,4.8,20.3
2026-09-03,icon,6,18.9,14.9,4.5,19.9
2026-09-03,ukmo,1,20.5,15.6,6.4,22.3
2026-09-03,ukmo,2,19,15,11.9,16.9
2026-09-03,ukmo,3,20.4,15.8,5.4,20.2
2026-09-03,ukmo,4,20.5,14.9,2.8,24.8
2026-09-03,ukmo,5,19.7,13.3,1,22.7
2026-09-03,ukmo,6,20.8,15.7,5.5,22.3
2026-09-04,arpege,1,18.4,15.3,51.3,30.3
2026-09-04,arpege,2,20.4,15.2,5.9,39.5
2026-09-04,arpege,3,20.5,16.3,5.3,39
2026-09-04,ecmwf,1,17.5,15.9,39.9,25.1
2026-09-04,ecmwf,2,17.2,14.9,20.1,24
2026-09-04,ecmwf,3,17.9,16,15.6,19.5
2026-09-04,ecmwf,4,20,14.8,19.8,27.3
2026-09-04,ecmwf,5,18.7,14.8,16.5,33.3
2026-09-04,ecmwf,6,19.3,14.3,2.1,20.9
2026-09-04,ecmwf,7,20,16.2,7.5,21.2
2026-09-04,gem,1,18.5,14.6,13.4,40.3
2026-09-04,gem,2,18.6,15.2,20.1,25.9
2026-09-04,gem,3,19.4,16.4,17.3,34.9
2026-09-04,gem,4,19.3,14.8,25.4,41
2026-09-04,gem,5,19.8,14.8,12.4,28.1
2026-09-04,gem,6,19,11.6,7,29.2
2026-09-04,gem,7,17.4,12.7,5.5,27
2026-09-04,gfs,1,18.4,14.8,18.4,29.6
2026-09-04,gfs,2,17.5,13.3,14.2,22.4
2026-09-04,gfs,3,22.2,13.4,4.1,24
2026-09-04,gfs,4,18.9,13.4,15,21
2026-09-04,gfs,5,18.9,13.9,23.1,27.3
2026-09-04,gfs,6,17.9,12.6,3.7,29.1
2026-09-04,gfs,7,19.2,12.9,13.5,30.7
2026-09-04,icon,1,19.8,15.8,8.5,24.5
2026-09-04,icon,2,17.7,16,11.7,13.7
2026-09-04,icon,3,20,16.2,25.4,20.1
2026-09-04,icon,4,21.8,15.3,4.6,17.6
2026-09-04,icon,5,19.2,15.1,7.6,14.3
2026-09-04,icon,6,19.3,14.8,8.4,15.6
2026-09-04,ukmo,1,18.4,16.4,22.4,25.2
2026-09-04,ukmo,2,18.6,15.7,29.6,22.7
2026-09-04,ukmo,3,20.5,16.2,17.2,26.3
2026-09-04,ukmo,4,20.1,14.3,6,25.6
2026-09-04,ukmo,5,18.2,15.1,2,17.6
2026-09-04,ukmo,6,19.4,15.6,8.3,24.8
2026-09-05,arpege,1,18.2,13.5,11.5,35.3
2026-09-05,arpege,2,16.8,13,3.2,28.5
2026-09-05,arpege,3,18.7,13.8,1.5,28.7
2026-09-05,ecmwf,1,17.3,13.9,9.9,25.2
2026-09-05,ecmwf,2,17.2,13.7,8.1,29.1
2026-09-05,ecmwf,3,18.6,13.1,3.3,32.1
2026-09-05,ecmwf,4,18.9,13.9,2.1,30.9
2026-09-05,ecmwf,5,19.9,14.7,7.5,21.8
2026-09-05,ecmwf,6,19.2,14.8,1.8,24.5
2026-09-05,ecmwf,7,20.6,16.6,0.3,17.7
2026-09-05,gem,1,15.9,13.3,11.1,29.5
2026-09-05,gem,2,16.6,13.8,4.4,32.4
2026-09-05,gem,3,16.8,13.4,6.4,31.3
2026-09-05,gem,4,17.2,13.7,2.8,26.6
2026-09-05,gem,5,18.5,13.4,0,27.4
2026-09-05,gem,6,18.9,13.1,6.4,27.4
2026-09-05,gem,7,17.6,13.2,1.7,33.1
2026-09-05,gfs,1,17.2,12.7,4.6,27.2
2026-09-05,gfs,2,18.3,12.1,2.7,27.8
2026-09-05,gfs,3,19.4,11.5,0.9,26.6
2026-09-05,gfs,4,17.5,12.1,4.6,23.3
2026-09-05,gfs,5,19.3,12.2,1.3,26
2026-09-05,gfs,6,18.4,11.7,4.8,25.8
2026-09-05,gfs,7,19.1,11,2.5,23.2
2026-09-05,icon,1,17.4,13.6,15,22.3
2026-09-05,icon,2,17.3,13.8,2.7,19.2
2026-09-05,icon,3,19.4,14.2,0.3,19.5
2026-09-05,icon,4,19.4,13.2,0.2,18.4
2026-09-05,icon,5,18.9,13.2,0,21.4
2026-09-05,icon,6,18.9,14.3,0,22.3
2026-09-05,ukmo,1,18.5,14,9.5,28.4
2026-09-05,ukmo,2,17.7,14.4,3.1,26.6
2026-09-05,ukmo,3,18.5,14.3,0.9,24.8
2026-09-05,ukmo,4,20.2,14.3,0,23.4
2026-09-05,ukmo,5,19.3,14.1,5.2,19.8
2026-09-05,ukmo,6,19.6,13.3,0.1,23
2026-09-06,arpege,1,20,11.2,0.1,16.6
2026-09-06,arpege,2,18.7,11,0,19.7
2026-09-06,arpege,3,18.7,11.4,0.1,18.4
2026-09-06,ecmwf,1,18.5,12.9,0,19.3
2026-09-06,ecmwf,2,18.8,13,0,20.1
2026-09-06,ecmwf,3,18.5,12.8,0,20.8
2026-09-06,ecmwf,4,19.5,12.5,0,17.2
2026-09-06,ecmwf,5,18.8,13.3,0,13.7
2026-09-06,ecmwf,6,17,12.9,7.2,13.6
2026-09-06,ecmwf,7,18.6,12.5,0.6,15.1
2026-09-06,gem,1,19.3,11.6,0,17.3
2026-09-06,gem,2,19.1,12,0.1,21.2
2026-09-06,gem,3,18.7,11.2,0.5,16.9
2026-09-06,gem,4,19.2,12.2,0,19.1
2026-09-06,gem,5,18.8,12.1,0,17.3
2026-09-06,gem,6,20.3,11.9,0,14
2026-09-06,gem,7,20,9.8,0,18.4
2026-09-06,gfs,1,20.2,10,0.1,15.6
2026-09-06,gfs,2,20.1,10.6,0,16.8
2026-09-06,gfs,3,20,10.1,0,16.5
2026-09-06,gfs,4,20.7,10.2,0,17.7
2026-09-06,gfs,5,20,11.1,0.7,17.7
2026-09-06,gfs,6,20.7,12.9,0,19.3
2026-09-06,gfs,7,19.3,10.2,0.2,23.9
2026-09-06,icon,1,19.5,11.4,0,12.6
2026-09-06,icon,2,19.9,12,0,9.5
2026-09-06,icon,3,20.8,11.8,0,10
2026-09-06,icon,4,20.7,12.1,0,8.2
2026-09-06,icon,5,20.4,11.1,0,7.7
2026-09-06,icon,6,21.5,12,0,13
2026-09-06,ukmo,1,20,12.9,0,13
2026-09-06,ukmo,2,19.6,12.4,0,15.1
2026-09-06,ukmo,3,19.6,11.8,0,12.6
2026-09-06,ukmo,4,20.9,12.5,0,13
2026-09-06,ukmo,5,21.5,12.9,0,12.6
2026-09-06,ukmo,6,17.4,12.8,1.3,12.2
2026-09-07,arpege,1,26.5,12.8,0,17.7
2026-09-07,arpege,2,23.8,12.8,0,15.9
2026-09-07,arpege,3,24,12.5,0,23.1
2026-09-07,ecmwf,1,23.9,13.2,0,13.8
2026-09-07,ecmwf,2,23.7,12.1,2.1,15.6
2026-09-07,ecmwf,3,23.9,13.1,0.3,17.1
2026-09-07,ecmwf,4,21.5,12.3,0,14.3
2026-09-07,ecmwf,5,24.5,13.6,0.3,17.6
2026-09-07,ecmwf,6,23,14.3,5.7,24
2026-09-07,ecmwf,7,20.5,14.5,0.3,19.7
2026-09-07,gem,1,24,12.4,0,14.8
2026-09-07,gem,2,23.7,12.4,0.1,15.8
2026-09-07,gem,3,24,10.8,0,15.8
2026-09-07,gem,4,23.5,11.7,0,15.5
2026-09-07,gem,5,23.5,10.8,0,16.6
2026-09-07,gem,6,22.7,15.3,0.3,25.2
2026-09-07,gem,7,23.5,13.8,0.9,27.7
2026-09-07,gfs,1,24.9,12.6,0,13.4
2026-09-07,gfs,2,25.3,12.6,0,12.4
2026-09-07,gfs,3,26,12.4,0.1,11.8
2026-09-07,gfs,4,23.9,12.6,0,14.8
2026-09-07,gfs,5,24.7,13.1,0,16.2
2026-09-07,gfs,6,23.2,12.4,0,13
2026-09-07,gfs,7,26,11.5,0,13.3
2026-09-07,icon,1,24.1,12.9,0,14
2026-09-07,icon,2,25.1,13.3,0.1,9.8
2026-09-07,icon,3,22.6,13.8,0.8,10.1
2026-09-07,icon,4,25.9,13,0,10.7
2026-09-07,icon,5,26,14.2,0.8,15.3
2026-09-07,icon,6,26.3,13,2.4,12.9
2026-09-07,ukmo,1,26.3,14.8,0,15.8
2026-09-07,ukmo,2,26,14.2,0,13.3
2026-09-07,ukmo,3,24.1,14,0.5,13
2026-09-07,ukmo,4,25.7,15.1,0.5,14.4
2026-09-07,ukmo,5,22.7,14.2,2.1,19.1
2026-09-07,ukmo,6,21.5,15,2.3,30.2
2026-09-08,arpege,1,20.8,16.1,2.2,26.1
2026-09-08,arpege,2,20.3,15.7,0.9,27.4
2026-09-08,arpege,3,20.4,15.1,1.2,23.3
2026-09-08,ecmwf,1,19.8,15.8,2.1,20
2026-09-08,ecmwf,2,19.4,14.9,2.7,19.3
2026-09-08,ecmwf,3,18.3,13.7,3,21.3
2026-09-08,ecmwf,4,18.2,13.6,5.4,21.1
2026-09-08,ecmwf,5,17.7,14,2.4,22.7
2026-09-08,ecmwf,6,16.6,12.4,4.2,17.1
2026-09-08,ecmwf,7,18,13.4,2.7,22
2026-09-08,gem,1,22,15.5,0,21.6
2026-09-08,gem,2,22.1,16.1,0.2,21.2
2026-09-08,gem,3,20,16.1,1.9,23
2026-09-08,gem,4,20.3,12.6,5.1,24.5
2026-09-08,gem,5,19.8,14.5,0.4,22.7
2026-09-08,gem,6,20.2,14.2,1.5,22.3
2026-09-08,gem,7,19.2,13.2,6.5,24.8
2026-09-08,gfs,1,21.7,15.1,1,20.3
2026-09-08,gfs,2,21.5,14.7,1.5,20.1
2026-09-08,gfs,3,20.8,14.4,0.8,19.7
2026-09-08,gfs,4,20.7,13.2,0.9,20
2026-09-08,gfs,5,22.5,13.3,4.8,22.5
2026-09-08,gfs,6,19.9,10.5,3.5,23.5
2026-09-08,gfs,7,25.7,13.4,0.4,18.9
2026-09-08,icon,1,21,15.9,0.5,18.4
2026-09-08,icon,2,20.1,15.1,4.6,14.2
2026-09-08,icon,3,19.7,15.5,0.5,13.7
2026-09-08,icon,4,19.5,14.4,4.9,11.5
2026-09-08,icon,5,20.7,14.6,0.5,18.1
2026-09-08,icon,6,20.7,13,2.1,13.8
2026-09-08,ukmo,1,22.5,16,2,22
2026-09-08,ukmo,2,21.4,14.9,6.2,23.8
2026-09-08,ukmo,3,20.3,14.4,6.3,18.4
2026-09-08,ukmo,4,20.9,14.4,5.8,19.4
2026-09-08,ukmo,5,18.1,14.9,2.5,24.8
2026-09-08,ukmo,6,19.9,14.6,0.2,24.8
2026-09-09,arpege,1,18.8,13.8,5.8,24
2026-09-09,arpege,2,19.9,13.5,2,34
2026-09-09,arpege,3,19.3,14.1,0,28.9
2026-09-09,ecmwf,1,18.1,12.1,3.6,21.1
2026-09-09,ecmwf,2,18.3,12.6,4.8,20.2
2026-09-09,ecmwf,3,17.3,12.2,1.2,12.8
2026-09-09,ecmwf,4,17.9,12.3,3.3,23
2026-09-09,ecmwf,5,17.1,11.5,6.9,27.8
2026-09-09,ecmwf,6,18.8,12.5,19.5,37.9
2026-09-09,ecmwf,7,17.2,10.5,8.1,20.6
2026-09-09,gem,1,17,12.6,6.1,21.6
2026-09-09,gem,2,18.9,12.1,3.7,20.9
2026-09-09,gem,3,19,13.6,0.2,23.4
2026-09-09,gem,4,18.5,12.1,1.4,28.4
2026-09-09,gem,5,17,11.8,4.8,23.8
2026-09-09,gem,6,18.4,10.8,3.3,24.5
2026-09-09,gem,7,16.1,11.4,4.8,27.7
2026-09-09,gfs,1,18.5,11.5,2.1,20.1
2026-09-09,gfs,2,18.1,12,2.8,27.7
2026-09-09,gfs,3,19.6,11.4,0.8,23.1
2026-09-09,gfs,4,17.9,11.3,0.8,21.4
2026-09-09,gfs,5,18.2,10.7,2.6,24.3
2026-09-09,gfs,6,17.1,9.7,2.2,25
2026-09-09,gfs,7,18.8,10.1,1.2,24.5
2026-09-09,icon,1,18.7,13.6,2,17.6
2026-09-09,icon,2,19,13.2,0.9,20.5
2026-09-09,icon,3,19.5,12.8,0.2,20.6
2026-09-09,icon,4,18.9,13.4,0.4,16.2
2026-09-09,icon,5,18.1,12.1,0.3,16.9
2026-09-09,icon,6,18.5,10.4,0,18.4
2026-09-09,ukmo,1,19.4,13.5,5.6,16.9
2026-09-09,ukmo,2,19.9,14.2,0.8,13.7
2026-09-09,ukmo,3,17.8,11.8,1.8,23
2026-09-09,ukmo,4,18.5,13,1.9,21.6
2026-09-09,ukmo,5,15.8,12.3,9.5,28.8
2026-09-09,ukmo,6,17.6,13.3,0.6,24.1
2026-09-10,arpege,1,17.3,10.8,0.3,17.8
2026-09-10,arpege,2,17.4,11.3,0.3,17.2
2026-09-10,arpege,3,18,12,0.6,21.4
2026-09-10,ecmwf,1,16.9,11,0.3,16.7
2026-09-10,ecmwf,2,17.5,10.9,0.3,17.6
2026-09-10,ecmwf,3,16.9,10.2,0,15.9
2026-09-10,ecmwf,4,17.4,10,0,17.7
2026-09-10,ecmwf,5,16.7,11.6,3.3,23.3
2026-09-10,ecmwf,6,15.5,11.4,3.6,24.4
2026-09-10,ecmwf,7,17.6,10.9,3.9,23.6
2026-09-10,gem,1,17.6,9.8,0.5,14.8
2026-09-10,gem,2,17.8,9.8,0,16.2
2026-09-10,gem,3,17,9.6,0.2,16.9
2026-09-10,gem,4,16,9.8,4.8,26.6
2026-09-10,gem,5,16.4,10.8,1.1,25.2
2026-09-10,gem,6,16.6,10.9,1.4,17.6
2026-09-10,gem,7,14.4,11.1,13.5,21.6
2026-09-10,gfs,1,17.3,10.6,0.4,14
2026-09-10,gfs,2,17.5,10,0.1,15.5
2026-09-10,gfs,3,19.4,10.3,0.1,13
2026-09-10,gfs,4,18.1,10.4,0.8,19.4
2026-09-10,gfs,5,18.6,10.5,0.8,21
2026-09-10,gfs,6,18.8,11.5,3.7,21.1
2026-09-10,gfs,7,17.6,9.7,1.7,20.6
2026-09-10,icon,1,17.9,11,0,12.4
2026-09-10,icon,2,19.4,10.7,0,12.5
2026-09-10,icon,3,18,12.3,0.6,10.4
2026-09-10,icon,4,17,11.6,0.2,15.8
2026-09-10,icon,5,17.2,13,3.1,17.7
2026-09-10,icon,6,17.1,12.4,0.8,17.3
2026-09-10,ukmo,1,17.9,12.5,0.2,12.6
2026-09-10,ukmo,2,17.9,12.3,0,17.3
2026-09-10,ukmo,3,18.5,11,0,14
2026-09-10,ukmo,4,18.1,11.5,0.2,15.5
2026-09-10,ukmo,5,18.1,11.7,0,20.9
2026-09-10,ukmo,6,18.3,12.1,2.1,14.8
2026-09-11,arpege,1,17.9,7.7,1.5,16.5
2026-09-11,arpege,2,19.8,9.1,0.2,16.1
2026-09-11,arpege,3,19.8,11,0,9.7
2026-09-11,ecmwf,1,18.3,10.5,0.9,11.2
2026-09-11,ecmwf,2,18.3,10.5,0.9,12.3
2026-09-11,ecmwf,3,19,10.5,0,11.3
2026-09-11,ecmwf,4,18.8,9.1,0.9,13.2
2026-09-11,ecmwf,5,18.7,10.2,0,13.5
2026-09-11,ecmwf,6,17,10.9,2.1,14.3
2026-09-11,ecmwf,7,15.7,11.3,0.6,12.6
2026-09-11,gem,1,19.6,7.8,0.1,14.8
2026-09-11,gem,2,19.9,8.8,0,10.4
2026-09-11,gem,3,19.8,6.1,0,7.6
2026-09-11,gem,4,19.7,9.2,0,11.2
2026-09-11,gem,5,18.9,10.5,0,14
2026-09-11,gem,6,18.1,9.6,1.4,13.7
2026-09-11,gem,7,17.4,10.7,2.7,19.1
2026-09-11,gfs,1,19.2,9,0,15.8
2026-09-11,gfs,2,17.3,9.6,0,15.7
2026-09-11,gfs,3,19.6,10.1,0,20.9
2026-09-11,gfs,4,21.4,11.1,0,11.9
2026-09-11,gfs,5,20.4,10.8,2.4,19.5
2026-09-11,gfs,6,19,10.2,1.1,18.7
2026-09-11,gfs,7,17.8,11.7,27.1,22.2
2026-09-11,icon,1,19,10.5,0.4,14.8
2026-09-11,icon,2,19.7,9.7,0,8.4
2026-09-11,icon,3,20.1,10.4,0,9.7
2026-09-11,icon,4,18.4,11.4,0,10.8
2026-09-11,icon,5,19,12,0.8,9.3
2026-09-11,icon,6,15.8,10.9,11.2,12.9
2026-09-11,ukmo,1,20.6,12.4,1,13
2026-09-11,ukmo,2,19.8,13.9,0,13.3
2026-09-11,ukmo,3,18.9,11.7,0,10.4
2026-09-11,ukmo,4,17.6,12.4,0,9.4
2026-09-11,ukmo,5,17.8,14.3,0,12.2
2026-09-11,ukmo,6,17.5,10.5,9.8,14.8
2026-09-12,arpege,1,20.2,14.2,0.1,18
2026-09-12,arpege,2,19.2,12.9,0.1,18
2026-09-12,arpege,3,20.2,12.4,0.1,15.5
2026-09-12,ecmwf,1,19,12,1.8,15.6
2026-09-12,ecmwf,2,18.7,12.2,2.1,18.4
2026-09-12,ecmwf,3,19.1,11.7,0.6,16.9
2026-09-12,ecmwf,4,19.2,11.3,3.3,16.8
2026-09-12,ecmwf,5,19.7,10.2,0.9,8.6
2026-09-12,ecmwf,6,19,10.9,2.1,14.9
2026-09-12,ecmwf,7,18.9,12.4,2.4,16.3
2026-09-12,gem,1,18.9,13.5,1,15.8
2026-09-12,gem,2,18.9,12.2,1.9,17.3
2026-09-12,gem,3,18.7,11.2,2.8,19.1
2026-09-12,gem,4,20.7,6.6,0,14.8
2026-09-12,gem,5,21.6,10.5,0.9,12.6
2026-09-12,gem,6,20.2,9,1.5,13.7
2026-09-12,gem,7,20,10.7,2.8,20.9
2026-09-12,gfs,1,18.9,12,0,13.1
2026-09-12,gfs,2,20.6,12.3,0.7,15.1
2026-09-12,gfs,3,19.8,11.9,0,15.7
2026-09-12,gfs,4,19.3,12.6,1.2,15.2
2026-09-12,gfs,5,20.2,12.6,0,9.4
2026-09-12,gfs,6,20.8,12.6,0.1,14.5
2026-09-12,gfs,7,16.5,11.6,4,19.4
2026-09-12,icon,1,20.1,13.3,0.9,17.3
2026-09-12,icon,2,19.6,13.4,2.3,11.2
2026-09-12,icon,3,20.3,13.5,0.1,11.5
2026-09-12,icon,4,20.5,13.8,0,12.1
2026-09-12,icon,5,20.3,13.8,0,11.3
2026-09-12,icon,6,20.6,13.9,0.5,18
2026-09-12,ukmo,1,20.7,14.2,0.8,12.6
2026-09-12,ukmo,2,19.9,14,0.3,16.6
2026-09-12,ukmo,3,20.5,13.6,2.5,19.1
2026-09-12,ukmo,4,19.8,13.5,0.1,11.9
2026-09-12,ukmo,5,19.9,14.1,0,8.3
2026-09-12,ukmo,6,20,13.8,2.5,9.4
2026-09-13,arpege,1,19.3,13.5,0.8,21.4
2026-09-13,arpege,2,18.9,14.1,5.4,19.4
2026-09-13,arpege,3,16.8,14.9,4.7,22
2026-09-13,ecmwf,1,19.1,11.7,3.6,17.1
2026-09-13,ecmwf,2,19.4,11.4,3.6,16.9
2026-09-13,ecmwf,3,18,14.5,7.2,18.1
2026-09-13,ecmwf,4,17.7,13.6,3.9,19.7
2026-09-13,ecmwf,5,18,13,2.4,17.3
2026-09-13,ecmwf,6,18.9,12.7,0.9,17.6
2026-09-13,ecmwf,7,16.8,12.8,4.8,22.4
2026-09-13,gem,1,19.4,14.2,5,17.3
2026-09-13,gem,2,19.1,13,7.2,24.1
2026-09-13,gem,3,18.7,14.5,6.3,16.2
2026-09-13,gem,4,20,13.2,5,16.9
2026-09-13,gem,5,19.4,7.8,3.1,15.5
2026-09-13,gem,6,20.4,9.6,3.6,14.4
2026-09-13,gem,7,20.4,8.5,0.2,10.8
2026-09-13,gfs,1,19.5,12.4,4.1,14.6
2026-09-13,gfs,2,19.8,12.9,1.8,15.6
2026-09-13,gfs,3,19.7,12.6,4.4,13.8
2026-09-13,gfs,4,19.2,10.8,8.5,15.5
2026-09-13,gfs,5,18.6,12.3,0.7,20.4
2026-09-13,gfs,6,21.4,13.7,0,15.6
2026-09-13,gfs,7,21.5,12.4,2.1,17.2
2026-09-13,icon,1,20.1,13,4.8,16.7
2026-09-13,icon,2,20,12.1,3.7,11.2
2026-09-13,icon,3,19.2,12.9,8.8,13.4
2026-09-13,icon,4,17.7,13.9,6,9.7
2026-09-13,icon,5,20.9,12.1,0.7,12.2
2026-09-13,icon,6,20.9,14.1,0.6,16.3
2026-09-13,ukmo,1,20.8,14,2.9,16.6
2026-09-13,ukmo,2,19.3,14.4,2.1,16.6
2026-09-13,ukmo,3,18.7,14.2,3.3,18.4
2026-09-13,ukmo,4,19.3,13.7,0.6,18.7
2026-09-13,ukmo,5,18.2,15.4,8.7,16.6
2026-09-13,ukmo,6,21.1,13.8,0,12.6
2026-09-14,arpege,1,19.2,8,0,11.6
2026-09-14,arpege,2,17.9,9.9,0,12.1
2026-09-14,arpege,3,18,10.5,0,13.2
2026-09-14,ecmwf,1,17.7,9.8,0,11.1
2026-09-14,ecmwf,2,16.2,11.5,0,12.9
2026-09-14,ecmwf,3,17.9,9.4,0,11.1
2026-09-14,ecmwf,4,18.4,11.6,0,13
2026-09-14,ecmwf,5,19.6,12.7,0.9,14.9
2026-09-14,ecmwf,6,16.8,11.6,0.9,15.3
2026-09-14,ecmwf,7,18.9,14.9,0.3,19.5
2026-09-14,gem,1,18.9,7.7,0,10.1
2026-09-14,gem,2,18.5,7.5,0,10.1
2026-09-14,gem,3,19.3,13.7,1.1,11.2
2026-09-14,gem,4,19.6,10.9,0,11.9
2026-09-14,gem,5,19.4,10.8,1,13.3
2026-09-14,gem,6,19.4,11.1,0.5,13
2026-09-14,gem,7,20.1,12,0.1,16.9
2026-09-14,gfs,1,19.6,9.8,0,9.4
2026-09-14,gfs,2,19.5,9.4,0,12.6
2026-09-14,gfs,3,19.1,10.2,0,12.2
2026-09-14,gfs,4,19.8,9.4,0,12.1
2026-09-14,gfs,5,19,10,0,13.2
2026-09-14,gfs,6,19.5,11.8,0,16.4
2026-09-14,gfs,7,21.7,13.4,0.3,19.7
2026-09-14,icon,1,18.3,10,0,9.1
2026-09-14,icon,2,19.4,10.4,0,7.1
2026-09-14,icon,3,17.8,10.7,0,7.7
2026-09-14,icon,4,17.9,11.2,0,10.7
2026-09-14,icon,5,21.8,16.6,0.4,12.6
2026-09-14,icon,6,23.5,14,0,10.8
2026-09-14,ukmo,1,19,12.4,0,11.5
2026-09-14,ukmo,2,17.3,12.2,0,13
2026-09-14,ukmo,3,17.9,13.5,0,10.1
2026-09-14,ukmo,4,17.5,12.4,2.5,10.1
2026-09-14,ukmo,5,17.3,12.8,0.2,11.5
2026-09-14,ukmo,6,19,13.8,0.2,14
2026-09-15,arpege,1,25.5,13.5,0.5,19.6
2026-09-15,arpege,2,23.9,12.1,0.4,20
2026-09-15,arpege,3,22.9,12.8,0.3,20.1
2026-09-15,ecmwf,1,23.6,12.6,1.5,17.5
2026-09-15,ecmwf,2,22.8,11.5,0.3,16.1
2026-09-15,ecmwf,3,21.9,11.5,0.3,16.3
2026-09-15,ecmwf,4,21.8,12.9,0.6,16.5
2026-09-15,ecmwf,5,19.1,13.5,5.7,23.2
2026-09-15,ecmwf,6,24.8,11.6,3.9,18.6
2026-09-15,ecmwf,7,19.1,14.2,0.3,16.8
2026-09-15,gem,1,24.1,10.6,0.6,14.4
2026-09-15,gem,2,24.4,12.2,0.3,14.4
2026-09-15,gem,3,24.2,14.2,0.8,15.5
2026-09-15,gem,4,22.9,11.7,1.4,17.3
2026-09-15,gem,5,21.9,11.4,3.9,19.4
2026-09-15,gem,6,21.9,9.8,1.8,19.1
2026-09-15,gem,7,24.1,11.3,0,12.6
2026-09-15,gfs,1,25.2,13,0.4,15.1
2026-09-15,gfs,2,25.5,12.9,7.3,16.6
2026-09-15,gfs,3,24.2,11.8,0.6,14.7
2026-09-15,gfs,4,24.1,12.2,0,14.8
2026-09-15,gfs,5,24.4,10.5,0,12.2
2026-09-15,gfs,6,23.5,11.2,0,15
2026-09-15,gfs,7,23.6,10.7,0,17.6
2026-09-15,icon,1,25.4,13.4,0,16.6
2026-09-15,icon,2,24.8,12.7,1.8,11.4
2026-09-15,icon,3,26,13.6,0.3,13.8
2026-09-15,icon,4,22.5,11.9,9.9,11.7
2026-09-15,icon,5,19.5,14.2,15.7,14.2
2026-09-15,icon,6,21.8,14.8,3.2,13.9
2026-09-15,ukmo,1,24.9,16,0,14
2026-09-15,ukmo,2,22.7,13.7,0.7,13.7
2026-09-15,ukmo,3,23.6,15.7,0.6,14
2026-09-15,ukmo,4,21,15.1,29.7,16.2
2026-09-15,ukmo,5,19.9,14.8,6.7,19.1
2026-09-15,ukmo,6,23,13.5,15,19.1
2026-09-16,arpege,1,19.3,13.7,33.2,21.1
2026-09-16,arpege,2,19.4,13.5,10.6,18.4
2026-09-16,arpege,3,18.6,13.1,10.9,18
2026-09-16,ecmwf,1,17.8,12.4,7.8,19
2026-09-16,ecmwf,2,18.3,12.5,5.7,17.7
2026-09-16,ecmwf,3,18.5,12.6,3.6,17.2
2026-09-16,ecmwf,4,18.3,11.7,7.5,15.5
2026-09-16,ecmwf,5,17.4,11.6,4.2,16.9
2026-09-16,ecmwf,6,16.6,12.4,2.1,25.4
2026-09-16,ecmwf,7,16.8,12.3,3,23.6
2026-09-16,gem,1,18.5,12.1,17.3,21.6
2026-09-16,gem,2,18.5,12.8,18.3,20.2
2026-09-16,gem,3,19.9,12.5,3.2,22.7
2026-09-16,gem,4,18.5,12.9,15.7,18.4
2026-09-16,gem,5,19,13.4,3.9,15.5
2026-09-16,gem,6,17.2,12.2,2.5,16.2
2026-09-16,gem,7,18.6,12.8,3,21.2
2026-09-16,gfs,1,19.3,12,7.1,18.2
2026-09-16,gfs,2,18.7,12.1,4.2,19.5
2026-09-16,gfs,3,18.8,11.5,28.5,17.8
2026-09-16,gfs,4,19.7,11.7,28,15.7
2026-09-16,gfs,5,18.7,12.3,16.1,18.1
2026-09-16,gfs,6,18.9,12.4,1.7,23.4
2026-09-16,gfs,7,23.1,14.1,0,22.2
2026-09-16,icon,1,19.4,13.3,4.6,16.9
2026-09-16,icon,2,19.3,13.2,4,13.7
2026-09-16,icon,3,18,13.3,5.4,13.4
2026-09-16,icon,4,18.1,13.1,0.3,11.8
2026-09-16,icon,5,17.6,11.7,1.3,16.4
2026-09-16,icon,6,16.5,12.4,3,19.1
2026-09-16,ukmo,1,20.1,15,25.8,15.5
2026-09-16,ukmo,2,19,13.8,8.9,16.9
2026-09-16,ukmo,3,20.1,13.7,17,15.8
2026-09-16,ukmo,4,19.4,13.8,13,14.4
2026-09-16,ukmo,5,17.2,12.2,5.9,22.3
2026-09-16,ukmo,6,16.3,13.3,4.5,16.9
2026-09-17,arpege,1,18.4,12,0.7,26.6
2026-09-17,arpege,2,17,11.6,1.1,26.7
2026-09-17,arpege,3,17.3,11.4,0.5,24.2
2026-09-17,ecmwf,1,16.2,11.2,2.4,21.1
2026-09-17,ecmwf,2,17.4,11.1,0.3,20.9
2026-09-17,ecmwf,3,17.6,10.8,0.9,21.8
2026-09-17,ecmwf,4,16.9,10.8,0.9,20.2
2026-09-17,ecmwf,5,17,10.5,0.6,22.2
2026-09-17,ecmwf,6,15.6,11.4,1.8,22.7
2026-09-17,ecmwf,7,16,10.4,3,27.5
2026-09-17,gem,1,17.5,12,0.9,23.4
2026-09-17,gem,2,17,11.5,1.2,22
2026-09-17,gem,3,17.3,11.9,1.1,24.8
2026-09-17,gem,4,15.8,12.1,2.9,24.5
2026-09-17,gem,5,17.5,11.3,0.2,23
2026-09-17,gem,6,15.8,9.8,6.2,24.8
2026-09-17,gem,7,15.9,12.2,4.6,30.2
2026-09-17,gfs,1,18.5,10.4,0.5,21.5
2026-09-17,gfs,2,18.4,11.3,0.9,21.5
2026-09-17,gfs,3,18.4,11,0.8,19.8
2026-09-17,gfs,4,17.5,10.9,1,20.3
2026-09-17,gfs,5,17.8,10.3,1.3,19.3
2026-09-17,gfs,6,17.3,10.6,0.4,21.9
2026-09-17,gfs,7,17.4,10.8,0.2,17.1
2026-09-17,icon,1,18,12,1.5,23.6
2026-09-17,icon,2,17.8,12,1.6,17.3
2026-09-17,icon,3,18,11.2,0.5,16.8
2026-09-17,icon,4,16.7,12,3.3,16.3
2026-09-17,icon,5,17.3,11.3,3.6,18.6
2026-09-17,icon,6,17.7,11.6,0.6,17.7
2026-09-17,ukmo,1,18.5,13.3,3.7,19.1
2026-09-17,ukmo,2,18.6,11.2,0.3,20.9
2026-09-17,ukmo,3,16.9,11.5,0.5,18.4
2026-09-17,ukmo,4,17.6,11.5,0.7,19.8
2026-09-17,ukmo,5,17.1,12.3,1.8,20.9
2026-09-17,ukmo,6,17.8,12.8,1.5,23.4
2026-09-18,arpege,1,17.9,13,1.1,25.6
2026-09-18,arpege,2,17.3,12.6,1,25.9
2026-09-18,arpege,3,17.8,12.4,1.2,21
2026-09-18,ecmwf,1,17.2,12.1,1.2,22.7
2026-09-18,ecmwf,2,17.7,12.8,1.2,23.1
2026-09-18,ecmwf,3,17,13.1,2.7,19.7
2026-09-18,ecmwf,4,18,13.3,1.2,20.4
2026-09-18,ecmwf,5,16.2,12.1,6.9,25.4
2026-09-18,ecmwf,6,14.9,12.4,10.2,23.4
2026-09-18,ecmwf,7,16.3,11.7,3.3,25.3
2026-09-18,gem,1,17.5,12.7,4,24.8
2026-09-18,gem,2,16.9,12,2.1,23.8
2026-09-18,gem,3,18.1,11.7,3.8,23.4
2026-09-18,gem,4,17.4,11.7,5.8,23
2026-09-18,gem,5,15.5,12,3.2,26.6
2026-09-18,gem,6,16.7,12.1,11.6,29.9
2026-09-18,gem,7,15.4,11.8,12.1,27.7
2026-09-18,gfs,1,18.8,10.9,0.5,21.3
2026-09-18,gfs,2,18.5,11.7,0.5,21.1
2026-09-18,gfs,3,18.6,11.6,1.7,21.7
2026-09-18,gfs,4,18.7,11.9,1.7,17.7
2026-09-18,gfs,5,17.4,12.3,1.9,22
2026-09-18,gfs,6,16.9,11.2,3.4,20.5
2026-09-18,gfs,7,16,11,3.6,23.8
2026-09-18,icon,1,18.6,12.9,1,19.5
2026-09-18,icon,2,18.4,12,0,15.8
2026-09-18,icon,3,17.2,11.6,0.6,15.4
2026-09-18,icon,4,18.7,13.3,0.7,14
2026-09-18,icon,5,18.1,12.9,1,18.4
2026-09-18,icon,6,17.5,12.9,0.1,14.7
2026-09-18,ukmo,1,18.3,13.5,1.2,23.4
2026-09-18,ukmo,2,17.9,12.9,0,20.2
2026-09-18,ukmo,3,18.5,12.6,0.6,17.6
2026-09-18,ukmo,4,18.5,13.3,2.1,17.6
2026-09-18,ukmo,5,16.4,13.5,4.1,23.8
2026-09-18,ukmo,6,15.8,13.2,5,20.9
2026-09-19,arpege,1,19.4,14,0.4,30.6
2026-09-19,arpege,2,18.1,12.8,1.4,29.6
2026-09-19,arpege,3,18.4,13.4,1.2,30.7
2026-09-19,ecmwf,1,18.8,13.3,2.4,28.5
2026-09-19,ecmwf,2,18.8,13.4,0.9,26.7
2026-09-19,ecmwf,3,18,12.7,1.5,27
2026-09-19,ecmwf,4,18.4,11.4,2.4,27.3
2026-09-19,ecmwf,5,17.8,11.5,2.7,23.1
2026-09-19,ecmwf,6,17.3,11.4,6,27.6
2026-09-19,ecmwf,7,16.9,12.6,4.8,27.5
2026-09-19,gem,1,20.1,12.9,1.6,27
2026-09-19,gem,2,19.4,11.5,1.9,25.9
2026-09-19,gem,3,17.6,11.4,1.6,23.8
2026-09-19,gem,4,18.3,10.5,0.6,23.4
2026-09-19,gem,5,18.9,10.9,0.2,23.8
2026-09-19,gem,6,19.3,11.8,6.3,23.8
2026-09-19,gem,7,16.4,10.8,3.4,24.1
2026-09-19,gfs,1,19.5,12.8,0.3,24.2
2026-09-19,gfs,2,19.2,12.9,1.7,22.6
2026-09-19,gfs,3,18.1,11.4,0.6,19.9
2026-09-19,gfs,4,19.2,10.4,0.3,21.9
2026-09-19,gfs,5,19.3,10.1,0,17.8
2026-09-19,gfs,6,18.9,10.4,1.3,24.1
2026-09-19,gfs,7,18.9,10.5,1.4,26
2026-09-19,icon,1,18.8,13.1,1.7,20.1
2026-09-19,icon,2,18.1,13.8,1.2,14.5
2026-09-19,icon,3,20,13,7.7,16.4
2026-09-19,icon,4,18.1,12.9,9.7,16.3
2026-09-19,icon,5,16.5,11.1,2.5,17.6
2026-09-19,icon,6,19.6,12.3,1.9,20.7
2026-09-19,ukmo,1,19.5,14.1,1.2,21.6
2026-09-19,ukmo,2,19.5,14.3,0.6,24.1
2026-09-19,ukmo,3,18.8,14.3,0.6,22
2026-09-19,ukmo,4,18.7,13.7,1.2,20.5
2026-09-19,ukmo,5,18.9,11.7,1.1,22
2026-09-19,ukmo,6,17.4,12.1,3.1,22.7
2026-09-20,arpege,1,17.9,14.4,4.9,34.2
2026-09-20,arpege,2,17.7,13.6,2.1,31.8
2026-09-20,arpege,3,18.6,12.6,3.4,37.4
2026-09-20,ecmwf,1,17.4,12.2,4.8,28.5
2026-09-20,ecmwf,2,16.9,12.7,5.4,28.1
2026-09-20,ecmwf,3,17.7,13.7,7.8,28.9
2026-09-20,ecmwf,4,17.2,11.7,10.2,30
2026-09-20,ecmwf,5,17.6,11.6,8.7,28.1
2026-09-20,ecmwf,6,17.3,12.2,0.9,26.9
2026-09-20,ecmwf,7,17.9,11.9,3.9,23.4
2026-09-20,gem,1,17.1,12.5,5.8,31.3
2026-09-20,gem,2,17.4,12.6,8.7,29.9
2026-09-20,gem,3,17.2,12.3,6.1,33.5
2026-09-20,gem,4,17.1,12.6,4,31.3
2026-09-20,gem,5,17.9,13.4,1.9,27
2026-09-20,gem,6,19.8,13.3,0.4,28.4
2026-09-20,gem,7,19,12.7,5.4,19.8
2026-09-20,gfs,1,18,12.7,2.2,28.2
2026-09-20,gfs,2,18,13.1,3.1,27.6
2026-09-20,gfs,3,17.8,12.8,1.9,27
2026-09-20,gfs,4,17.8,10.9,1.6,24.8
2026-09-20,gfs,5,18.1,13,0.9,26.2
2026-09-20,gfs,6,20.2,11.8,0.9,14.3
2026-09-20,gfs,7,17.6,10.5,2.3,26
2026-09-20,icon,1,17.7,13.1,4.7,29.8
2026-09-20,icon,2,18.6,13.1,1.7,20.7
2026-09-20,icon,3,18.2,13.1,11.2,20.8
2026-09-20,icon,4,17.8,12.9,13.9,22.5
2026-09-20,icon,5,17.6,12.5,0.6,22.4
2026-09-20,icon,6,16.9,12.9,2.8,22
2026-09-20,ukmo,1,18.4,13.5,1.1,26.3
2026-09-20,ukmo,2,17.2,14.1,2.1,27
2026-09-20,ukmo,3,17.5,14,1.5,26.3
2026-09-20,ukmo,4,17.8,14.7,4.8,22
2026-09-20,ukmo,5,17.6,13.5,7.7,25.6
2026-09-20,ukmo,6,17.5,14.3,1,18.4
2026-09-21,arpege,1,17.4,11.7,1.2,30.9
2026-09-21,arpege,2,16.9,12.1,0.9,30.3
2026-09-21,arpege,3,17,11.1,0,28.6
2026-09-21,ecmwf,1,16.3,11.3,3.3,28
2026-09-21,ecmwf,2,16.3,11.6,1.8,29.9
2026-09-21,ecmwf,3,16.3,11.7,1.8,30.4
2026-09-21,ecmwf,4,15.7,11,3,30.3
2026-09-21,ecmwf,5,16.3,10.5,4.5,29.1
2026-09-21,ecmwf,6,16.4,11.5,1.5,26.1
2026-09-21,ecmwf,7,16,10.9,0.3,28.5
2026-09-21,gem,1,15.4,11.4,2.6,27.7
2026-09-21,gem,2,15.7,12.2,3,28.4
2026-09-21,gem,3,16.8,12,0,28.4
2026-09-21,gem,4,15.9,11.6,3.2,28.1
2026-09-21,gem,5,16.1,11.5,0.9,26.6
2026-09-21,gem,6,19.1,12,0.1,20.2
2026-09-21,gem,7,18.9,10.9,0.1,21.6
2026-09-21,gfs,1,16,10.9,1.3,22.2
2026-09-21,gfs,2,17,10.9,1.2,25.2
2026-09-21,gfs,3,17.6,10.6,1,24.5
2026-09-21,gfs,4,15.9,10,2.4,24.3
2026-09-21,gfs,5,16.6,9.1,0.4,22.1
2026-09-21,gfs,6,18,11.1,1.3,20
2026-09-21,gfs,7,20.4,11.1,0,14.8
2026-09-21,icon,1,17.3,9.6,0.1,26.5
2026-09-21,icon,2,16.9,13,0.9,17.8
2026-09-21,icon,3,17,10.9,0.2,17.4
2026-09-21,icon,4,18.1,11.1,1.8,17.2
2026-09-21,icon,5,17.1,11.4,0,23.5
2026-09-21,icon,6,17.9,11,0.8,15.8
2026-09-21,ukmo,1,16.7,12.4,2,23.8
2026-09-21,ukmo,2,16.6,12.5,0.3,24.8
2026-09-21,ukmo,3,17.2,13.5,0,23.8
2026-09-21,ukmo,4,17,12.9,0,22
2026-09-21,ukmo,5,17.9,11.9,2.3,23.4
2026-09-21,ukmo,6,17.4,12.8,1.5,26.6
2026-09-22,arpege,1,18,7,0,11.5
2026-09-22,arpege,2,17.6,9.2,0,12.1
2026-09-22,arpege,3,17.9,8.7,0,13.8
2026-09-22,ecmwf,1,17,7.3,0,11.2
2026-09-22,ecmwf,2,17.4,7.9,0,10.9
2026-09-22,ecmwf,3,17.1,8.8,0,11.7
2026-09-22,ecmwf,4,16.3,11.3,0,9.2
2026-09-22,ecmwf,5,17.3,9.3,0,14.5
2026-09-22,ecmwf,6,17.1,9.8,0,16.8
2026-09-22,ecmwf,7,16.5,10.2,0,12.4
2026-09-22,gem,1,17.5,6.9,0,11.5
2026-09-22,gem,2,17.6,7.6,0,12.6
2026-09-22,gem,3,18,6.5,0,14
2026-09-22,gem,4,16.6,11.3,1.6,13.3
2026-09-22,gem,5,17.4,8.1,0,15.5
2026-09-22,gem,6,18.2,8.7,0,13
2026-09-22,gem,7,21.7,6.6,0,10.1
2026-09-22,gfs,1,18.2,8,0,8.9
2026-09-22,gfs,2,18.2,8.4,0,9.7
2026-09-22,gfs,3,19.2,8.1,0,11.8
2026-09-22,gfs,4,18.7,9.2,0,10.6
2026-09-22,gfs,5,18.1,9,0,10.9
2026-09-22,gfs,6,19.1,7.9,0,14.3
2026-09-22,gfs,7,19.1,9,0,14.5
2026-09-22,icon,1,17.1,6.7,0,8.9
2026-09-22,icon,2,17.7,9.1,0,8.4
2026-09-22,icon,3,17.7,9.9,0,7.7
2026-09-22,icon,4,16.9,10,0,8.1
2026-09-22,icon,5,17.3,9.3,0,9.1
2026-09-22,icon,6,18,8.4,0,12.8
2026-09-22,ukmo,1,18.2,10,0,9.7
2026-09-22,ukmo,2,18,9.9,0,10.4
2026-09-22,ukmo,3,18,9.7,0,10.8
2026-09-22,ukmo,4,18.1,11.5,0,7.2
2026-09-22,ukmo,5,16.8,12.3,0,8.3
2026-09-22,ukmo,6,19.3,12.2,0.7,10.4
2026-09-23,arpege,1,18.9,6.5,5.9,17
2026-09-23,arpege,2,17.4,7.3,0.9,8.5
2026-09-23,arpege,3,15.8,12.2,3.8,17.7
2026-09-23,ecmwf,1,17.1,6.9,4.8,16.1
2026-09-23,ecmwf,2,17.7,6.7,0,14.8
2026-09-23,ecmwf,3,17,8.6,0,5.9
2026-09-23,ecmwf,4,18.6,8.3,0,10
2026-09-23,ecmwf,5,18.7,6.2,1.5,14.9
2026-09-23,ecmwf,6,17.8,6.2,0,10.2
2026-09-23,ecmwf,7,17.3,6.9,0,8.8
2026-09-23,gem,1,18.6,5.7,0.1,19.1
2026-09-23,gem,2,18,6.1,1.5,9.4
2026-09-23,gem,3,17.5,6.3,0.1,9.4
2026-09-23,gem,4,19.9,10.1,0,9
2026-09-23,gem,5,18.2,7.9,0,8.6
2026-09-23,gem,6,18.5,4.6,0,7.6
2026-09-23,gem,7,16.9,6.2,0.2,9.4
2026-09-23,gfs,1,19.1,9.1,0.4,20.7
2026-09-23,gfs,2,19.2,8.7,1.5,13.2
2026-09-23,gfs,3,19.4,8.7,0,8.7
2026-09-23,gfs,4,20.4,10.6,0,5.9
2026-09-23,gfs,5,19,11,0.6,11.5
2026-09-23,gfs,6,18,8.2,0,7.9
2026-09-23,gfs,7,20.4,9.6,0,9.5
2026-09-23,icon,1,18.1,7.5,6.8,14
2026-09-23,icon,2,18.2,10.7,0.5,9.5
2026-09-23,icon,3,18.1,11.2,0,6.6
2026-09-23,icon,4,18.8,10.2,2.4,7.9
2026-09-23,icon,5,17.5,10.5,0,7.9
2026-09-23,icon,6,17.7,10.3,4.2,15.3
2026-09-23,ukmo,1,19.7,9.7,0.2,17.3
2026-09-23,ukmo,2,18.5,8.4,0,10.8
2026-09-23,ukmo,3,18.6,14.2,0.3,6.8
2026-09-23,ukmo,4,17.5,14.2,9.6,16.6
2026-09-23,ukmo,5,18.7,13.3,4.1,14.4
2026-09-23,ukmo,6,18.5,12.3,20.9,19.1
2026-09-24,arpege,1,15.2,12.3,1.7,31.9
2026-09-24,arpege,2,15.7,12.2,0.9,20.8
2026-09-24,arpege,3,17.3,13.2,3.8,21.9
2026-09-24,ecmwf,1,15.2,11.2,2.4,29
2026-09-24,ecmwf,2,14.6,11.4,3.6,26.6
2026-09-24,ecmwf,3,15.7,11.2,5.4,28.9
2026-09-24,ecmwf,4,17.9,13,2.4,14
2026-09-24,ecmwf,5,18.7,10.8,9,13
2026-09-24,ecmwf,6,15.7,11,0.6,24
2026-09-24,ecmwf,7,19.2,5.5,0,13.1
2026-09-24,gem,1,14.1,11.2,3.5,28.1
2026-09-24,gem,2,14.4,11.4,16.5,33.8
2026-09-24,gem,3,16.2,10.4,2.5,21.2
2026-09-24,gem,4,16.4,8.5,1.6,20.5
2026-09-24,gem,5,20,11.1,1.9,16.2
2026-09-24,gem,6,20,9.6,1,16.9
2026-09-24,gem,7,18.2,6.8,1.6,13
2026-09-24,gfs,1,15.9,10,0.9,24.7
2026-09-24,gfs,2,16.3,11.8,2.1,26.3
2026-09-24,gfs,3,16.9,12,0,17.1
2026-09-24,gfs,4,18.5,11.8,3.9,11
2026-09-24,gfs,5,15.3,10.9,3.2,22.9
2026-09-24,gfs,6,20.7,9.8,0.5,12.7
2026-09-24,gfs,7,16.5,9.4,2.6,20.6
2026-09-24,icon,1,14.7,11.3,1.2,25.3
2026-09-24,icon,2,15.1,11.3,5.9,14.2
2026-09-24,icon,3,15.5,11.5,0,16.5
2026-09-24,icon,4,16.8,12.8,6.5,14.3
2026-09-24,icon,5,19,10.9,0,10.4
2026-09-24,icon,6,21,11,0,11.8
2026-09-24,ukmo,1,15.3,12.1,2.5,23.4
2026-09-24,ukmo,2,15.7,11.8,6.5,18.4
2026-09-24,ukmo,3,16.5,13.3,2.8,18.4
2026-09-24,ukmo,4,17.7,13,1,16.2
2026-09-24,ukmo,5,16.9,11.8,1.3,15.5
2026-09-24,ukmo,6,16.4,11.8,3.6,25.6
2026-09-26,metno,1,18.2,10.8,0,9
2026-09-26,mosmix,1,17.6,8.7,0,7.4
2026-09-27,metno,2,21.3,10.3,0,21.2
2026-09-27,mosmix,2,20.7,11.4,0,24.1
2026-09-28,metno,3,24.5,14.9,0,15.8
2026-09-28,mosmix,3,22.8,14.5,0,16.7
2026-09-29,metno,4,24.6,15.4,0,14.4
2026-09-29,mosmix,4,22.8,15.1,0,14.8
2026-09-30,metno,5,23.6,15,0,17.3
2026-09-30,mosmix,5,22.2,13.2,0,22.2
2026-10-01,metno,6,22.7,13.4,0,16.9
2026-10-01,mosmix,6,19.3,13,0,20.4
2026-10-02,metno,7,20.3,13.6,3,13.3
2026-10-02,mosmix,7,18.2,12.9,0,16.7
