target,provider,lead,tmax,tmin,precip,wind
2026-06-12,arpege,1,15.4,11.6,8.4,
2026-06-12,arpege,2,14.9,11.7,8.6,
2026-06-12,arpege,3,14.5,13.2,2.8,
2026-06-12,ecmwf,1,15.8,12.6,4.5,36.4
2026-06-12,ecmwf,2,15.5,13.3,5.7,36.4
2026-06-12,ecmwf,3,15.6,12.4,8.7,36.7
2026-06-12,ecmwf,4,15.6,13.3,7.8,36.6
2026-06-12,ecmwf,5,15.5,13,6.6,41.2
2026-06-12,ecmwf,6,15.3,13.4,9.9,44.7
2026-06-12,ecmwf,7,15,13.3,8.7,42.6
2026-06-12,gem,1,14.3,12.2,5.4,40
2026-06-12,gem,2,14.5,12.7,5.6,38.5
2026-06-12,gem,3,15,12.5,5.5,41.4
2026-06-12,gem,4,14.7,12.7,6.5,45.4
2026-06-12,gem,5,14.8,11.9,15,
2026-06-12,gem,7,14.6,12.8,2.1,50.4
2026-06-12,gfs,1,14.5,12.6,3.9,40.3
2026-06-12,gfs,2,14.2,12.2,2.4,41.3
2026-06-12,gfs,3,14.4,13.1,0.4,32.7
2026-06-12,gfs,4,14.4,11.5,4.7,34.3
2026-06-12,gfs,5,14.2,12.8,1.4,40.5
2026-06-12,gfs,6,13.5,12.8,0.6,26.3
2026-06-12,gfs,7,14.3,12.1,2.5,46.6
2026-06-12,icon,1,15.7,13.1,2.8,29.8
2026-06-12,icon,2,15.7,12.4,6.5,32.7
2026-06-12,icon,3,15.4,12.6,10.5,34.9
2026-06-12,icon,4,15.8,13.6,6,38.3
2026-06-12,icon,5,14.9,13,11.9,39.7
2026-06-12,icon,6,16.4,13.6,8.6,42
2026-06-12,ukmo,1,14.8,13.3,7.3,32
2026-06-12,ukmo,2,15.6,9.8,,
2026-06-12,ukmo,4,15.6,9.4,5.4,39.6
2026-06-12,ukmo,6,15.7,10.6,,40.7
2026-06-13,arpege,1,14.6,13.2,0,
2026-06-13,arpege,2,14.5,13.3,7.7,
2026-06-13,arpege,3,14.7,13,6.2,
2026-06-13,ecmwf,1,14.3,13,5.7,43.7
2026-06-13,ecmwf,2,14.7,13.4,3.9,43.6
2026-06-13,ecmwf,3,14.6,12.1,7.2,42.7
2026-06-13,ecmwf,4,14.7,12.5,4.2,42.9
2026-06-13,ecmwf,5,15.6,13.4,3.6,39.6
2026-06-13,ecmwf,6,15.9,13.7,3.9,44.6
2026-06-13,ecmwf,7,16.6,14.2,3.9,33.1
2026-06-13,gem,1,14,12.4,6.8,48.2
2026-06-13,gem,2,14.2,12.9,0.8,47.5
2026-06-13,gem,3,14.1,12.9,0.8,40.3
2026-06-13,gem,4,14.6,13.4,0.3,36.4
2026-06-13,gem,5,15.2,13.7,1.8,
2026-06-13,gem,7,15.6,12.6,0.6,47.2
2026-06-13,gfs,1,14.5,12.8,3.2,51.9
2026-06-13,gfs,2,14.5,13.3,2.5,49.3
2026-06-13,gfs,3,14.3,13.1,1.7,46.5
2026-06-13,gfs,4,14.5,13.2,0.3,50.2
2026-06-13,gfs,5,14.7,13.5,0.3,42.1
2026-06-13,gfs,6,14,12.5,0.4,45.3
2026-06-13,gfs,7,15.2,12.7,2.9,46.1
2026-06-13,icon,1,14.8,13,3.4,36.9
2026-06-13,icon,2,14.8,13.3,3.7,37.3
2026-06-13,icon,3,14.8,12.7,3.2,35.6
2026-06-13,icon,4,15.5,13.8,0.8,36.9
2026-06-13,icon,5,16.6,14.7,0.4,38.2
2026-06-13,icon,6,15.3,13,3.8,51.3
2026-06-13,ukmo,1,15,13.1,4.3,40.3
2026-06-13,ukmo,2,14.7,11.6,,
2026-06-13,ukmo,4,15.6,12.5,3,40.3
2026-06-13,ukmo,6,14.6,11.7,,43.6
2026-06-14,arpege,1,15,12.5,0,
2026-06-14,arpege,2,15,13,2.9,
2026-06-14,arpege,3,15.4,13,2.8,
2026-06-14,ecmwf,1,14.3,12.7,4.2,44.1
2026-06-14,ecmwf,2,14.3,12.8,5.4,44.2
2026-06-14,ecmwf,3,14.4,12.4,4.8,43.7
2026-06-14,ecmwf,4,14.5,11.7,10.5,45.1
2026-06-14,ecmwf,5,14.5,13,4.5,43.3
2026-06-14,ecmwf,6,16.5,13.9,0.9,37
2026-06-14,ecmwf,7,16.6,13.6,0.3,38.8
2026-06-14,gem,1,13.8,12.9,3.4,46.4
2026-06-14,gem,2,13.6,13.1,0.6,44.3
2026-06-14,gem,3,15.1,12.9,0.5,45.7
2026-06-14,gem,4,14.5,12.2,2.5,47.2
2026-06-14,gem,5,13.9,13.4,0,
2026-06-14,gem,7,14.2,12.9,0,43.9
2026-06-14,gfs,1,13.8,13.4,0.4,47.7
2026-06-14,gfs,2,13.9,13.5,1.8,46.6
2026-06-14,gfs,3,14,13,3.9,46.7
2026-06-14,gfs,4,13.8,13.1,0.9,50.3
2026-06-14,gfs,5,14.7,13.2,0.1,52.7
2026-06-14,gfs,6,15.5,13.8,0,36.6
2026-06-14,gfs,7,14.4,12.7,0.4,46.8
2026-06-14,icon,1,15.4,12.6,2.5,36.2
2026-06-14,icon,2,15,12.7,5.7,37.8
2026-06-14,icon,3,15.1,12.7,4.7,43.5
2026-06-14,icon,4,14.6,13.1,4,44.2
2026-06-14,icon,5,15.5,13.7,0.1,48.4
2026-06-14,icon,6,17.3,13.1,0.4,52.5
2026-06-14,ukmo,1,13.9,12.9,0.3,35.3
2026-06-14,ukmo,2,14.9,11.8,,
2026-06-14,ukmo,4,16.2,11.4,2,32.4
2026-06-14,ukmo,6,15.3,12,,34.2
2026-06-15,arpege,1,14.5,12.8,0,
2026-06-15,arpege,2,14.8,13.1,0,
2026-06-15,arpege,3,14.7,13.3,0,
2026-06-15,ecmwf,1,13.7,12.5,0.3,40.8
2026-06-15,ecmwf,2,13.7,12.3,0.9,40.8
2026-06-15,ecmwf,3,13.6,12.1,0.3,42.6
2026-06-15,ecmwf,4,13.7,12.8,0.9,39.6
2026-06-15,ecmwf,5,13.3,12.2,1.2,41.4
2026-06-15,ecmwf,6,15.4,12.4,0.9,34.7
2026-06-15,ecmwf,7,14.9,13.2,0.3,30.5
2026-06-15,gem,1,13.6,12.7,0,49
2026-06-15,gem,2,13.7,12.8,0,46.1
2026-06-15,gem,3,14.8,12.4,0.1,44.6
2026-06-15,gem,4,14.4,12.7,0,32.8
2026-06-15,gem,5,14.3,12.9,0,
2026-06-15,gem,7,16.7,13,1.2,41.8
2026-06-15,gfs,1,13.3,12.7,0.4,52
2026-06-15,gfs,2,13.4,12.7,0.4,52
2026-06-15,gfs,3,13.9,12.7,0.4,52.1
2026-06-15,gfs,4,13.7,12.9,0.1,53.5
2026-06-15,gfs,5,13.8,13,0,41.4
2026-06-15,gfs,6,15.9,12.8,0.6,45.7
2026-06-15,gfs,7,16.5,13.4,0.3,39.7
2026-06-15,icon,1,14.3,12.2,0,38.3
2026-06-15,icon,2,14.3,13.1,0,40
2026-06-15,icon,3,14.3,13.1,0.4,38.7
2026-06-15,icon,4,14.8,13.4,0.1,41.2
2026-06-15,icon,5,15.2,13.2,0,38.5
2026-06-15,icon,6,15.4,13.2,0.3,34
2026-06-15,ukmo,1,13.7,12.6,0,45.4
2026-06-15,ukmo,2,14.6,11.6,0,34.2
2026-06-15,ukmo,3,14.8,11.4,0,34.9
2026-06-15,ukmo,4,14.2,11.7,0,40.7
2026-06-15,ukmo,5,14.4,11.8,0,27.4
2026-06-15,ukmo,6,14.1,11.8,0,38.2
2026-06-16,arpege,1,14.3,11.6,0,
2026-06-16,arpege,2,14.7,12.6,0,
2026-06-16,arpege,3,14.7,12.7,0,
2026-06-16,ecmwf,1,14.2,12.3,0,25.3
2026-06-16,ecmwf,2,13.7,12.3,0.3,26
2026-06-16,ecmwf,3,13.8,12,0,25.5
2026-06-16,ecmwf,4,14.2,12,0,25.4
2026-06-16,ecmwf,5,16.2,12.3,0,30.9
2026-06-16,ecmwf,6,14,12.1,0,31.3
2026-06-16,ecmwf,7,18.8,12.1,0,27.9
2026-06-16,gem,1,12.7,11.7,0.4,31
2026-06-16,gem,2,12.8,12.3,0,32
2026-06-16,gem,3,12.9,11.9,0,32.8
2026-06-16,gem,4,16.2,12.2,0,31.7
2026-06-16,gem,5,16,12.6,0.6,
2026-06-16,gem,7,15.7,12.9,0,32
2026-06-16,gfs,1,13,12.2,0.4,31.3
2026-06-16,gfs,2,13,12,0,33.5
2026-06-16,gfs,3,13.5,12.6,0,40.6
2026-06-16,gfs,4,13.8,12.7,0.6,43.8
2026-06-16,gfs,5,13.5,12.8,0,41.3
2026-06-16,gfs,6,15.5,12.7,0,31.9
2026-06-16,gfs,7,16.2,14.2,0.3,25.1
2026-06-16,icon,1,14.2,11.9,0,22.9
2026-06-16,icon,2,14.3,12.8,0,28
2026-06-16,icon,3,14.5,12.8,0,28.8
2026-06-16,icon,4,16.4,13,0,29.5
2026-06-16,icon,5,16,12.4,0,46.2
2026-06-16,icon,6,15.5,12.6,0,24
2026-06-16,ukmo,1,13.2,12.3,0,32.4
2026-06-16,ukmo,2,13.5,10.4,0,21.2
2026-06-16,ukmo,3,13.5,8.6,0,22.3
2026-06-16,ukmo,4,13.8,10.6,0,29.5
2026-06-16,ukmo,5,14.3,11.1,0.3,34.9
2026-06-16,ukmo,6,17.2,11.5,0,25.6
2026-06-17,arpege,1,17.7,11.3,0.2,
2026-06-17,arpege,2,16.3,12.4,0.4,
2026-06-17,arpege,3,16.8,11.7,1.1,
2026-06-17,ecmwf,1,17.2,11.4,1.2,26.7
2026-06-17,ecmwf,2,16.8,12.3,0,22.3
2026-06-17,ecmwf,3,16.7,12,0.6,25
2026-06-17,ecmwf,4,17,12.3,5.7,28.8
2026-06-17,ecmwf,5,16.6,15.3,2.7,29.7
2026-06-17,ecmwf,6,16.8,13.7,2.1,26.8
2026-06-17,ecmwf,7,15.6,12.2,0,19.1
2026-06-17,gem,1,16.1,12.4,0.9,28.4
2026-06-17,gem,2,15.3,12.7,0.1,24.1
2026-06-17,gem,3,16.9,12.8,0.5,27.4
2026-06-17,gem,4,17.3,14.4,0,30.6
2026-06-17,gem,5,17.8,15.1,1.2,
2026-06-17,gem,7,19,13.4,0.3,31.3
2026-06-17,gfs,1,15.2,12.7,0.8,30.9
2026-06-17,gfs,2,15.6,12.8,1.2,31.8
2026-06-17,gfs,3,15.9,12.7,0.6,29.6
2026-06-17,gfs,4,16.2,13.9,4.6,32.1
2026-06-17,gfs,5,15.5,13.4,0.1,30.5
2026-06-17,gfs,6,15.7,14.1,0.6,35.9
2026-06-17,gfs,7,17.3,15.2,1.3,42.3
2026-06-17,icon,1,16.4,11.3,2.4,23.6
2026-06-17,icon,2,16.5,13.4,1.6,22.6
2026-06-17,icon,3,17.3,13.8,2,22.5
2026-06-17,icon,4,17,14.9,1,23.7
2026-06-17,icon,5,17.8,16,2.4,29.2
2026-06-17,icon,6,18.7,12.9,0.3,27.8
2026-06-17,ukmo,1,15.8,12.5,1.8,34.9
2026-06-17,ukmo,2,16.9,10.3,0.5,23
2026-06-17,ukmo,3,18.5,6.4,1.5,24.8
2026-06-17,ukmo,4,18.3,9.5,0.4,25.2
2026-06-17,ukmo,5,16.5,8.4,1.4,22
2026-06-17,ukmo,6,18.1,13.8,1.1,23.4
2026-06-18,arpege,1,19.8,14.2,0,
2026-06-18,arpege,2,20.2,13.6,0,
2026-06-18,arpege,3,20.4,13.1,0.1,
2026-06-18,ecmwf,1,18.4,15.6,0,22.1
2026-06-18,ecmwf,2,18.5,16,0.3,21.3
2026-06-18,ecmwf,3,18,15.6,1.2,20.9
2026-06-18,ecmwf,4,18.3,15.6,0.9,21.7
2026-06-18,ecmwf,5,17.8,14.7,0,26
2026-06-18,ecmwf,6,16.8,14.3,0.6,33.9
2026-06-18,ecmwf,7,19.1,15.6,0,23.5
2026-06-18,gem,1,17,14.6,2,24.5
2026-06-18,gem,2,16.1,14.7,1.2,19.4
2026-06-18,gem,3,16.6,15.3,0.6,24.8
2026-06-18,gem,4,17,15.3,0,21.2
2026-06-18,gem,5,16.6,15.4,1.1,
2026-06-18,gem,7,17,15.1,0.6,32
2026-06-18,gfs,1,16.3,15.1,0.4,25.1
2026-06-18,gfs,2,16,15.1,0.4,23.8
2026-06-18,gfs,3,16.4,15.4,0.6,24.6
2026-06-18,gfs,4,16.2,15.3,0.4,25
2026-06-18,gfs,5,16,15.2,0,28.4
2026-06-18,gfs,6,16,15.5,0.2,33.1
2026-06-18,gfs,7,17,13.3,0,33.2
2026-06-18,icon,1,18.6,14.4,0,20.4
2026-06-18,icon,2,17.3,15.3,0.6,20.4
2026-06-18,icon,3,18.1,15.8,0,21.4
2026-06-18,icon,4,18.1,16,0.2,19.1
2026-06-18,icon,5,18.8,15.4,0,36.3
2026-06-18,icon,6,18.7,16.3,0,17.4
2026-06-18,ukmo,1,16.6,14.6,0,29.5
2026-06-18,ukmo,2,21.1,14.6,0,20.2
2026-06-18,ukmo,3,19.6,14,3.5,19.1
2026-06-18,ukmo,4,20.1,13.1,0,16.2
2026-06-18,ukmo,5,20.2,14,0,24.8
2026-06-18,ukmo,6,20.7,13.5,0,25.6
2026-06-19,arpege,1,25.3,15.4,0,
2026-06-19,arpege,2,26.3,16.1,0.1,
2026-06-19,arpege,3,26.4,13.2,0,
2026-06-19,ecmwf,1,24.7,16,3.9,18.4
2026-06-19,ecmwf,2,24.6,16.4,0.3,18.2
2026-06-19,ecmwf,3,25,16.1,2.7,23.2
2026-06-19,ecmwf,4,25,15.3,0,18.8
2026-06-19,ecmwf,5,23.8,14.5,1.2,21.9
2026-06-19,ecmwf,6,24.4,14.4,14.1,28.4
2026-06-19,ecmwf,7,20.3,15.6,0,16.8
2026-06-19,gem,1,22.5,14.8,0,27
2026-06-19,gem,2,22.4,15.5,7.7,40
2026-06-19,gem,3,21.7,15.2,9.3,24.8
2026-06-19,gem,4,21.3,15.4,0.3,22.7
2026-06-19,gem,5,22.5,15.8,4.4,
2026-06-19,gem,7,20.1,14.8,8.4,26.6
2026-06-19,gfs,1,20.8,16,1,17.7
2026-06-19,gfs,2,20.4,15.9,1.3,18.8
2026-06-19,gfs,3,20.4,15.9,0.2,18.3
2026-06-19,gfs,4,20.2,15.5,0,17.4
2026-06-19,gfs,5,22,15.3,0.3,20.2
2026-06-19,gfs,6,20.8,15.5,0.3,25.5
2026-06-19,gfs,7,21.8,15.4,0.7,32
2026-06-19,icon,1,25.2,15.2,0,14.7
2026-06-19,icon,2,22.8,16.1,0,18.7
2026-06-19,icon,3,22,16.5,2.1,18.9
2026-06-19,icon,4,21.9,15.7,6.2,16.4
2026-06-19,icon,5,21.5,16,3.6,21.3
2026-06-19,icon,6,23.4,14.8,0,16.2
2026-06-19,ukmo,1,22.2,16.3,0.3,23.8
2026-06-19,ukmo,2,29.2,13.5,0,15.8
2026-06-19,ukmo,3,29.6,14.1,0.3,23
2026-06-19,ukmo,4,26.9,13.4,0.6,18.7
2026-06-19,ukmo,5,30.1,8.7,0.7,19.1
2026-06-19,ukmo,6,26.9,11.9,0.5,20.9
2026-06-20,arpege,1,22.3,16.5,10.4,
2026-06-20,arpege,2,22.3,16.6,1.8,
2026-06-20,arpege,3,22.7,16.7,0.4,
2026-06-20,ecmwf,1,20.5,17.1,0,17.7
2026-06-20,ecmwf,2,20.6,16.8,10.5,21.3
2026-06-20,ecmwf,3,21.4,16.5,0,22.3
2026-06-20,ecmwf,4,20.2,16.9,0,21.2
2026-06-20,ecmwf,5,20.9,17.5,2.7,20.2
2026-06-20,ecmwf,6,20.4,16.7,0,22.8
2026-06-20,ecmwf,7,20.9,15.7,0,23.4
2026-06-20,gem,1,17.7,15.1,4.3,42.1
2026-06-20,gem,2,18.3,14.7,2.7,24.8
2026-06-20,gem,3,18,16,14.3,28.8
2026-06-20,gem,4,18.7,15.7,3.3,24.1
2026-06-20,gem,5,18.7,16,2.4,
2026-06-20,gem,7,18.4,16.7,4.8,36.4
2026-06-20,gfs,1,18.9,15.9,6.2,44.3
2026-06-20,gfs,2,20.1,15.5,5,36.2
2026-06-20,gfs,3,20.7,16,6.7,24.7
2026-06-20,gfs,4,20.2,14.9,3.9,26.6
2026-06-20,gfs,5,19.7,16.1,1.5,25.3
2026-06-20,gfs,6,18.5,15.8,1.5,24.9
2026-06-20,gfs,7,17.8,15.2,0.9,37.4
2026-06-20,icon,1,21.6,15.5,1.2,26.4
2026-06-20,icon,2,18.9,15.5,1.4,16.3
2026-06-20,icon,3,20.6,14.9,2.1,20.7
2026-06-20,icon,4,19.8,15.6,4.3,19.5
2026-06-20,icon,5,18.2,15.3,1.8,19.5
2026-06-20,icon,6,20.3,15.3,0.9,24.3
2026-06-20,ukmo,1,21.3,16.5,0,26.3
2026-06-20,ukmo,2,27.8,16,0.1,23.4
2026-06-20,ukmo,3,24,16,0.9,20.5
2026-06-20,ukmo,4,24.9,15.1,1.8,20.2
2026-06-20,ukmo,5,24.6,14.7,1,15.5
2026-06-20,ukmo,6,32.2,16.1,0.5,23.8
2026-06-21,arpege,1,19.3,15.1,0,
2026-06-21,arpege,2,18.9,13.8,0,
2026-06-21,arpege,3,19.3,12.9,0,
2026-06-21,ecmwf,1,18,16.1,0,24.2
2026-06-21,ecmwf,2,18.3,15.4,0,23.9
2026-06-21,ecmwf,3,17.8,16,0,22
2026-06-21,ecmwf,4,17.8,15.5,0,18.2
2026-06-21,ecmwf,5,18.2,16.2,0,17.2
2026-06-21,ecmwf,6,22.1,16.6,3.3,15.8
2026-06-21,ecmwf,7,17.5,15.8,0.3,22.7
2026-06-21,gem,1,16,14,0,25.9
2026-06-21,gem,2,14.8,13.8,0,28.1
2026-06-21,gem,3,15.9,14.6,0,29.5
2026-06-21,gem,4,15.7,14,0,22.7
2026-06-21,gem,5,16.8,15,0,26.6
2026-06-21,gem,6,22.9,16.5,1.5,28.1
2026-06-21,gem,7,20.6,15.8,0,17.3
2026-06-21,gfs,1,16,15.2,0,28.6
2026-06-21,gfs,2,15.9,14.8,0,24.7
2026-06-21,gfs,3,15.8,14.5,0,19.7
2026-06-21,gfs,4,15.9,14.1,0,30.5
2026-06-21,gfs,5,16,14.6,0,21.8
2026-06-21,gfs,6,17.7,14.9,0,18
2026-06-21,gfs,7,16.8,14.8,1.4,36.6
2026-06-21,icon,1,17.9,14.5,0,23.1
2026-06-21,icon,2,16.7,14.9,0,22.2
2026-06-21,icon,3,16.7,13.3,0,18.7
2026-06-21,icon,4,16.4,14.2,0,20.6
2026-06-21,icon,5,17.2,14.7,0,19.8
2026-06-21,icon,6,19.3,15,0,16.9
2026-06-21,ukmo,1,17.8,14.6,0,31.7
2026-06-21,ukmo,2,20.9,12.9,0,15.8
2026-06-21,ukmo,3,20.7,12.6,0,17.6
2026-06-21,ukmo,4,21.2,12.4,0,18
2026-06-21,ukmo,5,20.9,13.3,0,13
2026-06-21,ukmo,6,26.3,14.2,0.5,17.3
2026-06-22,arpege,1,17.5,13.9,0,
2026-06-22,arpege,2,17.2,15.1,0,
2026-06-22,arpege,3,19.4,14.8,0,
2026-06-22,ecmwf,1,16.6,14.2,0,26.1
2026-06-22,ecmwf,2,16.6,14.4,0,25.5
2026-06-22,ecmwf,3,17.3,14.5,0,26.5
2026-06-22,ecmwf,4,18.2,14.3,0,21
2026-06-22,ecmwf,5,22.4,14.1,0,14.4
2026-06-22,ecmwf,6,23,18.6,2.7,24.2
2026-06-22,ecmwf,7,24.2,15.9,4.5,20.5
2026-06-22,gem,1,15.6,14.4,0,28.8
2026-06-22,gem,2,14.6,13.6,0,28.4
2026-06-22,gem,3,15.2,14.1,0,28.1
2026-06-22,gem,4,15.7,14.3,0,30.6
2026-06-22,gem,5,16.4,13.9,0,26.6
2026-06-22,gem,6,21.4,15.2,2.5,25.9
2026-06-22,gem,7,21.5,14.6,0.8,36.4
2026-06-22,gfs,1,15.5,14.3,0,24.9
2026-06-22,gfs,2,15.5,14.2,0,24.6
2026-06-22,gfs,3,15.2,13.5,0,22.9
2026-06-22,gfs,4,15.2,14.3,0,24.9
2026-06-22,gfs,5,15.4,14.2,0,37.1
2026-06-22,gfs,6,19.9,15.7,0.4,27.3
2026-06-22,gfs,7,19.7,14.5,0.4,42
2026-06-22,icon,1,16.4,13.6,0,24.7
2026-06-22,icon,2,16.8,13.1,0,24.6
2026-06-22,icon,3,17.5,13.8,0,20.9
2026-06-22,icon,4,19.6,14.4,0,15.1
2026-06-22,icon,5,16.3,13.8,0,16.6
2026-06-22,icon,6,18,13.9,0,23.2
2026-06-22,ukmo,1,16.9,15.4,0,30.6
2026-06-22,ukmo,2,19.4,10.1,0,22
2026-06-22,ukmo,3,22.4,10.4,0,20.2
2026-06-22,ukmo,4,22,10.3,0,16.9
2026-06-22,ukmo,5,21.2,8.6,0,17.3
2026-06-22,ukmo,6,24.8,14.5,0.5,20.2
2026-06-23,arpege,1,18.6,13.6,0,
2026-06-23,arpege,2,19.2,14.5,0,
2026-06-23,arpege,3,19.8,14,0,
2026-06-23,ecmwf,1,18.1,13.6,0,19.5
2026-06-23,ecmwf,2,18,13.9,0,16.9
2026-06-23,ecmwf,3,18.3,13.9,0,20.5
2026-06-23,ecmwf,4,17.9,12.6,0,18.2
2026-06-23,ecmwf,5,23.8,17,0.6,22.3
2026-06-23,ecmwf,6,27.5,14,8.1,27.6
2026-06-23,ecmwf,7,21.2,16,8.1,38.5
2026-06-23,gem,1,17,14.4,0,25.2
2026-06-23,gem,2,16.7,14.5,0,22.7
2026-06-23,gem,3,16.2,13.9,0,25.9
2026-06-23,gem,4,16.4,13.6,0,29.2
2026-06-23,gem,5,16.5,14.2,0,24.1
2026-06-23,gem,6,19,14.5,1.4,27.7
2026-06-23,gem,7,17.9,14.3,3.8,43.2
2026-06-23,gfs,1,17.2,14.7,0,22.9
2026-06-23,gfs,2,17.4,14.4,0,21.9
2026-06-23,gfs,3,16.9,14.5,0,21
2026-06-23,gfs,4,16.9,13.8,0,18.4
2026-06-23,gfs,5,17.4,14.2,0,27.8
2026-06-23,gfs,6,15.7,13.6,0,33.9
2026-06-23,gfs,7,17.4,14.2,1.3,46.8
2026-06-23,icon,1,19.1,14.2,0,16.8
2026-06-23,icon,2,18.6,15.1,0,11.6
2026-06-23,icon,3,20.6,13.5,0,18.1
2026-06-23,icon,4,20.3,15.7,0,16.3
2026-06-23,icon,5,20.1,15,0.9,21.6
2026-06-23,icon,6,18,13.3,0,23.2
2026-06-23,ukmo,1,17.5,15,0,24.8
2026-06-23,ukmo,2,21.2,8,0,16.6
2026-06-23,ukmo,3,21.1,8.9,0,16.9
2026-06-23,ukmo,4,20.5,11.6,0,17.6
2026-06-23,ukmo,5,24.6,9.6,0,15.8
2026-06-23,ukmo,6,25,12.6,0.3,24.1
2026-06-24,arpege,1,23.1,14.7,0,
2026-06-24,arpege,2,22.3,16.5,0,
2026-06-24,arpege,3,22.9,16.8,0,
2026-06-24,ecmwf,1,21.6,16.4,0,12.6
2026-06-24,ecmwf,2,21.4,15.9,0,15.9
2026-06-24,ecmwf,3,21,15.5,0,12.6
2026-06-24,ecmwf,4,21.1,15.7,3,20.1
2026-06-24,ecmwf,5,21,17.5,1.8,18.4
2026-06-24,ecmwf,6,18,15,0,34.6
2026-06-24,ecmwf,7,17.5,15.2,0,32.6
2026-06-24,gem,1,19.2,17.1,0,18.4
2026-06-24,gem,2,19.3,16,0,18
2026-06-24,gem,3,19.6,15.9,0,18.7
2026-06-24,gem,4,19.1,15.1,0,18.7
2026-06-24,gem,5,19.7,15.4,0,27
2026-06-24,gem,6,19.7,15.6,0,27.4
2026-06-24,gem,7,17.4,15.3,0.1,30.6
2026-06-24,gfs,1,18,17,0,16.4
2026-06-24,gfs,2,17.9,17,0,17.3
2026-06-24,gfs,3,17.4,16.6,0,24.5
2026-06-24,gfs,4,17.2,16.7,0,20.5
2026-06-24,gfs,5,17.4,15.3,0,20.7
2026-06-24,gfs,6,15.4,14,0,33.2
2026-06-24,gfs,7,15,14.2,0,33.4
2026-06-24,icon,1,22.2,16.8,0,11.4
2026-06-24,icon,2,21,17.5,0,14.3
2026-06-24,icon,3,21.7,17.1,0,19.3
2026-06-24,icon,4,18.2,16.5,0,31.4
2026-06-24,icon,5,17.2,15.2,0,35.3
2026-06-24,icon,6,16.1,14.6,0,32.2
2026-06-24,ukmo,1,19.6,17.6,0,17.6
2026-06-24,ukmo,2,25.6,12.7,0,17.6
2026-06-24,ukmo,3,28.8,14.4,0,15.1
2026-06-24,ukmo,4,25.9,11.9,0,18.4
2026-06-24,ukmo,5,26.8,11.4,0,12.6
2026-06-24,ukmo,6,25.8,12.9,0,24.8
2026-06-25,arpege,1,19.2,15,0,
2026-06-25,arpege,2,19.6,15.4,0,
2026-06-25,arpege,3,23.3,17.5,0,
2026-06-25,ecmwf,1,18.1,16.8,0,25.3
2026-06-25,ecmwf,2,18.1,17.1,0,25
2026-06-25,ecmwf,3,19.5,17.3,0,23.1
2026-06-25,ecmwf,4,22.4,16.8,0,18.8
2026-06-25,ecmwf,5,20.5,15.6,0,31.6
2026-06-25,ecmwf,6,16.8,14.7,0,33.1
2026-06-25,ecmwf,7,15.6,14.4,0,41.5
2026-06-25,gem,1,17.5,15.3,0,29.5
2026-06-25,gem,2,17.5,15.4,0,25.9
2026-06-25,gem,3,18.5,16.1,0,20.9
2026-06-25,gem,4,17.8,16.1,0,24.5
2026-06-25,gem,5,17,15.3,0,29.2
2026-06-25,gem,6,16.9,14.1,0,40.3
2026-06-25,gem,7,15.3,14,0,40
2026-06-25,gfs,1,17.5,15.6,0,29.2
2026-06-25,gfs,2,16.6,15.6,0,26
2026-06-25,gfs,3,17.1,15.6,0,22.5
2026-06-25,gfs,4,17,15.2,0,20.6
2026-06-25,gfs,5,16.9,14.4,0,33.9
2026-06-25,gfs,6,16.6,13.7,0,42.6
2026-06-25,gfs,7,15.6,13.4,0,38.8
2026-06-25,icon,1,18.3,15.2,0,27.9
2026-06-25,icon,2,18.3,16.8,0,24.5
2026-06-25,icon,3,18.3,16.6,0,26.5
2026-06-25,icon,4,19.1,15.6,0,26.7
2026-06-25,icon,5,16.8,14.9,0,32
2026-06-25,icon,6,15.8,14.1,0,40.5
2026-06-25,ukmo,1,18.3,15.8,0,32.4
2026-06-25,ukmo,2,18.9,14.4,0,23
2026-06-25,ukmo,3,24.5,14,0,21.6
2026-06-25,ukmo,4,22.8,15.1,0,17.6
2026-06-25,ukmo,5,20,12.8,0,25.2
2026-06-25,ukmo,6,26.6,14,0,21.6
2026-06-26,arpege,1,28.9,15,0,
2026-06-26,arpege,2,30.7,16.5,0,
2026-06-26,arpege,3,30.1,16.3,0,
2026-06-26,ecmwf,1,26.9,14.6,0,18.6
2026-06-26,ecmwf,2,27.4,14.7,0,19.7
2026-06-26,ecmwf,3,27.9,15.2,0,20.1
2026-06-26,ecmwf,4,27.7,17.9,0,21.7
2026-06-26,ecmwf,5,28.8,20.3,0,21.9
2026-06-26,ecmwf,6,29.4,14.6,0,23.7
2026-06-26,ecmwf,7,18.3,14.6,0,25
2026-06-26,gem,1,24.5,16.5,0,19.1
2026-06-26,gem,2,24.4,16.5,0,23
2026-06-26,gem,3,24,17.6,0,26.3
2026-06-26,gem,4,24.8,17.4,0,32.4
2026-06-26,gem,5,23,16.1,0,22.7
2026-06-26,gem,6,21.8,14.7,0,25.9
2026-06-26,gem,7,16,13.4,0,33.1
2026-06-26,gfs,1,22.5,16.5,0,18.8
2026-06-26,gfs,2,22.3,16.1,0,21.3
2026-06-26,gfs,3,22.5,16.8,0,18.9
2026-06-26,gfs,4,22.2,16.7,0,18.6
2026-06-26,gfs,5,23.4,16.8,0,20
2026-06-26,gfs,6,22.1,15.2,0,28.8
2026-06-26,gfs,7,18.1,13.5,0,29.5
2026-06-26,icon,1,26.8,16,0,17.6
2026-06-26,icon,2,26.2,16.7,0,15.8
2026-06-26,icon,3,25.7,17.6,0,17.4
2026-06-26,icon,4,25.6,18.1,0,18.6
2026-06-26,icon,5,24.5,16.5,0,21
2026-06-26,icon,6,22.8,14.6,0,21.4
2026-06-26,ukmo,1,23.3,16.9,0,21.6
2026-06-26,ukmo,2,33.7,11.7,0,21.6
2026-06-26,ukmo,3,33.6,12.2,0,23.4
2026-06-26,ukmo,4,35.2,14.7,0,25.2
2026-06-26,ukmo,5,32.6,12.8,0,27.7
2026-06-26,ukmo,6,31.6,13.7,0,23
2026-06-27,arpege,1,27.8,19.3,0,
2026-06-27,arpege,2,23.7,19.5,0,
2026-06-27,arpege,3,24.5,19.5,0,
2026-06-27,ecmwf,1,24.4,20.5,0,18.6
2026-06-27,ecmwf,2,24.8,21.5,0,19.4
2026-06-27,ecmwf,3,24.8,20.9,0,20.3
2026-06-27,ecmwf,4,24.7,21.3,0,23.3
2026-06-27,ecmwf,5,26,21.4,0,22.7
2026-06-27,ecmwf,6,24.2,18.4,0.9,16.2
2026-06-27,ecmwf,7,24.9,18.2,0,27.6
2026-06-27,gem,1,23.4,19.4,2.4,31.7
2026-06-27,gem,2,22.9,18.3,10.5,25.9
2026-06-27,gem,3,23,18.1,10.1,29.5
2026-06-27,gem,4,23,18.6,15,30.2
2026-06-27,gem,5,22.6,18.5,2.4,31
2026-06-27,gem,6,20.8,18.3,1.2,37.8
2026-06-27,gem,7,21.5,15.8,5.6,21.2
2026-06-27,gfs,1,20.9,18,0.8,22.3
2026-06-27,gfs,2,21.2,17.7,0.4,24.4
2026-06-27,gfs,3,21.4,17.6,4.8,25.3
2026-06-27,gfs,4,21.1,17.4,0,23.1
2026-06-27,gfs,5,21.5,17.5,0,21.3
2026-06-27,gfs,6,19.7,16.4,0,26.4
2026-06-27,gfs,7,21.8,16.6,0,25.1
2026-06-27,icon,1,26.1,20.1,0,15.4
2026-06-27,icon,2,23.4,20.5,2.2,19.5
2026-06-27,icon,3,23.5,20,0,18.7
2026-06-27,icon,4,23,19.3,0.2,19.7
2026-06-27,icon,5,24.5,20.2,2.1,24.9
2026-06-27,icon,6,22.2,18.8,0,20.1
2026-06-27,ukmo,1,22.4,19.8,0.1,20.5
2026-06-27,ukmo,2,28.8,22.1,0.2,15.5
2026-06-27,ukmo,3,27.3,17.7,3,15.5
2026-06-27,ukmo,4,27.2,20.5,0.3,21.2
2026-06-27,ukmo,5,33.6,17.3,0,19.1
2026-06-27,ukmo,6,29.2,16.2,6.5,13.7
2026-06-28,arpege,1,24.6,18.6,1.4,
2026-06-28,arpege,2,22.1,19.1,4.9,
2026-06-28,arpege,3,26.8,19.1,0.5,
2026-06-28,ecmwf,1,21.8,19.5,11.1,20.6
2026-06-28,ecmwf,2,22.6,19.7,4.5,18
2026-06-28,ecmwf,3,24.9,19.1,2.7,22
2026-06-28,ecmwf,4,29.7,19.5,0.6,22
2026-06-28,ecmwf,5,26.5,19.7,0,19.9
2026-06-28,ecmwf,6,31,20,0,22.8
2026-06-28,ecmwf,7,22.8,17.7,1.2,19.6
2026-06-28,gem,1,20.1,18.3,4.7,25.2
2026-06-28,gem,2,20.3,18.3,2.9,22
2026-06-28,gem,3,19.4,18,6.6,31
2026-06-28,gem,4,19,18.2,4.4,29.2
2026-06-28,gem,5,19.4,18,3.6,23.8
2026-06-28,gem,6,19.2,16.5,9.6,32.4
2026-06-28,gem,7,18.9,17,0,23.4
2026-06-28,gfs,1,19.6,18.1,1.9,27.1
2026-06-28,gfs,2,19.4,17.9,1,24.2
2026-06-28,gfs,3,20.4,18.2,1.6,26
2026-06-28,gfs,4,20,17.3,5.3,42.8
2026-06-28,gfs,5,20.8,16.8,3.3,26.2
2026-06-28,gfs,6,17.6,16.4,0,27.9
2026-06-28,gfs,7,18.9,16.4,0.3,29.2
2026-06-28,icon,1,23.9,18.3,2.5,23.2
2026-06-28,icon,2,21.7,19.3,4.5,15.8
2026-06-28,icon,3,23.3,18.6,9.6,31.8
2026-06-28,icon,4,23,18.4,1.4,19.9
2026-06-28,icon,5,21.4,18.2,4.2,16.8
2026-06-28,icon,6,20.1,18,0,23
2026-06-28,ukmo,1,21,19.5,2.5,32
2026-06-28,ukmo,2,27.8,19.8,17.7,19.8
2026-06-28,ukmo,3,29,19.3,8.5,23.4
2026-06-28,ukmo,4,27.6,17.5,9,29.9
2026-06-28,ukmo,5,26.7,17.2,11.4,29.5
2026-06-28,ukmo,6,26.3,18.2,4.5,13.3
2026-06-29,arpege,1,20.8,17.3,0,
2026-06-29,arpege,2,19.7,17.4,0.2,
2026-06-29,arpege,3,20.3,17.3,0.2,
2026-06-29,ecmwf,1,19.8,17.4,0,22.2
2026-06-29,ecmwf,2,19.9,17.1,0.3,22.3
2026-06-29,ecmwf,3,20.4,17.2,0,22.7
2026-06-29,ecmwf,4,19.5,17.2,0,25.3
2026-06-29,ecmwf,5,20.6,18.4,0.6,29
2026-06-29,ecmwf,6,22.4,17.9,0.6,20.5
2026-06-29,ecmwf,7,21.2,17.6,16.8,27.7
2026-06-29,gem,1,18.4,17.4,0,27
2026-06-29,gem,2,18.2,16.5,0,20.9
2026-06-29,gem,3,18.7,17.2,0.1,26.3
2026-06-29,gem,4,18.1,16.8,0,24.8
2026-06-29,gem,5,18.3,16.7,0,34.6
2026-06-29,gem,6,18.3,16.7,0,32.4
2026-06-29,gem,7,18.2,16.6,0,25.2
2026-06-29,gfs,1,18.5,17.2,0.2,21.5
2026-06-29,gfs,2,18.1,16.9,0,22.5
2026-06-29,gfs,3,18,16.7,0,25.4
2026-06-29,gfs,4,17.4,16.2,0.2,31.4
2026-06-29,gfs,5,17.5,15.9,0,22.7
2026-06-29,gfs,6,17,15.6,0,28.8
2026-06-29,gfs,7,17.7,15.7,0.8,37.3
2026-06-29,icon,1,20.5,17.1,0,21.9
2026-06-29,icon,2,20.2,17.9,0,20.6
2026-06-29,icon,3,19.7,17.4,0,20.8
2026-06-29,icon,4,18.6,17.6,0.1,31
2026-06-29,icon,5,18.1,16.4,1.1,29.1
2026-06-29,icon,6,18.7,16.2,0,20.5
2026-06-29,ukmo,1,19.9,18.3,0,25.2
2026-06-29,ukmo,2,21.7,15.7,0,24.8
2026-06-29,ukmo,3,20.6,16.9,0,24.5
2026-06-29,ukmo,4,19.7,16.6,1.2,32.8
2026-06-29,ukmo,5,19.5,15.9,0,28.8
2026-06-29,ukmo,6,20.8,15.8,2.5,23.8
2026-06-30,arpege,1,21.3,15,0.4,
2026-06-30,arpege,2,19.9,16.3,0,
2026-06-30,arpege,3,18.8,16.1,0,
2026-06-30,ecmwf,1,19.2,15.8,0,19.8
2026-06-30,ecmwf,2,19.7,15.5,0,15.5
2026-06-30,ecmwf,3,18,15.1,0,14
2026-06-30,ecmwf,4,18.6,15,0,20.3
2026-06-30,ecmwf,5,18.4,15.7,0,24.5
2026-06-30,ecmwf,6,18,16.3,0,16.4
2026-06-30,ecmwf,7,18,16.3,0,20.5
2026-06-30,gem,1,18.6,16.8,0,20.2
2026-06-30,gem,2,19.7,16.4,0,20.2
2026-06-30,gem,3,18.3,16.3,0,19.4
2026-06-30,gem,4,17.8,16.3,0,27
2026-06-30,gem,5,17.2,16,0,27.7
2026-06-30,gem,6,17.3,16.6,0,24.1
2026-06-30,gem,7,17.4,16.5,0,25.2
2026-06-30,gfs,1,17.6,16.6,0.2,19.6
2026-06-30,gfs,2,17.4,16.1,0,19
2026-06-30,gfs,3,16.6,15.6,0,20.2
2026-06-30,gfs,4,16.3,15.3,0,26
2026-06-30,gfs,5,15.9,15.2,0,33.7
2026-06-30,gfs,6,16.2,15.3,0,31.3
2026-06-30,gfs,7,16.3,15.3,0,25.2
2026-06-30,icon,1,21.5,16,0.1,23.2
2026-06-30,icon,2,19.9,17.2,0.2,12.7
2026-06-30,icon,3,19.4,16.8,0,13.5
2026-06-30,icon,4,18.9,16.6,0,16.5
2026-06-30,icon,5,17.9,16.4,0.2,23.5
2026-06-30,icon,6,17.9,15.6,0,25.3
2026-06-30,ukmo,1,19.4,18,0.7,23.8
2026-06-30,ukmo,2,21.1,14.9,0,11.2
2026-06-30,ukmo,3,19.4,15,0,11.2
2026-06-30,ukmo,4,19.8,14.9,0,15.5
2026-06-30,ukmo,5,20.4,15,0,19.8
2026-06-30,ukmo,6,19.1,14.4,2.5,25.6
2026-07-01,arpege,1,20.7,16.2,1,
2026-07-01,arpege,2,19.8,16.2,3.2,
2026-07-01,arpege,3,20.8,16.8,1.5,
2026-07-01,ecmwf,1,19.1,16.3,1.2,25
2026-07-01,ecmwf,2,19,16.4,0.3,24.9
2026-07-01,ecmwf,3,19.8,15.9,0,23.9
2026-07-01,ecmwf,4,20.2,14.6,0,14.5
2026-07-01,ecmwf,5,18,15.9,0,21.6
2026-07-01,ecmwf,6,18.4,16.4,0,21.4
2026-07-01,ecmwf,7,17.8,16.2,0,16.8
2026-07-01,gem,1,18.7,15.8,1.4,28.8
2026-07-01,gem,2,19.3,16,2.1,29.2
2026-07-01,gem,3,18.5,16.8,0.3,27.4
2026-07-01,gem,4,19,16.3,6.5,31
2026-07-01,gem,5,17.4,16,0,32.4
2026-07-01,gem,6,16.7,16.2,0,28.1
2026-07-01,gem,7,16.9,16.3,0,29.9
2026-07-01,gfs,1,17.5,15.6,5.3,25.3
2026-07-01,gfs,2,18.1,15.4,0,20.5
2026-07-01,gfs,3,18.2,14.9,0,24.7
2026-07-01,gfs,4,17.5,14.8,0,25.3
2026-07-01,gfs,5,16.4,15.7,0.3,33.3
2026-07-01,gfs,6,16.7,15.3,0.6,28.6
2026-07-01,gfs,7,17.3,15.3,0.9,32.4
2026-07-01,icon,1,20,16.8,0.6,27.4
2026-07-01,icon,2,19.6,17,0.2,25.8
2026-07-01,icon,3,19.8,17,0.1,29.2
2026-07-01,icon,4,19.9,17.4,0.3,25.7
2026-07-01,icon,5,18.1,16.3,0.3,22.2
2026-07-01,icon,6,20.5,17.2,0,19.7
2026-07-01,ukmo,1,18.6,16.2,2.3,31.7
2026-07-01,ukmo,2,20.9,12.9,3.4,15.8
2026-07-01,ukmo,3,22.1,14,4.7,17.3
2026-07-01,ukmo,4,20.2,12,0.2,19.4
2026-07-01,ukmo,5,21.4,13.5,2.6,20.9
2026-07-01,ukmo,6,20.7,13.7,0,22.7
2026-07-02,arpege,1,19,15.1,6.2,
2026-07-02,arpege,2,19.2,16.4,5.9,
2026-07-02,arpege,3,18.5,17.3,6.3,
2026-07-02,ecmwf,1,18.2,16,6.3,47.3
2026-07-02,ecmwf,2,18.8,15.8,4.8,43.7
2026-07-02,ecmwf,3,18.7,16.2,5.1,39.7
2026-07-02,ecmwf,4,18.6,16.2,5.1,38.7
2026-07-02,ecmwf,5,18.5,16.3,9.3,45.5
2026-07-02,ecmwf,6,19,15.9,1.8,35.2
2026-07-02,ecmwf,7,18.8,16.6,1.2,28.9
2026-07-02,gem,1,18,16.1,5.5,56.9
2026-07-02,gem,2,17.7,16,4.7,54.4
2026-07-02,gem,3,17.6,15.6,1.8,44.6
2026-07-02,gem,4,18.8,16.2,1.2,39.2
2026-07-02,gem,5,18.1,16.4,0,38.5
2026-07-02,gem,6,18.2,16.1,2.9,37.8
2026-07-02,gem,7,17.1,15.6,0.9,34.2
2026-07-02,gfs,1,17.9,16.6,3.5,59.1
2026-07-02,gfs,2,18,16.2,3.8,54.6
2026-07-02,gfs,3,18,16.2,1.1,61.1
2026-07-02,gfs,4,18.3,15.8,1,55.5
2026-07-02,gfs,5,17.4,16,2.8,45
2026-07-02,gfs,6,16.9,14.4,1.7,41.8
2026-07-02,gfs,7,17.3,14.6,0.9,39.9
2026-07-02,icon,1,20.4,16.2,4.1,49.1
2026-07-02,icon,2,18.9,16.4,6.2,46.2
2026-07-02,icon,3,19.1,16.8,11.7,49
2026-07-02,icon,4,19.3,17.4,5.7,49.7
2026-07-02,icon,5,19.1,16.9,7.5,33.1
2026-07-02,icon,6,18.4,16.5,7.7,37
2026-07-02,ukmo,1,18.9,15.7,4,50.8
2026-07-02,ukmo,2,18.9,11.2,7.1,43.6
2026-07-02,ukmo,3,19.2,13.8,5.6,45.7
2026-07-02,ukmo,4,21.1,14.8,5.9,35.6
2026-07-02,ukmo,5,21.3,14.4,6.3,28.4
2026-07-02,ukmo,6,20.1,13,1.7,29.9
2026-07-03,arpege,1,17.8,16,0,
2026-07-03,arpege,2,18.4,16.4,1,
2026-07-03,arpege,3,17.7,16.3,0.1,
2026-07-03,ecmwf,1,16.3,15.4,2.4,51.3
2026-07-03,ecmwf,2,16.3,15.5,2.4,48
2026-07-03,ecmwf,3,16.6,15.5,0.9,47
2026-07-03,ecmwf,4,18.2,15.7,0.3,44
2026-07-03,ecmwf,5,16.6,15.6,0.3,44.8
2026-07-03,ecmwf,6,17.7,15.8,0,33.2
2026-07-03,ecmwf,7,17.1,15.5,0.9,34.1
2026-07-03,gem,1,16.5,15.8,0.2,60.8
2026-07-03,gem,2,16.3,15.5,0.4,60.1
2026-07-03,gem,3,15.7,14.3,0.6,54.7
2026-07-03,gem,4,16,14.5,0.3,43.9
2026-07-03,gem,5,18,15.4,0.2,37.4
2026-07-03,gem,6,16.3,15.3,0,37.4
2026-07-03,gem,7,16.3,14.9,0,34.9
2026-07-03,gfs,1,16.6,15.7,0.8,63.4
2026-07-03,gfs,2,16.7,15.6,0.3,57.6
2026-07-03,gfs,3,16.4,15.5,0.3,60.4
2026-07-03,gfs,4,17.3,15.4,2.5,56.2
2026-07-03,gfs,5,16.5,15.5,2.4,65.4
2026-07-03,gfs,6,16.2,15.3,0,52.9
2026-07-03,gfs,7,15.6,14.2,0.2,50.8
2026-07-03,icon,1,17.9,16,0.2,48.4
2026-07-03,icon,2,17.7,15.8,0.9,50.8
2026-07-03,icon,3,17.6,16.2,0.9,47.7
2026-07-03,icon,4,17.4,16.2,3.6,56.1
2026-07-03,icon,5,17.6,16.2,1.6,56.6
2026-07-03,icon,6,17.6,15.5,8.4,54.7
2026-07-03,ukmo,1,16.2,14.5,0.2,56.2
2026-07-03,ukmo,2,16.5,13.9,0.3,42.1
2026-07-03,ukmo,3,17.3,14.3,0,40
2026-07-03,ukmo,4,17.3,15,0,39.2
2026-07-03,ukmo,5,19.6,15.2,0.6,31
2026-07-03,ukmo,6,18.7,15.6,5.3,38.2
2026-07-04,arpege,1,18,15.8,0,
2026-07-04,arpege,2,18.2,16.7,2.5,
2026-07-04,arpege,3,18.7,16.7,4.2,
2026-07-04,ecmwf,1,17.4,15.9,1.8,33.8
2026-07-04,ecmwf,2,17.7,15.7,1.8,32.9
2026-07-04,ecmwf,3,18.5,15.6,1.5,32.9
2026-07-04,ecmwf,4,18.7,16.2,1.5,36.4
2026-07-04,ecmwf,5,18.5,15.9,6.6,40.2
2026-07-04,ecmwf,6,17.9,15.8,1.8,36.7
2026-07-04,ecmwf,7,19.2,16.4,3,38.2
2026-07-04,gem,1,17.3,15.2,1.2,39.6
2026-07-04,gem,2,17.6,15.9,0.6,35.6
2026-07-04,gem,3,17.6,14.7,0.7,41.8
2026-07-04,gem,4,17.3,15.1,0,37.1
2026-07-04,gem,5,16.6,14.5,3.7,45
2026-07-04,gem,6,16.6,15,0.6,38.5
2026-07-04,gem,7,16.7,14.3,0.9,32
2026-07-04,gfs,1,16.9,16.3,1.5,42.8
2026-07-04,gfs,2,17.5,16.3,1.4,43.4
2026-07-04,gfs,3,18.3,16.2,0.8,40.8
2026-07-04,gfs,4,18.1,17.1,2.5,43.3
2026-07-04,gfs,5,17.2,16.5,0.1,38.9
2026-07-04,gfs,6,17.4,15.6,0.7,54.2
2026-07-04,gfs,7,17.3,15.4,0.4,52.3
2026-07-04,icon,1,18.9,15.8,0.8,31.4
2026-07-04,icon,2,18.5,16.5,2.7,34.1
2026-07-04,icon,3,18.9,16.4,7,37.2
2026-07-04,icon,4,18.8,17.2,1.6,36.7
2026-07-04,icon,5,18.1,16.4,5,55.2
2026-07-04,icon,6,18.8,15.3,8.5,50.2
2026-07-04,ukmo,1,17.1,15.4,2.1,42.5
2026-07-04,ukmo,2,18.8,14.3,0.7,25.6
2026-07-04,ukmo,3,17.7,14.3,1.8,34.2
2026-07-04,ukmo,4,18.4,14.8,2.1,32.8
2026-07-04,ukmo,5,19.1,14.6,0.5,37.4
2026-07-04,ukmo,6,19.2,14.4,0,35.6
2026-07-05,arpege,1,16.7,13.6,0.1,
2026-07-05,arpege,2,17.1,14.7,1.6,
2026-07-05,arpege,3,18.3,16.5,0.4,
2026-07-05,ecmwf,1,16.8,14.7,1.8,36
2026-07-05,ecmwf,2,17.1,15.4,1.5,34.7
2026-07-05,ecmwf,3,17.6,16.5,0.6,34.4
2026-07-05,ecmwf,4,17.2,15.5,2.7,34.9
2026-07-05,ecmwf,5,17.9,15.6,3.3,38
2026-07-05,ecmwf,6,17.4,15.5,4.2,40
2026-07-05,ecmwf,7,18.2,16.2,0.9,33.5
2026-07-05,gem,1,17.4,15.4,0.9,37.4
2026-07-05,gem,2,17.8,15.8,0.9,38.2
2026-07-05,gem,3,16.8,14.9,0.6,41.8
2026-07-05,gem,4,16.5,14.7,0.5,39.6
2026-07-05,gem,5,16.6,15.8,1.2,37.4
2026-07-05,gem,6,15.8,14.5,0.1,40.3
2026-07-05,gem,7,17.5,14.9,0.3,43.6
2026-07-05,gfs,1,17,15.2,0.8,47.7
2026-07-05,gfs,2,17.6,15.8,1.4,54.1
2026-07-05,gfs,3,18.5,16.3,4.9,44.2
2026-07-05,gfs,4,17.9,16.7,0.9,45.7
2026-07-05,gfs,5,17.1,15.2,0,54.5
2026-07-05,gfs,6,18.7,15,0,58.5
2026-07-05,gfs,7,17.6,15.3,0.5,55.3
2026-07-05,icon,1,18.1,14.6,0.5,36.5
2026-07-05,icon,2,18.4,16.2,2.1,38.5
2026-07-05,icon,3,18.5,17.2,3.5,31.3
2026-07-05,icon,4,18.2,17.1,3.7,32.9
2026-07-05,icon,5,19.1,17.5,3.6,39
2026-07-05,icon,6,19.2,16,1.3,51.8
2026-07-05,ukmo,1,17.1,15.2,0.1,42.1
2026-07-05,ukmo,2,17.7,14.3,0.6,31.7
2026-07-05,ukmo,3,18.4,15.1,4.8,31
2026-07-05,ukmo,4,18.4,15,0,29.9
2026-07-05,ukmo,5,18.6,14.2,0,30.2
2026-07-05,ukmo,6,19.5,14.6,1.2,34.6
2026-07-06,arpege,1,17.5,13.5,1.8,
2026-07-06,arpege,2,16.2,13.1,5.6,
2026-07-06,arpege,3,17,14.8,13,
2026-07-06,ecmwf,1,17.7,14.6,4.8,43
2026-07-06,ecmwf,2,17.7,15.2,4.8,39
2026-07-06,ecmwf,3,17.3,15.5,3.9,35.2
2026-07-06,ecmwf,4,17.8,15.8,3.6,33.2
2026-07-06,ecmwf,5,15.8,15.4,3,39.5
2026-07-06,ecmwf,6,17,15.6,6.3,33.9
2026-07-06,ecmwf,7,16.6,14.6,3,48.9
2026-07-06,gem,1,16.7,15.2,5.3,45
2026-07-06,gem,2,16.7,14.5,10.9,44.3
2026-07-06,gem,3,16.4,13.8,7.3,37.1
2026-07-06,gem,4,16.4,14.6,3.2,40
2026-07-06,gem,5,16,13.8,0.6,36
2026-07-06,gem,6,16.3,14.6,0.6,38.9
2026-07-06,gem,7,17.4,15.5,2.3,42.1
2026-07-06,gfs,1,16.9,14.9,7.7,45.5
2026-07-06,gfs,2,16.2,14.4,3.2,37.6
2026-07-06,gfs,3,17.5,15.9,12.4,47.6
2026-07-06,gfs,4,18,16.7,7.2,46.2
2026-07-06,gfs,5,18.2,15.2,1.8,40.7
2026-07-06,gfs,6,17.7,14.8,0.1,57.2
2026-07-06,gfs,7,17.9,15.7,0,42.3
2026-07-06,icon,1,17,14.5,6.9,35
2026-07-06,icon,2,17.4,15.7,6.4,39.7
2026-07-06,icon,3,17.8,16.3,3.6,33.6
2026-07-06,icon,4,18,16.4,8.8,27.9
2026-07-06,icon,5,18.6,16.6,4.1,40.5
2026-07-06,icon,6,19.8,16,0.1,30.7
2026-07-06,ukmo,1,17.1,15.1,3.6,49.7
2026-07-06,ukmo,2,17.7,13.9,4.5,34.2
2026-07-06,ukmo,3,17.9,14.1,2,30.6
2026-07-06,ukmo,4,18.2,15.1,1.6,33.8
2026-07-06,ukmo,5,18.8,14,6.8,32.8
2026-07-06,ukmo,6,20.9,15.8,0,32.4
2026-07-07,arpege,1,16.6,14.1,0.1,
2026-07-07,arpege,2,16.5,14.3,3.7,
2026-07-07,arpege,3,16.8,14.8,0.4,
2026-07-07,ecmwf,1,16.9,14.9,4.8,44
2026-07-07,ecmwf,2,17.3,15,4.5,44.8
2026-07-07,ecmwf,3,17.6,15.1,6,47.6
2026-07-07,ecmwf,4,16.5,15.1,4.8,45.5
2026-07-07,ecmwf,5,16.8,14.8,3,44.4
2026-07-07,ecmwf,6,15.8,14.7,6.9,32.8
2026-07-07,ecmwf,7,17,15.3,1.8,40
2026-07-07,gem,1,16.6,14.5,5,49.7
2026-07-07,gem,2,16.8,15.2,7.3,47.5
2026-07-07,gem,3,16.9,14.7,3.1,47.9
2026-07-07,gem,4,16.4,14.1,3.1,63
2026-07-07,gem,5,16.2,14.4,2.8,44.6
2026-07-07,gem,6,16.6,14.6,1.2,39.6
2026-07-07,gem,7,17.1,15.7,0.2,39.2
2026-07-07,gfs,1,16.8,14.9,3.4,54.5
2026-07-07,gfs,2,17.2,15.1,2.6,54.5
2026-07-07,gfs,3,17.6,15.9,6.2,52.1
2026-07-07,gfs,4,17.5,15.5,4.3,48.5
2026-07-07,gfs,5,18.4,16,0.8,46.4
2026-07-07,gfs,6,18.2,14.8,0,65.7
2026-07-07,gfs,7,18.9,16,0.2,42.1
2026-07-07,icon,1,16.7,13.9,2.3,41.3
2026-07-07,icon,2,17.4,15,5.8,44.3
2026-07-07,icon,3,17.7,15.3,4.1,45.3
2026-07-07,icon,4,17.2,13.5,8.7,50.7
2026-07-07,icon,5,17.3,14.3,6.6,59.2
2026-07-07,icon,6,19.2,16.3,1.7,53.3
2026-07-07,ukmo,1,17.3,15.1,2.6,48.2
2026-07-07,ukmo,2,17.2,13.8,2,41.8
2026-07-07,ukmo,3,18,13.9,4,40
2026-07-07,ukmo,4,16.9,14.1,10.6,36.7
2026-07-07,ukmo,5,18.8,13.5,0,33.5
2026-07-07,ukmo,6,17.6,15.2,5.2,35.6
2026-07-08,arpege,1,16.6,13.9,0,
2026-07-08,arpege,2,16.5,14.1,0,
2026-07-08,arpege,3,17.1,14,0,
2026-07-08,ecmwf,1,16.3,15.1,0,36.4
2026-07-08,ecmwf,2,16.8,15.1,0.3,39.3
2026-07-08,ecmwf,3,17.1,15,0,44.3
2026-07-08,ecmwf,4,17.6,14.8,0,45.1
2026-07-08,ecmwf,5,16.8,14.6,0.6,38.4
2026-07-08,ecmwf,6,17.1,14.8,0.3,29.8
2026-07-08,ecmwf,7,16.4,15.1,2.1,39.7
2026-07-08,gem,1,15.6,14.5,0,41.8
2026-07-08,gem,2,15.5,14.8,0,42.1
2026-07-08,gem,3,16.2,14.9,0,36
2026-07-08,gem,4,17,15.1,0,58.7
2026-07-08,gem,5,16.4,14.8,1,52.9
2026-07-08,gem,6,16.9,14.6,0,47.2
2026-07-08,gem,7,15.9,14.6,0,45.7
2026-07-08,gfs,1,16.3,15,0,45.4
2026-07-08,gfs,2,16.3,15.1,0.1,45.9
2026-07-08,gfs,3,16.8,15.1,0.1,41.9
2026-07-08,gfs,4,17.1,15.3,0.2,56.3
2026-07-08,gfs,5,16.4,15.3,0,61.1
2026-07-08,gfs,6,18.2,15.9,0,49.8
2026-07-08,gfs,7,18.5,15.6,0,45.7
2026-07-08,icon,1,16,13.7,0,35.5
2026-07-08,icon,2,16.7,14.5,0,37.7
2026-07-08,icon,3,17.2,15.2,0,38.6
2026-07-08,icon,4,17.3,15.4,0.3,49.7
2026-07-08,icon,5,18.4,15.9,1.9,58.1
2026-07-08,icon,6,18.2,16.5,0.5,46.5
2026-07-08,ukmo,1,16.3,15,0,43.2
2026-07-08,ukmo,2,16.8,13.6,0,31.7
2026-07-08,ukmo,3,16.8,13.3,0,29.2
2026-07-08,ukmo,4,17.7,13,0,37.4
2026-07-08,ukmo,5,18.7,13.6,0,35.3
2026-07-08,ukmo,6,20.2,15.3,0.6,33.5
2026-07-09,arpege,1,17.1,14.5,0,
2026-07-09,arpege,2,16.4,14.8,0,
2026-07-09,arpege,3,17.1,14.9,0,
2026-07-09,ecmwf,1,17.1,15.8,0,29.6
2026-07-09,ecmwf,2,17,15.9,0.9,29.8
2026-07-09,ecmwf,3,17,15.9,0.6,29.1
2026-07-09,ecmwf,4,17.5,16.3,0,24.6
2026-07-09,ecmwf,5,17.4,16.1,0.3,22.5
2026-07-09,ecmwf,6,17.5,16.5,1.2,29
2026-07-09,ecmwf,7,18.1,15.3,0.3,33.4
2026-07-09,gem,1,16.5,15,0,31.7
2026-07-09,gem,2,15.9,15.1,0,33.5
2026-07-09,gem,3,16.2,15.4,0,32.4
2026-07-09,gem,4,16.8,15.8,0,31.3
2026-07-09,gem,5,16.2,15.5,0,31.7
2026-07-09,gem,6,16.1,15.2,0,28.1
2026-07-09,gem,7,16.3,14.4,0,32.4
2026-07-09,gfs,1,16.7,15.9,0.4,37.4
2026-07-09,gfs,2,17.1,15.6,0.5,34.9
2026-07-09,gfs,3,17.4,16.5,0,39.9
2026-07-09,gfs,4,17.6,16.2,0.3,44.6
2026-07-09,gfs,5,17.5,16.3,0,37.2
2026-07-09,gfs,6,16.9,16,0,36.9
2026-07-09,gfs,7,18.3,16.6,0,40.3
2026-07-09,icon,1,16.9,14.9,0,27.6
2026-07-09,icon,2,16.6,15.4,0,25.7
2026-07-09,icon,3,17.3,16.6,0,29.1
2026-07-09,icon,4,17.5,16.3,0,27.5
2026-07-09,icon,5,18.6,16.3,0,31
2026-07-09,icon,6,18.1,17.1,0.3,34
2026-07-09,ukmo,1,16.8,15.5,0,36
2026-07-09,ukmo,2,18.3,14.1,0.1,27.7
2026-07-09,ukmo,3,18.7,14.8,0,30.6
2026-07-09,ukmo,4,19.3,15,0,26.3
2026-07-09,ukmo,5,19.3,13.3,0,22.7
2026-07-09,ukmo,6,21.2,13,0,26.3
2026-07-10,arpege,1,18,14.6,0,
2026-07-10,arpege,2,17.4,14.8,0,
2026-07-10,arpege,3,19,14.5,0,
2026-07-10,ecmwf,1,18.8,16.5,0,22.7
2026-07-10,ecmwf,2,18.2,16.4,0.3,21.4
2026-07-10,ecmwf,3,18.4,16.2,0,23.3
2026-07-10,ecmwf,4,18.7,16.1,0.6,21.8
2026-07-10,ecmwf,5,19.4,15.9,0,20.9
2026-07-10,ecmwf,6,19.2,16,0,15.1
2026-07-10,ecmwf,7,18.6,15.5,0,18.4
2026-07-10,gem,1,16.6,15.8,0,25.6
2026-07-10,gem,2,17.1,14.9,0,26.3
2026-07-10,gem,3,16.6,16,0,29.2
2026-07-10,gem,4,16.7,15.2,0,26.3
2026-07-10,gem,5,16.7,15.6,0,28.8
2026-07-10,gem,6,20.3,15.7,0,28.1
2026-07-10,gem,7,17.5,16.1,0,22
2026-07-10,gfs,1,17.8,16.7,0,27.1
2026-07-10,gfs,2,17.5,16.7,0,28.1
2026-07-10,gfs,3,17.8,17.2,0,24.7
2026-07-10,gfs,4,18.1,16.9,0,27.8
2026-07-10,gfs,5,18.3,17.3,0,21.9
2026-07-10,gfs,6,20,15.4,0,29.4
2026-07-10,gfs,7,17.6,16.3,0,27.9
2026-07-10,icon,1,19.6,15.9,0,20.1
2026-07-10,icon,2,18.6,15.9,0,22.3
2026-07-10,icon,3,18.6,16.4,0,22.5
2026-07-10,icon,4,19.1,16.3,0,18.8
2026-07-10,icon,5,20.2,17,0,16.3
2026-07-10,icon,6,21.1,16.8,0,19.1
2026-07-10,ukmo,1,17.1,15.6,0,26.6
2026-07-10,ukmo,2,19.3,14.6,0,17.6
2026-07-10,ukmo,3,18.4,14.5,0,19.1
2026-07-10,ukmo,4,18.7,13.9,0,14
2026-07-10,ukmo,5,22,14.9,0,11.9
2026-07-10,ukmo,6,24.8,11.3,0,13.7
2026-07-11,arpege,1,20.3,14.7,0,
2026-07-11,arpege,2,18.5,14.4,0,
2026-07-11,arpege,3,21.2,15.1,0,
2026-07-11,ecmwf,1,19.6,16.4,0,17.4
2026-07-11,ecmwf,2,19.3,16.2,0,19.1
2026-07-11,ecmwf,3,20.1,15.9,0,19
2026-07-11,ecmwf,4,19.1,16,0,21.5
2026-07-11,ecmwf,5,19.2,15.7,0,24.4
2026-07-11,ecmwf,6,22.1,16.8,0.3,18.7
2026-07-11,ecmwf,7,22,16.3,0,14.5
2026-07-11,gem,1,17.2,16,0,22.3
2026-07-11,gem,2,17.2,16.4,0,22
2026-07-11,gem,3,18.6,16.4,0,26.3
2026-07-11,gem,4,18.8,15.4,0,24.1
2026-07-11,gem,5,17.5,15.2,0,36.4
2026-07-11,gem,6,19.4,16.9,0,24.8
2026-07-11,gem,7,20.6,17.1,0,27.4
2026-07-11,gfs,1,17.5,17.2,0,29.3
2026-07-11,gfs,2,17.4,16.8,0,35.1
2026-07-11,gfs,3,17.7,16.6,0,33.5
2026-07-11,gfs,4,17.8,16.5,0,35.4
2026-07-11,gfs,5,17.9,16.9,0,37.6
2026-07-11,gfs,6,20.6,16.6,0,21.3
2026-07-11,gfs,7,22.4,17.4,0,34.3
2026-07-11,icon,1,20,15.5,0,22.1
2026-07-11,icon,2,20.1,17.2,0,20.2
2026-07-11,icon,3,20.4,16.8,0,23.1
2026-07-11,icon,4,20,16.9,0,21.2
2026-07-11,icon,5,20.8,17.2,0,27.7
2026-07-11,icon,6,23.5,18.1,0,12.3
2026-07-11,ukmo,1,17.4,15.8,0,22.7
2026-07-11,ukmo,2,25.4,12.6,0,16.6
2026-07-11,ukmo,3,24.4,10.9,0,16.9
2026-07-11,ukmo,4,20.7,13.2,0,33.8
2026-07-11,ukmo,5,19.5,11.5,0,17.3
2026-07-11,ukmo,6,26.8,14.3,0,18
2026-07-12,arpege,1,18.7,15,0,
2026-07-12,arpege,2,18,14.8,0,
2026-07-12,arpege,3,18.3,15.4,0,
2026-07-12,ecmwf,1,18.9,16.6,0,27.7
2026-07-12,ecmwf,2,18.8,16.8,0,25.7
2026-07-12,ecmwf,3,17.9,16.9,0,28.3
2026-07-12,ecmwf,4,19,16.2,0,27.9
2026-07-12,ecmwf,5,18.9,16,0.3,29.2
2026-07-12,ecmwf,6,20.5,18.1,0,17.7
2026-07-12,ecmwf,7,24.1,16.4,0.9,22.5
2026-07-12,gem,1,17.3,15.9,0,31.7
2026-07-12,gem,2,17.6,15.9,0,28.8
2026-07-12,gem,3,17.9,16.9,0,28.4
2026-07-12,gem,4,18.1,16.5,0,31.7
2026-07-12,gem,5,16.9,15.3,0,34.9
2026-07-12,gem,6,19.9,15.9,0,31.7
2026-07-12,gem,7,18.1,16.5,0,35.3
2026-07-12,gfs,1,17.4,15.8,0,35.4
2026-07-12,gfs,2,17.9,15.9,0,34.9
2026-07-12,gfs,3,19,15.5,0,33.7
2026-07-12,gfs,4,19.3,15.2,0,37.7
2026-07-12,gfs,5,19.7,15.8,0,38.3
2026-07-12,gfs,6,19.2,16.2,0,33.5
2026-07-12,gfs,7,20.2,16.4,0,36.2
2026-07-12,icon,1,18.3,15,0,27.3
2026-07-12,icon,2,18.8,15.9,0,26
2026-07-12,icon,3,18.6,16.1,0,24.9
2026-07-12,icon,4,18.6,14.9,0,23.1
2026-07-12,icon,5,18.2,16.4,0,27
2026-07-12,icon,6,19.6,15.9,0,26.4
2026-07-12,ukmo,1,18.3,15.9,0,36
2026-07-12,ukmo,2,19.9,14.9,0,22
2026-07-12,ukmo,3,20.6,15.3,0,17.6
2026-07-12,ukmo,4,20.9,14.4,0,25.6
2026-07-12,ukmo,5,23.4,13.9,0,20.2
2026-07-12,ukmo,6,20.2,13.7,0,22.3
2026-07-13,arpege,1,25.2,13.4,0,
2026-07-13,arpege,2,23.9,15.7,2,
2026-07-13,arpege,3,23.6,15.3,1.8,
2026-07-13,ecmwf,1,23.2,16.9,0.6,20.9
2026-07-13,ecmwf,2,22.8,17.1,0.9,21.3
2026-07-13,ecmwf,3,21.3,16.5,2.1,17.6
2026-07-13,ecmwf,4,20.4,16.1,1.2,22.3
2026-07-13,ecmwf,5,17.7,16.7,0,22
2026-07-13,ecmwf,6,20.3,17.4,0,22.7
2026-07-13,ecmwf,7,20.7,17.7,0,22.7
2026-07-13,gem,1,22.3,17,0,19.1
2026-07-13,gem,2,21.1,17,0,19.1
2026-07-13,gem,3,21.7,16.5,0,20.2
2026-07-13,gem,4,18.7,16.2,0,29.9
2026-07-13,gem,5,17.7,16.1,0,26.3
2026-07-13,gem,6,20.8,16.7,2.1,30.6
2026-07-13,gem,7,19.1,17.2,1.2,34.2
2026-07-13,gfs,1,20.7,16.9,4.4,20.6
2026-07-13,gfs,2,20.8,16.9,0.5,19.3
2026-07-13,gfs,3,21.4,16.9,0,25.5
2026-07-13,gfs,4,20.3,16.2,0,22.6
2026-07-13,gfs,5,20.9,16,0,29
2026-07-13,gfs,6,21.5,16.3,0,29.6
2026-07-13,gfs,7,21,16.1,0,33.1
2026-07-13,icon,1,25.5,15.4,0.1,16.1
2026-07-13,icon,2,21.3,16.9,0.7,15.8
2026-07-13,icon,3,22.3,17.5,0,17.3
2026-07-13,icon,4,21.9,16.4,0,14.4
2026-07-13,icon,5,22.8,16.7,0,17.6
2026-07-13,icon,6,22.4,17.1,0,25.9
2026-07-13,ukmo,1,21.9,17.9,1.7,31
2026-07-13,ukmo,2,24.5,15,1.5,14
2026-07-13,ukmo,3,26.2,11.8,2.7,16.2
2026-07-13,ukmo,4,24.9,14.1,0,15.8
2026-07-13,ukmo,5,22.6,15.5,0,21.6
2026-07-13,ukmo,6,26.3,15.5,0,14.8
2026-07-14,arpege,1,23.8,17.7,0,
2026-07-14,arpege,2,25.1,16.8,0,
2026-07-14,arpege,3,24.7,17.8,0,
2026-07-14,ecmwf,1,22.1,17,0,23.1
2026-07-14,ecmwf,2,21.9,17.2,0.9,21
2026-07-14,ecmwf,3,21.8,17.4,0.3,15.8
2026-07-14,ecmwf,4,21.4,15.5,0,17.1
2026-07-14,ecmwf,5,25.6,17,0,25.8
2026-07-14,ecmwf,6,19.2,16.5,0,17.5
2026-07-14,ecmwf,7,20,16.9,0,20.9
2026-07-14,gem,1,19.5,17.5,0,27
2026-07-14,gem,2,19.8,16.8,0,29.5
2026-07-14,gem,3,20.2,17.3,0,25.2
2026-07-14,gem,4,21.8,17.3,0,19.8
2026-07-14,gem,5,21.7,17.1,0,25.6
2026-07-14,gem,6,22.5,18,0.6,19.8
2026-07-14,gem,7,20.3,17,0,23.8
2026-07-14,gfs,1,19.6,17.3,0,28.4
2026-07-14,gfs,2,20.1,17.6,0.2,27.1
2026-07-14,gfs,3,19.8,17.5,0,24.5
2026-07-14,gfs,4,21.1,17.5,0,20.2
2026-07-14,gfs,5,22.4,17.2,0,27.3
2026-07-14,gfs,6,21.9,17.1,0,25.1
2026-07-14,gfs,7,20.2,17,0,30.6
2026-07-14,icon,1,22.3,17.4,0,23.2
2026-07-14,icon,2,21.1,17.4,0.3,14.8
2026-07-14,icon,3,21.7,16.7,0,15.6
2026-07-14,icon,4,21,17.4,0,17.7
2026-07-14,icon,5,21.8,17.3,0,18
2026-07-14,icon,6,21.8,16.8,0,15.6
2026-07-14,ukmo,1,20.2,18.3,0,29.9
2026-07-14,ukmo,2,26.3,14.6,0.4,13.7
2026-07-14,ukmo,3,27.3,15.1,0,14.4
2026-07-14,ukmo,4,26.2,12.4,0,18
2026-07-14,ukmo,5,25.8,13.8,0,21.2
2026-07-14,ukmo,6,23.8,16.3,1,17.6
2026-07-15,arpege,1,26,15.9,0,
2026-07-15,arpege,2,24.6,17.4,0,
2026-07-15,arpege,3,22.8,16.8,0,
2026-07-15,ecmwf,1,23.8,16.6,0,17.6
2026-07-15,ecmwf,2,22.4,16.3,0,26.2
2026-07-15,ecmwf,3,22.1,15.6,0,24.5
2026-07-15,ecmwf,4,24.1,16.9,0,21.4
2026-07-15,ecmwf,5,23,16.2,0,24.5
2026-07-15,ecmwf,6,25.9,17.9,0,23
2026-07-15,ecmwf,7,21,16.2,0,28.2
2026-07-15,gem,1,19.4,16.8,0,31.3
2026-07-15,gem,2,19,17,0,29.5
2026-07-15,gem,3,20.7,17.3,0,23.8
2026-07-15,gem,4,20.4,17.7,0,22
2026-07-15,gem,5,21.5,17.7,0,18.7
2026-07-15,gem,6,22.3,17.9,0,22
2026-07-15,gem,7,23,18.2,0,31
2026-07-15,gfs,1,20.9,17.2,0,23.3
2026-07-15,gfs,2,20.2,17.8,0,31.6
2026-07-15,gfs,3,19.9,17.7,0,22.1
2026-07-15,gfs,4,22,18,0,20.3
2026-07-15,gfs,5,23.4,17.5,0,26.5
2026-07-15,gfs,6,23.4,17.4,0,25.6
2026-07-15,gfs,7,23.4,17.7,0.8,29.9
2026-07-15,icon,1,23.3,17.2,0,17.1
2026-07-15,icon,2,21.1,17.2,0,18.3
2026-07-15,icon,3,21.8,17.6,0,21.6
2026-07-15,icon,4,21.9,17.1,0,16.3
2026-07-15,icon,5,21.8,17.9,0,14
2026-07-15,icon,6,22.6,17.2,0,17.9
2026-07-15,ukmo,1,21.7,18.2,0,26.6
2026-07-15,ukmo,2,28.1,13,0,18.7
2026-07-15,ukmo,3,28.2,12.8,0,11.2
2026-07-15,ukmo,4,30.5,13.2,0,16.2
2026-07-15,ukmo,5,28.2,14.5,0,13.3
2026-07-15,ukmo,6,27.7,15.5,0,22
2026-07-16,arpege,1,23.9,16.3,0,
2026-07-16,arpege,2,23,18.6,0.3,
2026-07-16,arpege,3,27.1,18.4,0,
2026-07-16,ecmwf,1,22.3,16.5,4.5,11.2
2026-07-16,ecmwf,2,21.6,16.6,0.3,16.9
2026-07-16,ecmwf,3,22.3,16.6,0.6,14.9
2026-07-16,ecmwf,4,22.6,17.6,0,12
2026-07-16,ecmwf,5,23.7,18.6,2.4,19.7
2026-07-16,ecmwf,6,22.6,18.1,0,17.7
2026-07-16,ecmwf,7,26.5,17.3,0,20
2026-07-16,gem,1,20.7,18.2,0,14.8
2026-07-16,gem,2,20.1,17.2,0.7,15.1
2026-07-16,gem,3,20.4,17.2,0.2,32
2026-07-16,gem,4,21.3,17.6,0,21.6
2026-07-16,gem,5,22.2,18,0,17.3
2026-07-16,gem,6,22.2,17.8,0,21.6
2026-07-16,gem,7,23.5,17.6,1,32
2026-07-16,gfs,1,19,17.4,5.6,18.9
2026-07-16,gfs,2,20.2,17.3,0.2,20.5
2026-07-16,gfs,3,19.5,17.7,0.1,16.8
2026-07-16,gfs,4,24.4,17.7,0,24.9
2026-07-16,gfs,5,20.9,17.8,0,23.1
2026-07-16,gfs,6,24.3,17.8,0,27.1
2026-07-16,gfs,7,23.5,17.3,2.4,33.1
2026-07-16,icon,1,21.6,16.9,0.1,19.6
2026-07-16,icon,2,23,18.1,0.8,16.5
2026-07-16,icon,3,21.2,18,0.2,14.5
2026-07-16,icon,4,24.3,18.4,0,11.4
2026-07-16,icon,5,23.9,16.7,0,18.9
2026-07-16,icon,6,24.2,17.4,0,17.3
2026-07-16,ukmo,1,20.8,17.9,0.3,24.8
2026-07-16,ukmo,2,22.8,13.2,3,10.1
2026-07-16,ukmo,3,27.6,14,0.6,14.8
2026-07-16,ukmo,4,28.9,15.3,1.2,16.9
2026-07-16,ukmo,5,32.1,12.5,0,18
2026-07-16,ukmo,6,25.7,13.6,0,19.1
2026-07-17,arpege,1,21.6,16.6,2.3,
2026-07-17,arpege,2,21.8,16.7,1.6,
2026-07-17,arpege,3,21.3,16.5,0,
2026-07-17,ecmwf,1,20,17.2,1.2,23.5
2026-07-17,ecmwf,2,21.1,17.3,4.8,28.2
2026-07-17,ecmwf,3,20.6,16.7,0,22.4
2026-07-17,ecmwf,4,23.4,16.4,11.4,20.2
2026-07-17,ecmwf,5,23.9,17.9,0,23.6
2026-07-17,ecmwf,6,23.5,17.7,0,29.2
2026-07-17,ecmwf,7,22.2,18.2,2.4,19.5
2026-07-17,gem,1,19.5,16.6,1.4,27.7
2026-07-17,gem,2,19.3,16.7,0.8,27.7
2026-07-17,gem,3,19.9,17.3,0.1,21.6
2026-07-17,gem,4,20.3,17.5,0,22.3
2026-07-17,gem,5,21,18.3,0.5,24.8
2026-07-17,gem,6,23.1,18.2,0,22.3
2026-07-17,gem,7,24.2,18.5,0,22.7
2026-07-17,gfs,1,18.8,16.8,0.7,29.8
2026-07-17,gfs,2,18.1,16.5,3.9,28.5
2026-07-17,gfs,3,18.2,16.5,0.7,25.7
2026-07-17,gfs,4,19.3,16.4,0.4,37.3
2026-07-17,gfs,5,24,17.5,0.7,27.3
2026-07-17,gfs,6,24.3,18.1,0,26.9
2026-07-17,gfs,7,23.7,18,2.3,21.8
2026-07-17,icon,1,20.5,16,0.1,26.8
2026-07-17,icon,2,20.6,17.4,4.6,26
2026-07-17,icon,3,19.2,16.8,3.6,22.9
2026-07-17,icon,4,20.1,16.7,4.7,21.6
2026-07-17,icon,5,23.6,18.5,0,15.2
2026-07-17,icon,6,24.5,18,0,19.3
2026-07-17,ukmo,1,20.3,17.2,2.4,28.4
2026-07-17,ukmo,2,23.8,13,0.9,18.7
2026-07-17,ukmo,3,22.4,14.3,1.1,17.6
2026-07-17,ukmo,4,21.6,15.2,0,20.2
2026-07-17,ukmo,5,29.3,15.9,0,14.4
2026-07-17,ukmo,6,30.8,16,0,25.6
2026-07-18,arpege,1,18.2,16.5,0,
2026-07-18,arpege,2,17.7,16,0,
2026-07-18,arpege,3,17.4,16.2,0,
2026-07-18,ecmwf,1,17,15.7,1.5,36.1
2026-07-18,ecmwf,2,17.4,15.5,0.3,35.6
2026-07-18,ecmwf,3,17.2,16.4,2.4,41.4
2026-07-18,ecmwf,4,17.6,16.3,0.9,47
2026-07-18,ecmwf,5,18.1,15.9,1.2,44.6
2026-07-18,ecmwf,6,21.1,16.3,0,46.7
2026-07-18,ecmwf,7,21.1,15.1,1.5,55.1
2026-07-18,gem,1,16.6,15.7,0.6,40.7
2026-07-18,gem,2,16.5,15.7,0.8,43.9
2026-07-18,gem,3,17.2,15.5,0.4,49.3
2026-07-18,gem,4,17.2,15.3,0.6,47.2
2026-07-18,gem,5,19.5,15.7,0.3,54
2026-07-18,gem,6,18,16,0,53.6
2026-07-18,gem,7,21.2,16.8,0,33.5
2026-07-18,gfs,1,17,15.6,0.8,48.5
2026-07-18,gfs,2,17,15.4,1.8,48.3
2026-07-18,gfs,3,17.1,15,0.6,51
2026-07-18,gfs,4,16.3,15.1,1.1,52.9
2026-07-18,gfs,5,17.2,15.4,0,52.1
2026-07-18,gfs,6,20,15.5,0.5,40.1
2026-07-18,gfs,7,21.4,17.8,0.2,33.1
2026-07-18,icon,1,18,15.1,0,39.6
2026-07-18,icon,2,17.2,15.8,0.3,41.1
2026-07-18,icon,3,17.3,15.9,6,37.4
2026-07-18,icon,4,17.2,15.5,0.1,49.7
2026-07-18,icon,5,18.9,15.3,0,47.7
2026-07-18,icon,6,21.5,15.8,0,26.5
2026-07-18,ukmo,1,17.3,16.1,0,42.8
2026-07-18,ukmo,2,18.2,15.1,0,34.9
2026-07-18,ukmo,3,18.8,15.4,1,33.8
2026-07-18,ukmo,4,17.6,14.8,0.8,36.7
2026-07-18,ukmo,5,19,15.1,0,36.4
2026-07-18,ukmo,6,26.9,16.2,0,22
2026-07-19,arpege,1,18.7,16.1,0,
2026-07-19,arpege,2,19.1,16.3,5.2,
2026-07-19,arpege,3,18.9,15.9,4.1,
2026-07-19,ecmwf,1,17.3,15.5,6.6,37.4
2026-07-19,ecmwf,2,16.3,15.3,3.9,42.9
2026-07-19,ecmwf,3,17.7,15.2,4.8,42
2026-07-19,ecmwf,4,16.4,15.7,1.8,41
2026-07-19,ecmwf,5,18,15.8,2.1,38.8
2026-07-19,ecmwf,6,18.6,16,0,39.5
2026-07-19,ecmwf,7,20.8,15.1,0,38.2
2026-07-19,gem,1,18.1,14.9,3,45.7
2026-07-19,gem,2,17.4,15.3,0.9,44.6
2026-07-19,gem,3,17.1,14.9,0.3,42.1
2026-07-19,gem,4,17.8,15.3,2.6,46.4
2026-07-19,gem,5,17.8,15.7,1.1,54
2026-07-19,gem,6,17.4,15.4,0,47.5
2026-07-19,gem,7,17.7,15.5,0.1,49.3
2026-07-19,gfs,1,16.7,15.7,2.4,42
2026-07-19,gfs,2,17.1,14.9,1.3,40
2026-07-19,gfs,3,16.5,15.2,0.5,41.1
2026-07-19,gfs,4,16.8,15,0.1,41.9
2026-07-19,gfs,5,17,14.2,0.5,42.8
2026-07-19,gfs,6,16.9,14.5,0.4,41.3
2026-07-19,gfs,7,17.6,15.7,0,38.1
2026-07-19,icon,1,18.5,16.1,0.1,40
2026-07-19,icon,2,17.7,16.3,1,36
2026-07-19,icon,3,17.3,14.8,6,46.3
2026-07-19,icon,4,18.7,16.1,0.5,38
2026-07-19,icon,5,18.2,13.8,3.2,42.4
2026-07-19,icon,6,17,15.1,0.1,41
2026-07-19,ukmo,1,17.1,15.8,2.8,40.7
2026-07-19,ukmo,2,16,14,6.3,25.2
2026-07-19,ukmo,3,19.4,14.1,3.1,29.2
2026-07-19,ukmo,4,20.4,14.9,9.7,32.4
2026-07-19,ukmo,5,19.1,14,2.4,27.7
2026-07-19,ukmo,6,19.9,15.7,0,25.6
2026-07-20,arpege,1,19.4,16.2,0,
2026-07-20,arpege,2,19.7,16,0,
2026-07-20,arpege,3,21.1,16.1,0.1,
2026-07-20,ecmwf,1,18.1,15.7,0.6,35.3
2026-07-20,ecmwf,2,18.2,15.9,0,42.8
2026-07-20,ecmwf,3,18.4,15.8,0.3,37.7
2026-07-20,ecmwf,4,17.9,13.8,0.9,38.9
2026-07-20,ecmwf,5,17.7,14.7,0,35.7
2026-07-20,ecmwf,6,17.4,15.2,0.3,31.1
2026-07-20,ecmwf,7,17,15.3,0.3,32.1
2026-07-20,gem,1,18.2,16.5,0,42.8
2026-07-20,gem,2,18.7,15.1,0.6,48.2
2026-07-20,gem,3,18.6,15.3,0,50
2026-07-20,gem,4,18.5,15.2,0,41
2026-07-20,gem,5,16.4,15,0,31.3
2026-07-20,gem,6,17,14.8,1.4,36
2026-07-20,gem,7,17,14.9,0,45
2026-07-20,gfs,1,17.5,15.6,1.6,46.2
2026-07-20,gfs,2,17.7,15.6,4.2,42.7
2026-07-20,gfs,3,17.9,15.3,2.6,42.6
2026-07-20,gfs,4,17.7,14.8,0,45.3
2026-07-20,gfs,5,16.8,14.3,0,31.4
2026-07-20,gfs,6,15.9,14.4,0.2,36.5
2026-07-20,gfs,7,18.7,15.5,0,40.7
2026-07-20,icon,1,19.6,15.8,1,40.1
2026-07-20,icon,2,20.1,16.2,0.1,40.2
2026-07-20,icon,3,20.4,15.9,1.4,44
2026-07-20,icon,4,19.2,15.3,0,34.3
2026-07-20,icon,5,18,15.8,0,36.1
2026-07-20,icon,6,17.3,14.9,0.4,39.7
2026-07-20,ukmo,1,18.5,16.6,0,41.4
2026-07-20,ukmo,2,20.1,14.4,0,32
2026-07-20,ukmo,3,20.5,14.1,1,30.6
2026-07-20,ukmo,4,19.7,14.2,0,23.8
2026-07-20,ukmo,5,17.3,13.6,0,24.1
2026-07-20,ukmo,6,17.8,12,0,27.7
2026-07-21,arpege,1,17.4,14.3,0,
2026-07-21,arpege,2,17.3,15.2,0,
2026-07-21,arpege,3,17.7,15.7,0,
2026-07-21,ecmwf,1,16.9,15.3,0,27.2
2026-07-21,ecmwf,2,17.1,15.6,0,27.6
2026-07-21,ecmwf,3,17.1,15.1,0.3,27.9
2026-07-21,ecmwf,4,16.5,15.3,0.9,30.4
2026-07-21,ecmwf,5,16.6,15.2,0.9,29
2026-07-21,ecmwf,6,16.9,16,1.2,37.7
2026-07-21,ecmwf,7,17.4,15.7,0,31.3
2026-07-21,gem,1,17.7,15.5,0,32.8
2026-07-21,gem,2,18.2,15.7,0.1,33.8
2026-07-21,gem,3,16.7,15.4,0,32
2026-07-21,gem,4,16.8,15.2,0.3,36.4
2026-07-21,gem,5,16.1,14.9,0,30.2
2026-07-21,gem,6,17.2,15.3,0,33.5
2026-07-21,gem,7,18.6,15.3,0,31
2026-07-21,gfs,1,17,15.7,0.1,34.5
2026-07-21,gfs,2,17.3,15.8,0.2,33.1
2026-07-21,gfs,3,17.6,16,0.2,36.6
2026-07-21,gfs,4,17.4,16.1,0.2,36.9
2026-07-21,gfs,5,16.7,15.8,0.3,36.7
2026-07-21,gfs,6,16.4,15.4,1,32.1
2026-07-21,gfs,7,16.5,14.9,0.1,29.9
2026-07-21,icon,1,17.1,15.4,0,28.3
2026-07-21,icon,2,17.9,16,0,29.3
2026-07-21,icon,3,18,16.4,0.1,32.5
2026-07-21,icon,4,17.5,16.2,0,32.5
2026-07-21,icon,5,18.2,15.8,0.2,42.1
2026-07-21,icon,6,17.5,16.4,0.7,41.7
2026-07-21,ukmo,1,17.8,15.3,0.2,33.1
2026-07-21,ukmo,2,18.3,11.2,0.3,27.4
2026-07-21,ukmo,3,16.4,12.6,0.3,27.4
2026-07-21,ukmo,4,18.4,12.1,0,25.6
2026-07-21,ukmo,5,18.1,13.1,0,28.4
2026-07-21,ukmo,6,19.6,10,0.1,22.3
2026-07-22,arpege,1,17.3,15,0,
2026-07-22,arpege,2,17.2,15.4,0.1,
2026-07-22,arpege,3,17.3,15.5,0,
2026-07-22,ecmwf,1,17.3,15.2,2.4,42
2026-07-22,ecmwf,2,16.9,15.4,2.7,41.8
2026-07-22,ecmwf,3,17.3,15.3,2.4,43.3
2026-07-22,ecmwf,4,16.5,15.2,3.9,41.3
2026-07-22,ecmwf,5,15.9,15.5,13.2,45.4
2026-07-22,ecmwf,6,16.5,15.2,2.7,35.1
2026-07-22,ecmwf,7,16.4,15.4,3.6,33.7
2026-07-22,gem,1,16.6,15.1,1.2,48.2
2026-07-22,gem,2,16.1,15.4,1.1,52.9
2026-07-22,gem,3,16.3,15,1.2,52.6
2026-07-22,gem,4,16,14.9,1.2,50.4
2026-07-22,gem,5,16.4,14.7,2.3,50.4
2026-07-22,gem,6,15.7,15.1,1.2,33.1
2026-07-22,gem,7,16.2,15,1.1,27.4
2026-07-22,gfs,1,16.3,15.7,2,53.6
2026-07-22,gfs,2,16.4,15.6,1.8,51.9
2026-07-22,gfs,3,17,16,1.8,50.9
2026-07-22,gfs,4,16.9,16.3,2,50.9
2026-07-22,gfs,5,17.7,16.1,5.3,50.1
2026-07-22,gfs,6,16.4,15.7,1.1,30.6
2026-07-22,gfs,7,16.5,15.4,0.5,34.6
2026-07-22,icon,1,17.2,14.9,0,45.3
2026-07-22,icon,2,16.8,15.4,1.1,45.5
2026-07-22,icon,3,17.8,15.7,1.8,44.3
2026-07-22,icon,4,17.4,16.4,3.5,44.3
2026-07-22,icon,5,17.7,15.8,19.2,38.7
2026-07-22,icon,6,17.2,15.5,3.5,44.6
2026-07-22,ukmo,1,16.8,15.5,0.2,42.8
2026-07-22,ukmo,2,18,14.1,0.6,39.6
2026-07-22,ukmo,3,16.2,14.4,1.6,37.4
2026-07-22,ukmo,4,15.7,14.3,1.5,37.4
2026-07-22,ukmo,5,16.6,14.1,2.3,34.2
2026-07-22,ukmo,6,16.7,14.5,0.8,33.5
2026-07-23,arpege,1,18.1,14.4,0,
2026-07-23,arpege,2,17.5,15.1,0,
2026-07-23,arpege,3,17.9,15.3,0,
2026-07-23,ecmwf,1,17,14.8,0,33.9
2026-07-23,ecmwf,2,17.3,14.5,0,32.8
2026-07-23,ecmwf,3,17.1,14.8,0,32.6
2026-07-23,ecmwf,4,16.8,14.7,0.3,38.2
2026-07-23,ecmwf,5,17.3,15.1,1.2,39.7
2026-07-23,ecmwf,6,17.1,15.3,1.2,33.7
2026-07-23,ecmwf,7,16.9,14.9,2.1,36.1
2026-07-23,gem,1,16.3,15.4,0,39.2
2026-07-23,gem,2,17.3,15.2,0,41.4
2026-07-23,gem,3,16.5,15.3,0,39.6
2026-07-23,gem,4,16.7,15,0,40.7
2026-07-23,gem,5,16.3,15.6,0,40.7
2026-07-23,gem,6,17.3,15.3,3.1,34.2
2026-07-23,gem,7,17.6,15.2,0.2,25.6
2026-07-23,gfs,1,16.4,14.8,0.1,41.4
2026-07-23,gfs,2,16.3,15,0,41.4
2026-07-23,gfs,3,16.9,15,0,45.1
2026-07-23,gfs,4,16.3,15,0.8,42.8
2026-07-23,gfs,5,18,16,1,48.2
2026-07-23,gfs,6,18.8,16,2.1,41.4
2026-07-23,gfs,7,17.3,15.6,1.1,28.6
2026-07-23,icon,1,18.6,14.3,0,32.1
2026-07-23,icon,2,18.3,15.2,0,34
2026-07-23,icon,3,19.1,15.5,0.4,33.3
2026-07-23,icon,4,18.7,15.6,1.7,42.3
2026-07-23,icon,5,20.4,15.9,3.5,38.2
2026-07-23,icon,6,20,16.7,0.3,40.8
2026-07-23,ukmo,1,15.8,15.3,0,37.1
2026-07-23,ukmo,2,19.2,13.1,0,24.8
2026-07-23,ukmo,3,18.5,13.9,0,26.6
2026-07-23,ukmo,4,17.4,13.6,0,28.8
2026-07-23,ukmo,5,18.9,14.1,0,27.7
2026-07-23,ukmo,6,19,13.5,0.2,28.4
2026-07-24,arpege,1,18.5,14.3,0,
2026-07-24,arpege,2,18,15.2,0,
2026-07-24,arpege,3,18.2,15.2,0,
2026-07-24,ecmwf,1,18.1,15,0.3,24.8
2026-07-24,ecmwf,2,17.9,14.6,0.3,26
2026-07-24,ecmwf,3,18.1,14.3,0,23.3
2026-07-24,ecmwf,4,18.1,14.5,0.6,24.7
2026-07-24,ecmwf,5,18,15.2,0.6,25.3
2026-07-24,ecmwf,6,18.2,14,1.8,32.1
2026-07-24,ecmwf,7,17.6,14.6,1.2,28.4
2026-07-24,gem,1,17.3,14.9,0.1,33.1
2026-07-24,gem,2,17.2,14.9,0.2,31.7
2026-07-24,gem,3,17.1,15.3,0.3,29.9
2026-07-24,gem,4,17,15.2,0.3,34.6
2026-07-24,gem,5,17.2,15.8,0.3,28.8
2026-07-24,gem,6,16.5,15,0.4,27.7
2026-07-24,gem,7,16,14.6,0,27
2026-07-24,gfs,1,17.3,15.6,0.5,33.6
2026-07-24,gfs,2,17.5,15.4,0.7,36.1
2026-07-24,gfs,3,17.6,15.5,0.2,30
2026-07-24,gfs,4,17.7,15.9,0.6,30.2
2026-07-24,gfs,5,17.4,15.7,0,33.1
2026-07-24,gfs,6,17.7,15.8,0,38.3
2026-07-24,gfs,7,17.4,16.2,0.2,35.4
2026-07-24,icon,1,18.4,14.4,0,25.9
2026-07-24,icon,2,18.1,15.2,0.1,26.5
2026-07-24,icon,3,17.9,15.4,0,22.7
2026-07-24,icon,4,18.3,15.4,0.6,26.7
2026-07-24,icon,5,17.7,16.2,3.7,34.5
2026-07-24,icon,6,18.5,16.2,0.9,35.9
2026-07-24,ukmo,1,17.6,15.3,0.2,33.8
2026-07-24,ukmo,2,18.3,14.4,0.2,24.5
2026-07-24,ukmo,3,19.3,13.8,0.6,25.6
2026-07-24,ukmo,4,19,13.6,0.9,23
2026-07-24,ukmo,5,19,14.4,0.6,24.8
2026-07-24,ukmo,6,18.5,13.7,0.7,29.5
2026-07-25,arpege,1,19.3,15.3,1,
2026-07-25,arpege,2,19.2,16,0.7,
2026-07-25,arpege,3,19.4,15.7,0,
2026-07-25,ecmwf,1,19.3,15.9,5.1,29.2
2026-07-25,ecmwf,2,20.1,16.5,2.7,32.8
2026-07-25,ecmwf,3,20.1,16.8,2.1,30.7
2026-07-25,ecmwf,4,19.6,16.6,0.9,26.2
2026-07-25,ecmwf,5,20.4,15.9,0,26.4
2026-07-25,ecmwf,6,18.9,16.7,1.2,31.8
2026-07-25,ecmwf,7,18.1,14.7,1.8,28.3
2026-07-25,gem,1,17.6,15.6,3.8,38.5
2026-07-25,gem,2,17.9,16.2,1.9,34.9
2026-07-25,gem,3,18.4,16.8,1.1,32
2026-07-25,gem,4,18.3,15.3,0.2,32.4
2026-07-25,gem,5,17.7,15.2,0.9,30.6
2026-07-25,gem,6,18.4,15.9,0,24.8
2026-07-25,gem,7,18.6,14.9,0.8,33.1
2026-07-25,gfs,1,17.7,16.5,0.8,40.3
2026-07-25,gfs,2,17.8,16.8,0.3,40.4
2026-07-25,gfs,3,18,16.8,0.6,44.1
2026-07-25,gfs,4,18.2,17.5,0,34
2026-07-25,gfs,5,18.9,16.7,0.4,36.5
2026-07-25,gfs,6,17.3,16,1.5,43.6
2026-07-25,gfs,7,18,15.8,3.4,43.5
2026-07-25,icon,1,19,15.1,4.3,31.9
2026-07-25,icon,2,18.7,16.7,1.7,23.8
2026-07-25,icon,3,18.7,16.4,0.3,24.7
2026-07-25,icon,4,18.6,16.5,2.5,26.5
2026-07-25,icon,5,19.4,16.3,7,26
2026-07-25,icon,6,17.5,16.1,4.7,33.5
2026-07-25,ukmo,1,18.2,16.6,2.8,39.2
2026-07-25,ukmo,2,21.1,14.7,1.8,28.4
2026-07-25,ukmo,3,21.6,16.1,0.8,28.4
2026-07-25,ukmo,4,21.9,14.4,0,28.1
2026-07-25,ukmo,5,21.8,15.5,0,18.7
2026-07-25,ukmo,6,21.2,14.4,0,25.6
2026-07-26,arpege,1,18.6,13.4,4.6,
2026-07-26,arpege,2,19.1,14.8,3.6,
2026-07-26,arpege,3,18.2,15.2,2.2,
2026-07-26,ecmwf,1,17.8,16,9,29.5
2026-07-26,ecmwf,2,17.7,16.2,3,24
2026-07-26,ecmwf,3,17.8,16,4.2,28.5
2026-07-26,ecmwf,4,18,15.2,3.6,23.4
2026-07-26,ecmwf,5,17.3,16.1,15.9,24.2
2026-07-26,ecmwf,6,18.4,15,0,25.9
2026-07-26,ecmwf,7,18.8,15.8,1.5,33.8
2026-07-26,gem,1,17,15.5,1.7,36.7
2026-07-26,gem,2,16.8,15.5,2.4,36.4
2026-07-26,gem,3,16.9,15.2,2.1,32.8
2026-07-26,gem,4,17.1,15,2.9,32
2026-07-26,gem,5,17.9,15.3,4.9,37.1
2026-07-26,gem,6,17,16.1,2.2,41.4
2026-07-26,gem,7,19.9,15.6,0.3,21.2
2026-07-26,gfs,1,16.8,15,3.9,38.8
2026-07-26,gfs,2,16.7,13.8,3.5,37.8
2026-07-26,gfs,3,16.8,15.6,0.6,35.2
2026-07-26,gfs,4,17.7,15.5,2.8,41.8
2026-07-26,gfs,5,17.2,16.2,8.6,37
2026-07-26,gfs,6,16.8,15.3,2.7,48.8
2026-07-26,gfs,7,19.3,15.1,1,38.4
2026-07-26,icon,1,17.8,15,4.2,26.7
2026-07-26,icon,2,17.4,15.6,4.9,24.1
2026-07-26,icon,3,17.2,15.3,3.8,29.3
2026-07-26,icon,4,17.5,15.7,2.2,30.8
2026-07-26,icon,5,18.5,16,3.6,34
2026-07-26,icon,6,17.8,15.6,3.2,35.7
2026-07-26,ukmo,1,17.2,16.2,2.2,36
2026-07-26,ukmo,2,21.1,13.2,1,24.5
2026-07-26,ukmo,3,21.5,15.8,11.4,20.2
2026-07-26,ukmo,4,21.2,13.9,4.5,23.8
2026-07-26,ukmo,5,18.1,13.9,14.6,31
2026-07-26,ukmo,6,21.6,15.1,0.3,18.7
2026-07-27,arpege,1,16.9,14.8,2,
2026-07-27,arpege,2,16.9,15,0.2,
2026-07-27,arpege,3,17.3,13.7,3.3,
2026-07-27,ecmwf,1,16.7,14.9,2.1,34.9
2026-07-27,ecmwf,2,16.8,15.1,3,37
2026-07-27,ecmwf,3,16.8,15.1,1.2,33
2026-07-27,ecmwf,4,16.8,15,1.5,33.2
2026-07-27,ecmwf,5,17.4,14.9,0,36.9
2026-07-27,ecmwf,6,16.1,14.6,2.1,36.1
2026-07-27,ecmwf,7,17.9,15.6,5.1,19.6
2026-07-27,gem,1,16.2,14.8,0.8,41.8
2026-07-27,gem,2,15.9,14.3,1.4,38.5
2026-07-27,gem,3,16.5,14.5,1.9,31.7
2026-07-27,gem,4,16.2,15.2,1.3,34.9
2026-07-27,gem,5,16.5,15.4,0,34.2
2026-07-27,gem,6,17.3,15.2,0.1,41.8
2026-07-27,gem,7,16.8,15.3,0.5,41.8
2026-07-27,gfs,1,16.1,15.1,1.6,46.1
2026-07-27,gfs,2,16.4,14.8,1.6,43.8
2026-07-27,gfs,3,16.3,15.4,0.4,37.3
2026-07-27,gfs,4,17,15.4,0.6,40.2
2026-07-27,gfs,5,16.7,15.7,0.7,37
2026-07-27,gfs,6,16.8,14.5,0.5,46.1
2026-07-27,gfs,7,16.4,15.5,0.7,38.7
2026-07-27,icon,1,17.2,14.6,0.5,37.1
2026-07-27,icon,2,16.4,15.1,1.3,33.8
2026-07-27,icon,3,16.8,15.3,1.1,33
2026-07-27,icon,4,17.1,15.5,0,32.3
2026-07-27,icon,5,16.9,15.9,0,38.5
2026-07-27,icon,6,17.8,15.6,6,36.2
2026-07-27,ukmo,1,16.7,15.3,2,43.2
2026-07-27,ukmo,2,16.9,13.2,1.1,34.2
2026-07-27,ukmo,3,17.8,14.1,0.6,30.2
2026-07-27,ukmo,4,18.4,14.2,0,30.6
2026-07-27,ukmo,5,17.9,14.2,0,32.8
2026-07-27,ukmo,6,16.5,14.1,0.2,38.2
2026-07-28,arpege,1,19.3,15.3,0,
2026-07-28,arpege,2,19,15.7,0.1,
2026-07-28,arpege,3,19,16.1,0.1,
2026-07-28,ecmwf,1,19.3,15.7,1.2,28.2
2026-07-28,ecmwf,2,19.2,15.7,0.6,27.4
2026-07-28,ecmwf,3,19,15.9,0.6,30
2026-07-28,ecmwf,4,18.9,16.5,0.6,26.1
2026-07-28,ecmwf,5,19.6,16.3,1.2,27.1
2026-07-28,ecmwf,6,19.5,15.3,0,33.3
2026-07-28,ecmwf,7,18.5,15.2,2.1,34.7
2026-07-28,gem,1,18.2,15.6,0,30.2
2026-07-28,gem,2,17.9,15.4,0,32
2026-07-28,gem,3,18.3,15.6,1.2,33.5
2026-07-28,gem,4,18.8,16.3,1.1,38.9
2026-07-28,gem,5,18.3,15.7,0.2,33.8
2026-07-28,gem,6,17.8,15.6,0,35.6
2026-07-28,gem,7,18.4,15.6,0.2,36.4
2026-07-28,gfs,1,18.5,15.9,0.4,35.7
2026-07-28,gfs,2,18,15.9,0.1,40.1
2026-07-28,gfs,3,17.7,16.1,0.4,36.7
2026-07-28,gfs,4,18.3,16.8,0,31
2026-07-28,gfs,5,19.5,15.9,0.1,35.6
2026-07-28,gfs,6,18.8,16.6,0,30
2026-07-28,gfs,7,19.7,15.8,0.3,37.9
2026-07-28,icon,1,19.2,14.7,0,21
2026-07-28,icon,2,18.9,16.1,0,27.3
2026-07-28,icon,3,19.2,16.7,0.9,24.6
2026-07-28,icon,4,19.1,15.6,0.7,21.7
2026-07-28,icon,5,18.7,16,0,32.8
2026-07-28,icon,6,18.2,16.7,0.2,26.4
2026-07-28,ukmo,1,19.1,16.5,0,36.4
2026-07-28,ukmo,2,20.8,14.3,0,25.2
2026-07-28,ukmo,3,21.1,14.4,0.2,26.6
2026-07-28,ukmo,4,20.6,15.5,0,25.2
2026-07-28,ukmo,5,21.5,14.6,0,25.9
2026-07-28,ukmo,6,19.3,14.3,1.2,26.6
2026-07-29,arpege,1,26.7,17.3,0,
2026-07-29,arpege,2,25.9,17.5,0,
2026-07-29,arpege,3,26.4,17.7,0,
2026-07-29,ecmwf,1,24,18.6,0,19.2
2026-07-29,ecmwf,2,23.8,18.4,0,18.1
2026-07-29,ecmwf,3,24.1,18.3,0,18.4
2026-07-29,ecmwf,4,24.1,18.7,0.3,17.9
2026-07-29,ecmwf,5,24.1,17.4,0,15.7
2026-07-29,ecmwf,6,22.1,17.8,0,17.3
2026-07-29,ecmwf,7,23.6,18,0,18.7
2026-07-29,gem,1,22.9,17.8,0,19.1
2026-07-29,gem,2,22.7,17.8,0,17.3
2026-07-29,gem,3,21.4,17.9,0,21.6
2026-07-29,gem,4,21.6,17.2,0,18.7
2026-07-29,gem,5,22,17.7,0,24.5
2026-07-29,gem,6,21.7,17.3,0,25.9
2026-07-29,gem,7,21.7,17.4,0,30.6
2026-07-29,gfs,1,21.7,18.3,0.7,23.4
2026-07-29,gfs,2,22.9,18.1,0,23.3
2026-07-29,gfs,3,23.2,17.8,0,28
2026-07-29,gfs,4,22,17.2,0,23.5
2026-07-29,gfs,5,22.7,19,0,22.7
2026-07-29,gfs,6,22.1,17.5,0,20.5
2026-07-29,gfs,7,21.8,18.5,0,27.3
2026-07-29,icon,1,24.6,17.4,0,14.9
2026-07-29,icon,2,22.7,18,0,15
2026-07-29,icon,3,22.7,18.5,0,14.8
2026-07-29,icon,4,23.1,17.7,0,11.3
2026-07-29,icon,5,20.9,17.3,0,10.9
2026-07-29,icon,6,21.2,18,0,13.7
2026-07-29,ukmo,1,21.6,18.6,0,23
2026-07-29,ukmo,2,26.9,17.1,0,20.2
2026-07-29,ukmo,3,27.6,16.7,0,23.8
2026-07-29,ukmo,4,26.4,16.8,0,18.4
2026-07-29,ukmo,5,27.8,15.6,0,17.3
2026-07-29,ukmo,6,27,16.3,0.4,24.1
2026-07-30,arpege,1,24.4,16.6,0,
2026-07-30,arpege,2,26.4,18,0.1,
2026-07-30,arpege,3,26,17.2,0.1,
2026-07-30,ecmwf,1,23.1,17.7,0,28.4
2026-07-30,ecmwf,2,23.1,17.6,0,28.4
2026-07-30,ecmwf,3,22.6,17.7,0,25.2
2026-07-30,ecmwf,4,24.4,17.9,0,26.6
2026-07-30,ecmwf,5,28.4,17.8,0,35.4
2026-07-30,ecmwf,6,21.8,18.2,0,24.2
2026-07-30,ecmwf,7,24.6,19.2,0,11.3
2026-07-30,gem,1,21.2,16.8,0,30.6
2026-07-30,gem,2,20.5,16.9,0,25.9
2026-07-30,gem,3,21.3,18.1,0.1,28.4
2026-07-30,gem,4,21.2,18.2,0,27
2026-07-30,gem,5,21.2,18.3,1.1,27.4
2026-07-30,gem,6,20.9,18.1,1.5,36.4
2026-07-30,gem,7,20.8,16.9,0.3,32
2026-07-30,gfs,1,20.8,17.4,0,29.3
2026-07-30,gfs,2,21.6,17.3,0,35.4
2026-07-30,gfs,3,22.1,17.5,0,33.5
2026-07-30,gfs,4,23.1,17.8,0,38.2
2026-07-30,gfs,5,25.5,18.2,1.2,38.1
2026-07-30,gfs,6,20.4,18.1,0,32.4
2026-07-30,gfs,7,23.6,18.4,0,26.7
2026-07-30,icon,1,24.2,16.8,0,26.6
2026-07-30,icon,2,21.3,17.3,0,22.2
2026-07-30,icon,3,22.8,17.5,0,19.7
2026-07-30,icon,4,23.3,18.4,0,19.8
2026-07-30,icon,5,26.9,19.2,0,21.5
2026-07-30,icon,6,23.7,18.7,0,13
2026-07-30,ukmo,1,21,17.5,0,33.1
2026-07-30,ukmo,2,25.4,17.4,0,19.1
2026-07-30,ukmo,3,30.2,17.6,0,21.6
2026-07-30,ukmo,4,29.2,17.1,0.4,28.1
2026-07-30,ukmo,5,33.1,18.4,0,23
2026-07-30,ukmo,6,30.4,17.3,0,15.8
2026-07-31,arpege,1,17.3,14.1,0.8,
2026-07-31,arpege,2,18.9,15.4,0.5,
2026-07-31,arpege,3,19,15.5,0,
2026-07-31,ecmwf,1,17.5,16,8.4,19.1
2026-07-31,ecmwf,2,18,16,2.4,22.4
2026-07-31,ecmwf,3,18.7,16.2,0,20.8
2026-07-31,ecmwf,4,19.1,16.5,0.3,25.8
2026-07-31,ecmwf,5,19.6,15.7,0,19.6
2026-07-31,ecmwf,6,21.7,18,0,20.9
2026-07-31,ecmwf,7,21.6,17.8,0,25.5
2026-07-31,gem,1,16.4,14.5,0.5,23.4
2026-07-31,gem,2,16.3,15.6,0,24.1
2026-07-31,gem,3,18.1,15.4,0.4,33.8
2026-07-31,gem,4,18,15.3,0.3,29.9
2026-07-31,gem,5,18.1,16,0.3,25.9
2026-07-31,gem,6,19.3,17.2,0,27.7
2026-07-31,gem,7,20.4,16.6,0,25.6
2026-07-31,gfs,1,17.2,14.2,0.8,23.8
2026-07-31,gfs,2,17.3,16.3,0,28
2026-07-31,gfs,3,17.4,15.3,1.3,29
2026-07-31,gfs,4,18.1,16,0.2,24.7
2026-07-31,gfs,5,18.7,16.8,0.1,26.9
2026-07-31,gfs,6,18.3,16.1,0,33.9
2026-07-31,gfs,7,19.3,17.8,0,28.2
2026-07-31,icon,1,16.6,15.1,2.9,17
2026-07-31,icon,2,17.3,15.6,3.9,23.7
2026-07-31,icon,3,17.6,16.2,0.1,15.7
2026-07-31,icon,4,18.3,15.8,1.1,21.6
2026-07-31,icon,5,19.2,16.7,0.1,25.6
2026-07-31,icon,6,21.2,17.8,3.9,16.5
2026-07-31,ukmo,1,17.3,15.3,3.9,25.6
2026-07-31,ukmo,2,20.6,13.9,0,18.7
2026-07-31,ukmo,3,21.5,15.3,0,19.1
2026-07-31,ukmo,4,19.5,13.6,0,24.5
2026-07-31,ukmo,5,26.7,13.7,1.4,30.2
2026-07-31,ukmo,6,26.5,15.7,0,19.8
2026-08-01,arpege,1,18.6,13.5,0.2,
2026-08-01,arpege,2,18.3,14.6,0.3,
2026-08-01,arpege,3,18.8,13.7,0,
2026-08-01,ecmwf,1,18.1,15.3,0,23.9
2026-08-01,ecmwf,2,18.5,15.3,0.6,25.7
2026-08-01,ecmwf,3,18.6,14.5,0.9,20.7
2026-08-01,ecmwf,4,18.6,14,5.7,19.1
2026-08-01,ecmwf,5,18.5,14.1,0,15.9
2026-08-01,ecmwf,6,18.8,15.3,0,13.1
2026-08-01,ecmwf,7,19.2,16.1,0,17.5
2026-08-01,gem,1,17.6,16,0,27.7
2026-08-01,gem,2,17.1,15.2,0.1,27.4
2026-08-01,gem,3,17.2,14.7,0,23.4
2026-08-01,gem,4,16.9,15.1,0.3,23.4
2026-08-01,gem,5,17.3,15.5,0.3,21.6
2026-08-01,gem,6,17.2,15.5,2.1,20.2
2026-08-01,gem,7,19,16.3,0,28.4
2026-08-01,gfs,1,17.6,15.8,0,31.6
2026-08-01,gfs,2,17.6,15.8,0,30.1
2026-08-01,gfs,3,17.5,14.9,0,25.8
2026-08-01,gfs,4,17.2,14.1,0,26.9
2026-08-01,gfs,5,17.6,15,0,28.8
2026-08-01,gfs,6,17.5,16.1,0.1,34.5
2026-08-01,gfs,7,22.3,16.8,0,26.2
2026-08-01,icon,1,18.9,14.7,0,24.6
2026-08-01,icon,2,17.7,15.7,0,24.3
2026-08-01,icon,3,17.6,14.5,0.1,19.6
2026-08-01,icon,4,17.5,15.3,0.3,16.9
2026-08-01,icon,5,17.5,15.4,0,23.5
2026-08-01,icon,6,18.8,15.7,0,19.6
2026-08-01,ukmo,1,17.7,16.6,0,27.4
2026-08-01,ukmo,2,19.4,9.1,0.2,21.6
2026-08-01,ukmo,3,20,9.5,0.4,19.1
2026-08-01,ukmo,4,19.9,12.8,0,20.2
2026-08-01,ukmo,5,21.2,12.6,0,18.7
2026-08-01,ukmo,6,17.9,14.3,0.8,22.3
2026-08-02,arpege,1,19.8,14.6,0,
2026-08-02,arpege,2,19.7,16.1,0.2,
2026-08-02,arpege,3,19.8,16.6,0,
2026-08-02,ecmwf,1,18.8,15.7,0.6,20.2
2026-08-02,ecmwf,2,19.1,16.2,0.6,20
2026-08-02,ecmwf,3,19.3,16.2,0,18.5
2026-08-02,ecmwf,4,18.9,16.3,0,18.4
2026-08-02,ecmwf,5,19.6,16.1,0,14.1
2026-08-02,ecmwf,6,19.4,16.4,0,16.9
2026-08-02,ecmwf,7,19.4,15.4,0,10.1
2026-08-02,gem,1,18.3,16.2,0,29.5
2026-08-02,gem,2,17.7,15.6,1.9,26.3
2026-08-02,gem,3,17.4,16,0,22
2026-08-02,gem,4,17.2,16.3,0.1,25.2
2026-08-02,gem,5,18.2,17,0,18
2026-08-02,gem,6,17.6,15.9,0,18
2026-08-02,gem,7,17.2,16.2,0.3,22.7
2026-08-02,gfs,1,17.9,16.7,0.3,27.2
2026-08-02,gfs,2,18.1,16.4,0,26.3
2026-08-02,gfs,3,17.2,16.1,0,26.7
2026-08-02,gfs,4,17.4,16.2,0.2,28
2026-08-02,gfs,5,17.5,15.9,0,24
2026-08-02,gfs,6,17.4,15.7,0,29.3
2026-08-02,gfs,7,18.3,15.8,0.2,28.1
2026-08-02,icon,1,19.8,15.8,0.5,19.4
2026-08-02,icon,2,18.8,16,0,19.8
2026-08-02,icon,3,18.8,16.3,0.3,22.7
2026-08-02,icon,4,19.2,16.2,0.2,14.9
2026-08-02,icon,5,20.3,17.1,0,17.8
2026-08-02,icon,6,19.6,16.3,0,16.9
2026-08-02,ukmo,1,18.4,16.5,0.5,31.3
2026-08-02,ukmo,2,21,12.9,0.3,22
2026-08-02,ukmo,3,21.1,13.7,0.3,25.2
2026-08-02,ukmo,4,20.8,12,0,23
2026-08-02,ukmo,5,21.1,14.5,0,21.6
2026-08-02,ukmo,6,24.5,12.4,0,11.9
2026-08-03,arpege,1,24.4,13.5,0,
2026-08-03,arpege,2,24.3,14.6,0,
2026-08-03,arpege,3,23.7,14.6,0,
2026-08-03,ecmwf,1,23.8,13.8,0,24.5
2026-08-03,ecmwf,2,24.2,14.1,0,26.1
2026-08-03,ecmwf,3,24.8,14,0,26
2026-08-03,ecmwf,4,22.6,14.4,0,24.4
2026-08-03,ecmwf,5,23.4,14,0,27.2
2026-08-03,ecmwf,6,22.1,16.1,0,24.3
2026-08-03,ecmwf,7,21,17.1,0,21.6
2026-08-03,gem,1,22.1,15.5,0,24.1
2026-08-03,gem,2,22.2,14.6,0,24.5
2026-08-03,gem,3,20.5,14.4,0,24.1
2026-08-03,gem,4,20.8,14.3,0,25.6
2026-08-03,gem,5,18.7,15.9,0,31
2026-08-03,gem,6,21.6,15.8,5.8,31.3
2026-08-03,gem,7,18.3,16.1,0,25.6
2026-08-03,gfs,1,22.3,15,0,26.7
2026-08-03,gfs,2,22.6,15.5,0,30.3
2026-08-03,gfs,3,22.1,14.6,0,36.1
2026-08-03,gfs,4,20.2,14.9,0,27
2026-08-03,gfs,5,18.2,14.5,0,36.9
2026-08-03,gfs,6,20.1,14,0,35.3
2026-08-03,gfs,7,16.8,15.4,0,33.5
2026-08-03,icon,1,23.9,14.6,0,22.8
2026-08-03,icon,2,23,15.9,0,23.2
2026-08-03,icon,3,23,14.3,0,21.7
2026-08-03,icon,4,20.5,14.8,0,23.7
2026-08-03,icon,5,21.2,15.9,0,23.9
2026-08-03,icon,6,21.5,17.8,11.5,22.9
2026-08-03,ukmo,1,22.1,15.8,0,28.8
2026-08-03,ukmo,2,25.3,11.3,0,19.4
2026-08-03,ukmo,3,26.8,10.1,0,24.5
2026-08-03,ukmo,4,24.5,9.5,0,16.2
2026-08-03,ukmo,5,21.5,10.2,0,12.6
2026-08-03,ukmo,6,23.3,13.5,0,17.3
2026-08-04,arpege,1,26.9,18.4,0,
2026-08-04,arpege,2,29.2,18.2,0,
2026-08-04,arpege,3,28.1,17.3,0,
2026-08-04,ecmwf,1,24.6,18.1,0,24.7
2026-08-04,ecmwf,2,25.1,18.1,1.2,25.4
2026-08-04,ecmwf,3,25.1,18.2,1.2,26.2
2026-08-04,ecmwf,4,25.2,18.8,0.6,28.1
2026-08-04,ecmwf,5,21.4,16.2,1.8,23
2026-08-04,ecmwf,6,20.9,18.6,16.2,19.8
2026-08-04,ecmwf,7,21.8,19.3,0.6,30.3
2026-08-04,gem,1,23.2,18.5,1.1,33.5
2026-08-04,gem,2,23.6,18.3,7.1,28.1
2026-08-04,gem,3,22.3,16.8,1.3,26.6
2026-08-04,gem,4,21.9,17.7,1.8,34.9
2026-08-04,gem,5,20.1,17.2,0.1,29.5
2026-08-04,gem,6,19,14.6,0.3,38.2
2026-08-04,gem,7,18.9,15.9,0.2,31.7
2026-08-04,gfs,1,22.2,18.2,0.5,36.4
2026-08-04,gfs,2,21.8,18.1,4.4,34.5
2026-08-04,gfs,3,22.2,18.1,3.6,31
2026-08-04,gfs,4,21.3,17.3,0.6,26.7
2026-08-04,gfs,5,21,15.1,8,36.7
2026-08-04,gfs,6,17.9,13.9,2.2,38.9
2026-08-04,gfs,7,20,14.7,0.1,34.3
2026-08-04,icon,1,25,17.9,0,27.4
2026-08-04,icon,2,23.7,17.7,4.1,26.9
2026-08-04,icon,3,23,17.7,0.6,26.6
2026-08-04,icon,4,21,17,5.7,24.3
2026-08-04,icon,5,21.4,17.4,6.8,23.9
2026-08-04,icon,6,19.7,15.6,3,28
2026-08-04,ukmo,1,22.7,18,3,40.3
2026-08-04,ukmo,2,28.9,15.9,5.6,24.8
2026-08-04,ukmo,3,27.1,17.3,0.9,24.5
2026-08-04,ukmo,4,28.5,17.4,1.1,19.4
2026-08-04,ukmo,5,26,14.2,1.2,17.6
2026-08-04,ukmo,6,18.3,14.9,3,25.2
2026-08-05,arpege,1,21.6,18.3,0,
2026-08-05,arpege,2,21.4,18.5,2,
2026-08-05,arpege,3,21.2,19.1,0,
2026-08-05,ecmwf,1,21.3,18.5,4.8,32.3
2026-08-05,ecmwf,2,21,18.7,0,32.8
2026-08-05,ecmwf,3,21.5,19.2,0,33
2026-08-05,ecmwf,4,21.1,18.7,2.1,33.4
2026-08-05,ecmwf,5,21.7,18.1,0,30.1
2026-08-05,ecmwf,6,21.9,17.3,0.9,27.5
2026-08-05,ecmwf,7,19.1,15.5,1.5,38.3
2026-08-05,gem,1,19.5,18.1,3.2,40
2026-08-05,gem,2,19.6,18,0,38.5
2026-08-05,gem,3,20.3,18.9,2.8,42.5
2026-08-05,gem,4,19.6,18.7,5.8,38.2
2026-08-05,gem,5,20,16.9,0.3,41.4
2026-08-05,gem,6,19.4,15.1,0.8,36
2026-08-05,gem,7,15.8,15.1,0,31.3
2026-08-05,gfs,1,20.5,18.1,0.6,40.5
2026-08-05,gfs,2,19.7,18.2,0.4,39
2026-08-05,gfs,3,19.7,18.4,0,34.8
2026-08-05,gfs,4,19.5,18.4,0,28.6
2026-08-05,gfs,5,19.8,17.6,0,28
2026-08-05,gfs,6,17.1,15.2,0.2,31.2
2026-08-05,gfs,7,17.1,13.9,1.5,50.6
2026-08-05,icon,1,21.1,18.2,3.1,37
2026-08-05,icon,2,20.4,17.8,0,32.6
2026-08-05,icon,3,20.4,18.4,0,34.1
2026-08-05,icon,4,20.8,18.5,0.1,33.3
2026-08-05,icon,5,20.8,18.3,0.3,31.2
2026-08-05,icon,6,18.8,15.9,1.6,26.6
2026-08-05,ukmo,1,20.3,18.2,13.8,42.8
2026-08-05,ukmo,2,22.8,18.4,6.1,32.4
2026-08-05,ukmo,3,22.8,18.6,0.3,31.7
2026-08-05,ukmo,4,23.2,18,0.8,30.2
2026-08-05,ukmo,5,24.2,18.1,1.4,29.9
2026-08-05,ukmo,6,23.1,14.4,0.8,23
2026-08-06,arpege,1,18.7,16.5,1.1,
2026-08-06,arpege,2,19,16.6,0.5,
2026-08-06,arpege,3,19.1,16.2,0.6,
2026-08-06,ecmwf,1,18.7,16,3,43.1
2026-08-06,ecmwf,2,18.9,16.4,1.5,44.2
2026-08-06,ecmwf,3,19.3,16.2,1.5,41.1
2026-08-06,ecmwf,4,19.9,16.5,2.7,39.4
2026-08-06,ecmwf,5,19.9,16.9,6,39.6
2026-08-06,ecmwf,6,18.8,15.7,0,31.4
2026-08-06,ecmwf,7,19.1,14.9,0,29.9
2026-08-06,gem,1,18.2,15.9,0.3,47.2
2026-08-06,gem,2,18.2,15.9,1.2,47.2
2026-08-06,gem,3,19.2,16.6,0.6,50
2026-08-06,gem,4,19.4,16.4,0.6,54
2026-08-06,gem,5,19.2,15.9,0.7,36.4
2026-08-06,gem,6,19.7,16.1,0.3,46.1
2026-08-06,gem,7,19.2,15.2,0,49
2026-08-06,gfs,1,18.7,16.4,1.3,51.1
2026-08-06,gfs,2,18.4,16.5,0.7,53
2026-08-06,gfs,3,18.7,16.4,0.8,45.2
2026-08-06,gfs,4,18.9,16.7,0.3,48.2
2026-08-06,gfs,5,19,17,0,33.2
2026-08-06,gfs,6,17.8,15.9,0,42.2
2026-08-06,gfs,7,21.4,15.2,0,33.9
2026-08-06,icon,1,18.4,16,0.6,41.2
2026-08-06,icon,2,18.7,15.3,1.3,36.1
2026-08-06,icon,3,19.2,16.2,2.1,35.7
2026-08-06,icon,4,19,16,0.5,37
2026-08-06,icon,5,19.5,16.1,0.2,42.2
2026-08-06,icon,6,20.8,16.9,0,34.4
2026-08-06,ukmo,1,19.1,15.9,1.2,49
2026-08-06,ukmo,2,19.8,16,1.6,40
2026-08-06,ukmo,3,20.4,16.3,1.2,37.8
2026-08-06,ukmo,4,20.5,15.8,3,36.4
2026-08-06,ukmo,5,19.6,15.6,5.1,36.4
2026-08-06,ukmo,6,24.7,17.9,0,23.8
2026-08-07,arpege,1,17.8,15.3,0,
2026-08-07,arpege,2,18,16,0.2,
2026-08-07,arpege,3,17.6,15.9,0.6,
2026-08-07,ecmwf,1,17.4,15.6,0,32.7
2026-08-07,ecmwf,2,17.8,15.3,0.6,30.2
2026-08-07,ecmwf,3,17.1,15.2,0.6,30.8
2026-08-07,ecmwf,4,16.7,15.3,0.6,28.4
2026-08-07,ecmwf,5,17.4,15.7,3.6,32.4
2026-08-07,ecmwf,6,16.8,15.8,1.8,36.6
2026-08-07,ecmwf,7,21.2,15.6,1.8,24.7
2026-08-07,gem,1,16.7,14.8,1.1,36.4
2026-08-07,gem,2,16.9,14.7,0.7,39.2
2026-08-07,gem,3,16.7,15.3,1.2,43.2
2026-08-07,gem,4,16.3,15.6,0.6,45
2026-08-07,gem,5,16.5,14.9,0.3,38.2
2026-08-07,gem,6,17.6,15.5,0,33.1
2026-08-07,gem,7,18.5,17.5,0.3,28.8
2026-08-07,gfs,1,17,15,1.1,39.6
2026-08-07,gfs,2,17,15,1.1,46.5
2026-08-07,gfs,3,17,15.3,0.5,43.3
2026-08-07,gfs,4,17,15.8,0.7,35.8
2026-08-07,gfs,5,17.1,15.8,0.8,37
2026-08-07,gfs,6,16.8,15.7,1.8,45.5
2026-08-07,gfs,7,17.2,15.4,0.5,44.7
2026-08-07,icon,1,17.9,15.1,0,32.4
2026-08-07,icon,2,17.7,15.4,0.1,30.6
2026-08-07,icon,3,17.6,14.7,0.3,29.2
2026-08-07,icon,4,17.4,14.5,0,30
2026-08-07,icon,5,16.3,15.2,0.8,32.2
2026-08-07,icon,6,18.1,15.7,3.4,34.6
2026-08-07,ukmo,1,17.4,15.2,1.1,41
2026-08-07,ukmo,2,18.5,15.2,0,29.5
2026-08-07,ukmo,3,17.9,15.2,1.1,29.2
2026-08-07,ukmo,4,18.1,15.1,0,26.6
2026-08-07,ukmo,5,18.7,14.8,0.4,29.2
2026-08-07,ukmo,6,19.1,14.6,0,24.5
2026-08-08,arpege,1,20,14.3,0,18.4
2026-08-08,arpege,2,20.1,16.7,0,
2026-08-08,arpege,3,20.5,16.6,0,
2026-08-08,ecmwf,1,19.2,16.1,0,17.4
2026-08-08,ecmwf,2,19,15.6,0,14.8
2026-08-08,ecmwf,3,19,15.4,0,12.2
2026-08-08,ecmwf,4,20.4,15,0,19.4
2026-08-08,ecmwf,5,18.5,14.8,0,20.2
2026-08-08,ecmwf,6,19.4,15.1,0,20.5
2026-08-08,ecmwf,7,17.8,15,1.8,33.6
2026-08-08,gem,1,18,16.8,0,24.1
2026-08-08,gem,2,18.2,16.7,0,22.3
2026-08-08,gem,3,18.3,16.6,0,24.5
2026-08-08,gem,4,18.4,15.8,0,20.2
2026-08-08,gem,5,17.9,15.3,0.2,28.1
2026-08-08,gem,6,18.3,16.6,0.3,34.2
2026-08-08,gem,7,18.9,17.2,1.3,37.1
2026-08-08,gfs,1,17.8,16.9,0,28.2
2026-08-08,gfs,2,18.2,16.7,0,25.3
2026-08-08,gfs,3,18.4,16.4,0,25.4
2026-08-08,gfs,4,18.4,16.7,0,29.2
2026-08-08,gfs,5,18,16.5,0,33.9
2026-08-08,gfs,6,17.8,15.4,0.4,38.8
2026-08-08,gfs,7,17.3,15.4,0.7,45.1
2026-08-08,icon,1,19.9,15.7,0,19.8
2026-08-08,icon,2,19.4,16.5,0.4,17.1
2026-08-08,icon,3,19.5,16.7,0.3,17.8
2026-08-08,icon,4,20.1,16.9,0,24.7
2026-08-08,icon,5,18.6,15.5,0.9,30.9
2026-08-08,icon,6,17.1,14.7,11.8,28.8
2026-08-08,ukmo,1,18.4,17.2,0.7,24.5
2026-08-08,ukmo,2,21,11.5,0,17.6
2026-08-08,ukmo,3,20.6,14.5,0.3,20.5
2026-08-08,ukmo,4,20.6,14.9,0,22.3
2026-08-08,ukmo,5,19.9,14.8,6.2,24.5
2026-08-08,ukmo,6,18,12.9,4.1,15.5
2026-08-09,arpege,1,23.1,13.6,0,18.6
2026-08-09,arpege,2,22.5,16.9,0,23.2
2026-08-09,arpege,3,22.3,17,0,
2026-08-09,ecmwf,1,20.6,15.7,0,19.9
2026-08-09,ecmwf,2,20.5,15.8,0,18.8
2026-08-09,ecmwf,3,20.9,16.2,0,19.1
2026-08-09,ecmwf,4,22.3,17.3,0,23.2
2026-08-09,ecmwf,5,23,15.5,0.3,24.7
2026-08-09,ecmwf,6,21.9,17.4,1.5,19.5
2026-08-09,ecmwf,7,21.1,14.9,0,29.2
2026-08-09,gem,1,19.5,17.2,0,23.8
2026-08-09,gem,2,20.1,17.3,0,24.5
2026-08-09,gem,3,19.7,16.5,0,28.8
2026-08-09,gem,4,19.9,16.7,0,30.6
2026-08-09,gem,5,20.5,16.4,0,29.9
2026-08-09,gem,6,22.5,15.3,2.3,38.9
2026-08-09,gem,7,19.1,15.2,0.7,31.3
2026-08-09,gfs,1,19.7,16.7,0,25.6
2026-08-09,gfs,2,19.5,17.1,0,26.8
2026-08-09,gfs,3,20.2,17.2,0,26.5
2026-08-09,gfs,4,19.5,17.2,0,26
2026-08-09,gfs,5,19.2,17.6,0,25.5
2026-08-09,gfs,6,18.4,16.5,0,38.7
2026-08-09,gfs,7,17.2,14,0,35.5
2026-08-09,icon,1,22.2,16.8,0,21.6
2026-08-09,icon,2,21,17.6,0,22
2026-08-09,icon,3,21.4,17.8,0,22.1
2026-08-09,icon,4,22.1,17.3,0,26.4
2026-08-09,icon,5,21.3,17.8,2.7,30.3
2026-08-09,icon,6,20.9,16.9,7.8,33
2026-08-09,ukmo,1,19.8,17.6,0,31
2026-08-09,ukmo,2,24.7,11,0,16.6
2026-08-09,ukmo,3,24.5,12.7,0,15.8
2026-08-09,ukmo,4,26.4,14.4,0,20.5
2026-08-09,ukmo,5,24.1,14.5,0.3,28.8
2026-08-09,ukmo,6,20,10.2,14.3,27.4
2026-08-10,arpege,1,18.4,15.4,7.3,34.7
2026-08-10,arpege,2,18.1,16,5.4,39.3
2026-08-10,arpege,3,19.6,15.6,5,38.3
2026-08-10,ecmwf,1,19,15.6,4.2,34.3
2026-08-10,ecmwf,2,18.9,15.5,5.7,34.8
2026-08-10,ecmwf,3,18.7,15.4,6.3,35.4
2026-08-10,ecmwf,4,18.9,15.8,3.9,29.1
2026-08-10,ecmwf,5,19.6,16.6,0.6,42.3
2026-08-10,ecmwf,6,19.6,17,0.3,29.9
2026-08-10,ecmwf,7,19.8,16.9,2.1,28.9
2026-08-10,gem,1,18.7,15,2.2,38.5
2026-08-10,gem,2,18.9,15.7,6.2,41.8
2026-08-10,gem,3,18.5,15.9,11,33.1
2026-08-10,gem,4,18.7,15.3,5.1,37.1
2026-08-10,gem,5,19,15.2,4.1,56.9
2026-08-10,gem,6,18.8,15.6,1.5,43.9
2026-08-10,gem,7,16.9,14.4,0,27.7
2026-08-10,gfs,1,19.1,15.7,6.2,43
2026-08-10,gfs,2,18.2,15.2,2.1,46.9
2026-08-10,gfs,3,18.4,15.3,2.8,42.1
2026-08-10,gfs,4,18.6,15.6,0,36.2
2026-08-10,gfs,5,21.7,17.4,0,22.3
2026-08-10,gfs,6,20.2,14.6,0.7,43.5
2026-08-10,gfs,7,17,14.9,0,36
2026-08-10,icon,1,18.3,15.7,5.5,32.3
2026-08-10,icon,2,18.9,15.6,6,32.4
2026-08-10,icon,3,19.5,15.5,9.8,30.1
2026-08-10,icon,4,20.2,15.1,3.1,31
2026-08-10,icon,5,18.4,16.5,1.9,33
2026-08-10,icon,6,18.1,16,4.5,33.9
2026-08-10,ukmo,1,19.1,15.8,4.2,40.3
2026-08-10,ukmo,2,19.4,14.8,7.7,28.4
2026-08-10,ukmo,3,19.8,15.3,12.7,30.2
2026-08-10,ukmo,4,20.9,14.9,2.2,27
2026-08-10,ukmo,5,19.6,14.6,8.6,25.6
2026-08-10,ukmo,6,18.6,15.2,1.8,30.2
2026-08-11,arpege,1,17,14.3,0,36.5
2026-08-11,arpege,2,17.3,15.1,0,42.6
2026-08-11,arpege,3,17,15.2,0,39
2026-08-11,ecmwf,1,15.9,14.9,0.6,34.4
2026-08-11,ecmwf,2,15.9,14.9,0.3,34.2
2026-08-11,ecmwf,3,16.1,14.9,0.6,33.8
2026-08-11,ecmwf,4,16.7,15,1.5,34.4
2026-08-11,ecmwf,5,17.1,14.9,0.6,31.8
2026-08-11,ecmwf,6,17.7,15.4,0.6,29.9
2026-08-11,ecmwf,7,19.7,16.6,0.3,27
2026-08-11,gem,1,15.8,14.4,0.4,44.6
2026-08-11,gem,2,15.9,14.8,0.4,41.8
2026-08-11,gem,3,16.1,15,0.3,40.7
2026-08-11,gem,4,16.1,15.3,0,37.1
2026-08-11,gem,5,15.7,14.8,0,49.7
2026-08-11,gem,6,15.8,14.8,0,50
2026-08-11,gem,7,15.4,14.1,0.8,32
2026-08-11,gfs,1,15.7,15.1,0.5,44.9
2026-08-11,gfs,2,16,15,0.7,44.7
2026-08-11,gfs,3,15.8,15.1,0.7,43.1
2026-08-11,gfs,4,15.8,14.4,0.5,38.7
2026-08-11,gfs,5,18,15.5,0,32.9
2026-08-11,gfs,6,19.2,15.4,0,38.2
2026-08-11,gfs,7,16.3,15.2,0.6,45.1
2026-08-11,icon,1,16.5,14.5,0.1,34.2
2026-08-11,icon,2,16.1,14.9,0,34.2
2026-08-11,icon,3,15.9,14.8,0.1,33
2026-08-11,icon,4,16.2,14.9,0,33.4
2026-08-11,icon,5,16.6,15.5,0,31.7
2026-08-11,icon,6,18.4,15.4,0.4,28.1
2026-08-11,ukmo,1,15.8,15.2,1,41.4
2026-08-11,ukmo,2,17.3,13.9,0,29.5
2026-08-11,ukmo,3,17.3,12.6,0,29.2
2026-08-11,ukmo,4,17.3,14.3,0,27.4
2026-08-11,ukmo,5,18.4,13.6,0.1,36.7
2026-08-11,ukmo,6,19.3,14.7,0.8,25.9
2026-08-12,arpege,1,18.3,11.4,0,16.8
2026-08-12,arpege,2,17.9,14.5,0,21.5
2026-08-12,arpege,3,18,14.8,0,20.9
2026-08-12,ecmwf,1,17.3,14.2,0,13.3
2026-08-12,ecmwf,2,17,14.4,0,15.5
2026-08-12,ecmwf,3,17.3,15,0,17.1
2026-08-12,ecmwf,4,17.2,15.1,0,19.5
2026-08-12,ecmwf,5,18.2,14.9,0,21.6
2026-08-12,ecmwf,6,18.5,14.8,0,10.8
2026-08-12,ecmwf,7,20.5,16.7,0,17.1
2026-08-12,gem,1,18.4,15.2,0,18.4
2026-08-12,gem,2,17.5,15.3,0,19.1
2026-08-12,gem,3,17.1,15.1,0,22.3
2026-08-12,gem,4,17,15,0,25.6
2026-08-12,gem,5,17.3,15.2,0,23.8
2026-08-12,gem,6,17.4,14.7,0,34.2
2026-08-12,gem,7,17.9,15.1,0,29.9
2026-08-12,gfs,1,17.8,15.2,0,20.4
2026-08-12,gfs,2,17.9,15.1,0,21.4
2026-08-12,gfs,3,17.5,15.3,0,22.3
2026-08-12,gfs,4,17.8,15,0,23.9
2026-08-12,gfs,5,16.8,14.9,0,21.7
2026-08-12,gfs,6,18.7,14.7,0,24.9
2026-08-12,gfs,7,21.7,14,0.3,31.9
2026-08-12,icon,1,18.9,13.6,0,16.6
2026-08-12,icon,2,17.8,15.3,0,14.8
2026-08-12,icon,3,18.2,14.9,0,14.8
2026-08-12,icon,4,18.9,15.4,0,18.5
2026-08-12,icon,5,20.8,15.1,0,20.8
2026-08-12,icon,6,21.3,15.9,0,17.1
2026-08-12,ukmo,1,17.6,15.6,0,17.6
2026-08-12,ukmo,2,19.5,10,0,11.9
2026-08-12,ukmo,3,18.8,12.6,0,9.7
2026-08-12,ukmo,4,20.3,13.1,0,15.5
2026-08-12,ukmo,5,19.8,11.9,0,12.6
2026-08-12,ukmo,6,18.6,14.1,0,19.8
2026-08-13,arpege,1,26.4,14.6,0,17.9
2026-08-13,arpege,2,25,15.6,0,17
2026-08-13,arpege,3,25.8,15.3,0,19.9
2026-08-13,ecmwf,1,23.5,14.9,0,19.5
2026-08-13,ecmwf,2,23.2,14.8,0,17.9
2026-08-13,ecmwf,3,23.5,15.4,0,18.9
2026-08-13,ecmwf,4,23.8,14.6,0,16.5
2026-08-13,ecmwf,5,23.5,13.9,0,20
2026-08-13,ecmwf,6,22,13.8,0,15.8
2026-08-13,ecmwf,7,24.5,15.9,0,25.3
2026-08-13,gem,1,22.2,17,0,21.2
2026-08-13,gem,2,22,17.1,0,18.7
2026-08-13,gem,3,21.3,17.3,0,20.9
2026-08-13,gem,4,21.3,16.6,0,22.7
2026-08-13,gem,5,21.7,15.4,0,22
2026-08-13,gem,6,22.3,15.3,0,19.4
2026-08-13,gem,7,22.5,14.8,0,16.9
2026-08-13,gfs,1,21.1,17.3,0,22.7
2026-08-13,gfs,2,21.8,17.3,0,22.3
2026-08-13,gfs,3,22,16.8,0,23.5
2026-08-13,gfs,4,21.1,17.3,0,21.7
2026-08-13,gfs,5,22.2,16.2,0,23.2
2026-08-13,gfs,6,21,16.3,0,23.2
2026-08-13,gfs,7,23,17.7,0.4,31
2026-08-13,icon,1,24,15.2,0,16.7
2026-08-13,icon,2,22.9,15.9,0,16.9
2026-08-13,icon,3,23.1,16.3,0,16.4
2026-08-13,icon,4,23.4,15.7,0,19.4
2026-08-13,icon,5,23.8,16,0,21.4
2026-08-13,icon,6,23.5,17.2,0,21
2026-08-13,ukmo,1,21.2,16.2,0,21.6
2026-08-13,ukmo,2,27.4,12.1,0,14
2026-08-13,ukmo,3,27.9,12.3,0,14.8
2026-08-13,ukmo,4,26.4,12.1,0,15.5
2026-08-13,ukmo,5,28.5,12.8,0,19.4
2026-08-13,ukmo,6,28.2,12.7,0,19.1
2026-08-14,arpege,1,27.9,17.3,0,20.8
2026-08-14,arpege,2,26.4,17.8,0,21.9
2026-08-14,arpege,3,28.4,18.4,0,23.4
2026-08-14,ecmwf,1,23.7,19.3,0,21.4
2026-08-14,ecmwf,2,23,19.3,0,20.4
2026-08-14,ecmwf,3,24.5,18.9,0,20.2
2026-08-14,ecmwf,4,24.4,19.1,0,19
2026-08-14,ecmwf,5,25.6,18.2,0,21.7
2026-08-14,ecmwf,6,24.8,17.7,0,17.8
2026-08-14,ecmwf,7,21.8,16.9,0,17.1
2026-08-14,gem,1,22.4,19.2,0,24.5
2026-08-14,gem,2,22.9,19.1,0,24.8
2026-08-14,gem,3,22.5,19.1,0,23.8
2026-08-14,gem,4,22.7,19.8,0,25.9
2026-08-14,gem,5,22.9,18.6,0,25.9
2026-08-14,gem,6,22.3,18.4,0,23
2026-08-14,gem,7,22.2,18.4,0,23.8
2026-08-14,gfs,1,21.4,19.4,0,27.9
2026-08-14,gfs,2,22.5,19.4,0,25.8
2026-08-14,gfs,3,24.2,19.5,0,29.2
2026-08-14,gfs,4,23.7,18.9,0,30.8
2026-08-14,gfs,5,23.3,18.3,0,24.9
2026-08-14,gfs,6,23.9,18.9,0,28.4
2026-08-14,gfs,7,20.5,17.6,0,31.8
2026-08-14,icon,1,25.1,17.5,0,19.9
2026-08-14,icon,2,23,18.3,0,18.6
2026-08-14,icon,3,23.7,19.2,0,18.4
2026-08-14,icon,4,24.3,18.8,0,20.4
2026-08-14,icon,5,23.5,18.4,0,23.7
2026-08-14,icon,6,23.7,18.4,0,24.8
2026-08-14,ukmo,1,22,19.6,0,27.4
2026-08-14,ukmo,2,29,17.7,0,18.4
2026-08-14,ukmo,3,30.2,17.2,0,16.9
2026-08-14,ukmo,4,30.5,16,0,18
2026-08-14,ukmo,5,31.8,12.6,0,19.8
2026-08-14,ukmo,6,28.3,16.9,8.1,20.2
2026-08-15,arpege,1,18.7,16.5,0,30.2
2026-08-15,arpege,2,18.6,16.7,0,31.7
2026-08-15,arpege,3,20.5,17,0,26.1
2026-08-15,ecmwf,1,20,17,0,27.2
2026-08-15,ecmwf,2,19.8,16.7,0,26.2
2026-08-15,ecmwf,3,19.2,16.5,0,25.1
2026-08-15,ecmwf,4,21,17.1,0,27.6
2026-08-15,ecmwf,5,19.6,17.6,2.7,28.9
2026-08-15,ecmwf,6,20.1,17.1,0,22.7
2026-08-15,ecmwf,7,21.8,17.3,0,28.9
2026-08-15,gem,1,19.8,16.2,0,31.3
2026-08-15,gem,2,20,16.1,0,32
2026-08-15,gem,3,22.1,16.3,0.1,31.7
2026-08-15,gem,4,20.1,16.7,0,27.7
2026-08-15,gem,5,19.1,16.5,0.9,32.8
2026-08-15,gem,6,19.6,16.1,0.5,36
2026-08-15,gem,7,18.9,16.4,0.6,40.7
2026-08-15,gfs,1,19.9,16.7,0,31.7
2026-08-15,gfs,2,18.9,16.7,0.1,33.4
2026-08-15,gfs,3,21.7,16.8,0,32.2
2026-08-15,gfs,4,18.4,16.6,0,33.9
2026-08-15,gfs,5,21.4,16.9,0,34.5
2026-08-15,gfs,6,21.4,16.6,0,37.9
2026-08-15,gfs,7,18,16.7,0,46.5
2026-08-15,icon,1,18.7,16.3,0,25.6
2026-08-15,icon,2,18.8,16.9,0,25
2026-08-15,icon,3,19.7,17.1,0,25.5
2026-08-15,icon,4,19.1,16.8,0.3,23.7
2026-08-15,icon,5,19.8,17.1,1.2,25.4
2026-08-15,icon,6,19.5,16.6,0,32.4
2026-08-15,ukmo,1,19.6,17.3,0,33.8
2026-08-15,ukmo,2,19.5,15.5,0.9,22
2026-08-15,ukmo,3,20,16.1,0,22
2026-08-15,ukmo,4,19.5,16.3,0,24.5
2026-08-15,ukmo,5,21.4,16.4,0,23
2026-08-15,ukmo,6,20.8,14,0.6,26.6
2026-08-16,arpege,1,19,15.8,0.3,22.9
2026-08-16,arpege,2,18.1,16.4,0,31.7
2026-08-16,arpege,3,17.9,15.9,0,34.7
2026-08-16,ecmwf,1,18.2,16.3,0.3,23.8
2026-08-16,ecmwf,2,18,16.2,0.9,31
2026-08-16,ecmwf,3,18,16.3,1.8,28.4
2026-08-16,ecmwf,4,18.3,15.9,0,30.3
2026-08-16,ecmwf,5,18.1,16.3,0.9,23.1
2026-08-16,ecmwf,6,17.8,16.7,0.3,19.9
2026-08-16,ecmwf,7,18,15.5,0.3,24.2
2026-08-16,gem,1,17.3,15.9,0.1,29.5
2026-08-16,gem,2,16.9,15.9,0.2,33.1
2026-08-16,gem,3,16.8,16,0.1,34.6
2026-08-16,gem,4,16.9,15.7,0,32.4
2026-08-16,gem,5,16.7,15.4,1.5,31.7
2026-08-16,gem,6,18,15.7,0.7,30.2
2026-08-16,gem,7,16.5,15.4,0,33.5
2026-08-16,gfs,1,17,16,0.7,34.2
2026-08-16,gfs,2,17,16.3,0.4,35.6
2026-08-16,gfs,3,16.9,16.1,0.1,34.8
2026-08-16,gfs,4,17,15.7,0.3,34.9
2026-08-16,gfs,5,16.8,16.3,0.2,37.1
2026-08-16,gfs,6,17,15.6,1,35.5
2026-08-16,gfs,7,18,15.7,0,42
2026-08-16,icon,1,18.9,15.9,0.6,26
2026-08-16,icon,2,17.2,16.5,0.2,26.3
2026-08-16,icon,3,17.8,16.1,1,26.2
2026-08-16,icon,4,17.4,16.4,0.7,25.1
2026-08-16,icon,5,18,16.4,0.5,28.2
2026-08-16,icon,6,18.4,16.3,0.7,26.3
2026-08-16,ukmo,1,17.7,16.2,1.2,26.6
2026-08-16,ukmo,2,18.7,15.1,0,24.5
2026-08-16,ukmo,3,19,15.3,0,24.5
2026-08-16,ukmo,4,18.3,15.2,0.5,25.9
2026-08-16,ukmo,5,19.2,14.4,0.1,23.4
2026-08-16,ukmo,6,20,15.9,0.5,19.1
2026-08-17,arpege,1,17.9,15.2,0.6,30.2
2026-08-17,arpege,2,17.3,15.8,0.8,40
2026-08-17,arpege,3,17.4,15.6,0,42.2
2026-08-17,ecmwf,1,17,15.3,3.6,28.9
2026-08-17,ecmwf,2,16.4,15,3,31.8
2026-08-17,ecmwf,3,16.8,15.4,2.1,31.3
2026-08-17,ecmwf,4,16.6,15.2,0.9,33.9
2026-08-17,ecmwf,5,17.1,15.4,0,31.8
2026-08-17,ecmwf,6,18.3,16.3,1.2,17.3
2026-08-17,ecmwf,7,17.8,15.8,0,17
2026-08-17,gem,1,16.8,15.5,0.2,34.9
2026-08-17,gem,2,16.5,15.3,0.8,37.4
2026-08-17,gem,3,16.3,15.2,0,36.4
2026-08-17,gem,4,16.2,15.3,0.3,37.4
2026-08-17,gem,5,16.4,14.9,0,42.8
2026-08-17,gem,6,18,15.1,0,36
2026-08-17,gem,7,18,14.8,0,30.2
2026-08-17,gfs,1,16.6,15.3,2.3,39.5
2026-08-17,gfs,2,16.8,15.1,1,43
2026-08-17,gfs,3,16.5,14.8,1.9,41
2026-08-17,gfs,4,15.8,14.6,0.7,37.9
2026-08-17,gfs,5,16.5,14.8,0.6,33.9
2026-08-17,gfs,6,16.4,15.5,0.4,26.5
2026-08-17,gfs,7,17.1,14.8,1.6,47.3
2026-08-17,icon,1,17.1,15,0.8,28.2
2026-08-17,icon,2,17,15.4,6.1,36.2
2026-08-17,icon,3,17,15.5,2.8,32.3
2026-08-17,icon,4,17.3,15.6,0.4,24.6
2026-08-17,icon,5,17.6,15.3,1.4,32.2
2026-08-17,icon,6,18.3,16.1,2.2,22.3
2026-08-17,ukmo,1,16.8,15,3.7,36
2026-08-17,ukmo,2,17.9,13.6,1.3,30.6
2026-08-17,ukmo,3,17.7,14.4,0.3,27.4
2026-08-17,ukmo,4,17.1,14.4,0.1,32.8
2026-08-17,ukmo,5,19.4,14.2,6.2,25.6
2026-08-17,ukmo,6,19.5,15,17.2,27.4
2026-08-18,arpege,1,17.8,14.4,3.8,29.8
2026-08-18,arpege,2,17.6,15.3,1.1,34.7
2026-08-18,arpege,3,18.5,15.7,0.7,36.6
2026-08-18,ecmwf,1,16.8,15.2,5.4,27.3
2026-08-18,ecmwf,2,17,14.5,2.4,28.6
2026-08-18,ecmwf,3,17.3,14.7,5.1,27.8
2026-08-18,ecmwf,4,17.9,15.7,11.7,30.3
2026-08-18,ecmwf,5,18.5,15.1,0.9,30.3
2026-08-18,ecmwf,6,18.1,15,8.1,27.7
2026-08-18,ecmwf,7,17.5,15.8,0.3,25
2026-08-18,gem,1,17.1,15.1,6.7,30.6
2026-08-18,gem,2,16.7,14.9,4.5,34.6
2026-08-18,gem,3,17.5,14.7,7.9,32.4
2026-08-18,gem,4,17.7,14.6,13.5,34.9
2026-08-18,gem,5,18.5,14.2,1.9,46.4
2026-08-18,gem,6,17.6,13.1,4.2,44.3
2026-08-18,gem,7,17.1,15.8,0.2,29.5
2026-08-18,gfs,1,17.1,14.6,1.8,31.8
2026-08-18,gfs,2,16.8,14.8,0.7,36.4
2026-08-18,gfs,3,16.3,15.5,0.7,33
2026-08-18,gfs,4,17.6,14.7,6.5,35.8
2026-08-18,gfs,5,17.2,14.8,1.1,33.3
2026-08-18,gfs,6,17.3,15.1,3.1,29.5
2026-08-18,gfs,7,17,15.5,0.6,41.2
2026-08-18,icon,1,17.8,14.8,8.3,25.8
2026-08-18,icon,2,17.7,15.9,0.3,27.8
2026-08-18,icon,3,17.6,15.1,13.9,30
2026-08-18,icon,4,18.4,15.6,16.2,26.8
2026-08-18,icon,5,18.7,16.2,7.5,28.5
2026-08-18,icon,6,18.3,15.8,10.4,41.6
2026-08-18,ukmo,1,16.9,15.5,4.8,31.3
2026-08-18,ukmo,2,17.5,13.6,1.6,19.4
2026-08-18,ukmo,3,18.3,12.9,7.8,19.1
2026-08-18,ukmo,4,16.7,12.4,12.9,23
2026-08-18,ukmo,5,17.6,14.5,19,23.4
2026-08-18,ukmo,6,19.4,14.8,12.9,30.6
2026-08-19,arpege,1,18.1,15.7,1.9,31.5
2026-08-19,arpege,2,17.8,15.1,6.3,39.8
2026-08-19,arpege,3,18.3,16.3,12.1,37.2
2026-08-19,ecmwf,1,17.8,15.7,4.8,27.8
2026-08-19,ecmwf,2,17.4,13.7,7.2,29
2026-08-19,ecmwf,3,18.1,16.1,15.9,29.3
2026-08-19,ecmwf,4,18.3,16.8,1.2,29.9
2026-08-19,ecmwf,5,18,16.9,8.1,32.8
2026-08-19,ecmwf,6,20.2,16.6,6,32.9
2026-08-19,ecmwf,7,19.4,15.3,23.7,25.5
2026-08-19,gem,1,17.7,15.4,10.8,39.6
2026-08-19,gem,2,17.5,15.6,4.2,40.7
2026-08-19,gem,3,17.3,15.6,1.8,34.9
2026-08-19,gem,4,17.5,15.5,1.5,35.3
2026-08-19,gem,5,17.5,16,0.8,44.3
2026-08-19,gem,6,17.2,16.3,4.9,40.3
2026-08-19,gem,7,17.4,15.6,1.9,42.1
2026-08-19,gfs,1,17.7,16.2,5.2,45.2
2026-08-19,gfs,2,17.4,16.2,2.2,44.4
2026-08-19,gfs,3,17.4,14.4,6.6,36
2026-08-19,gfs,4,18,15.3,2.4,41.3
2026-08-19,gfs,5,17.5,15.5,2.6,40.4
2026-08-19,gfs,6,17.6,15.3,1.4,52.8
2026-08-19,gfs,7,17.5,15.7,1.1,71.9
2026-08-19,icon,1,18.9,15.4,1,30.3
2026-08-19,icon,2,17.7,16.5,6.4,30.2
2026-08-19,icon,3,18.3,16.7,5.9,30.3
2026-08-19,icon,4,17.9,15.6,5.2,33.9
2026-08-19,icon,5,17.9,16.7,5.2,31.8
2026-08-19,icon,6,17,15.6,1.2,41.3
2026-08-19,ukmo,1,18,15.9,4.3,36
2026-08-19,ukmo,2,17.9,14.5,6.1,33.8
2026-08-19,ukmo,3,18.9,14.7,2.5,34.9
2026-08-19,ukmo,4,20.3,15.9,1.5,23
2026-08-19,ukmo,5,17.6,15.3,7.1,32.4
2026-08-19,ukmo,6,18.9,15.4,1.1,32.4
2026-08-20,arpege,1,18.4,15,1.9,29.4
2026-08-20,arpege,2,18.4,14.8,6.3,28
2026-08-20,arpege,3,19,15.8,10.3,30.9
2026-08-20,ecmwf,1,18.2,15.8,4.5,19.9
2026-08-20,ecmwf,2,17.9,16,3.9,22.6
2026-08-20,ecmwf,3,17.7,15.6,1.2,20.2
2026-08-20,ecmwf,4,18.1,15.2,3.6,21.2
2026-08-20,ecmwf,5,18.5,15,5.7,20.7
2026-08-20,ecmwf,6,18,15,3.6,17.9
2026-08-20,ecmwf,7,20.1,16.3,2.4,29.3
2026-08-20,gem,1,17.5,15,1.6,27.4
2026-08-20,gem,2,17.2,15.5,5.8,25.6
2026-08-20,gem,3,17.2,15.3,1.6,23
2026-08-20,gem,4,17,15.3,3,24.5
2026-08-20,gem,5,17.6,15.5,8,32
2026-08-20,gem,6,18.4,15.3,4.3,29.5
2026-08-20,gem,7,18.2,16,0.7,42.8
2026-08-20,gfs,1,18.4,16.2,6.6,26.9
2026-08-20,gfs,2,18.2,16.6,7.7,30.4
2026-08-20,gfs,3,17.9,16.1,3.1,29.4
2026-08-20,gfs,4,18.4,16.4,2.5,37.1
2026-08-20,gfs,5,17.5,16.7,3.9,41.1
2026-08-20,gfs,6,17.1,15.1,4.4,41
2026-08-20,gfs,7,18.1,15.4,1.3,55
2026-08-20,icon,1,18.2,15,2.9,18.1
2026-08-20,icon,2,17.5,16.1,12.3,20.9
2026-08-20,icon,3,17.2,16,13.5,18.5
2026-08-20,icon,4,18.2,16.4,5.7,30.3
2026-08-20,icon,5,18.6,16.7,1.3,26.4
2026-08-20,icon,6,17.6,15.7,4.7,33.4
2026-08-20,ukmo,1,17.7,15.7,1.8,24.8
2026-08-20,ukmo,2,18.8,11.4,14,23.4
2026-08-20,ukmo,3,19.3,11.1,10.8,16.2
2026-08-20,ukmo,4,21,13.3,0.2,21.6
2026-08-20,ukmo,5,19.9,14.2,2.2,33.1
2026-08-20,ukmo,6,16,14.1,19.8,24.8
2026-08-21,arpege,1,17.6,14.3,0.4,23
2026-08-21,arpege,2,17.6,15.2,2.2,28.7
2026-08-21,arpege,3,17.7,15.3,0.1,27.7
2026-08-21,ecmwf,1,17.5,14.7,4.5,20.3
2026-08-21,ecmwf,2,17.6,15.1,3.9,20.5
2026-08-21,ecmwf,3,18,15.4,0.9,23
2026-08-21,ecmwf,4,17.4,14.9,4.5,22.8
2026-08-21,ecmwf,5,18.3,15.4,0.6,30.3
2026-08-21,ecmwf,6,17.2,15.5,9.6,27.3
2026-08-21,ecmwf,7,18.3,16.1,1.8,27.1
2026-08-21,gem,1,17,15,3.9,26.6
2026-08-21,gem,2,16.8,15.2,4,25.9
2026-08-21,gem,3,16.8,15,2.1,27.4
2026-08-21,gem,4,16.5,15.1,0,28.4
2026-08-21,gem,5,16.5,14.6,16.9,29.9
2026-08-21,gem,6,17.1,15.9,1.9,32.8
2026-08-21,gem,7,17.2,15.2,2.4,20.9
2026-08-21,gfs,1,18,16,1.3,31.9
2026-08-21,gfs,2,16.9,15.6,3.1,28.5
2026-08-21,gfs,3,16.6,16.1,0.5,32.7
2026-08-21,gfs,4,17.2,15.4,0.8,28.7
2026-08-21,gfs,5,17,15.8,3.9,34.7
2026-08-21,gfs,6,17.1,15.1,4.9,36.6
2026-08-21,gfs,7,17.2,15,1.9,34.8
2026-08-21,icon,1,18.1,15.4,0.4,22.3
2026-08-21,icon,2,16.8,15.4,1.7,21.9
2026-08-21,icon,3,17.1,15.4,2.1,20.9
2026-08-21,icon,4,17.7,15.9,3.4,21.6
2026-08-21,icon,5,19.1,16.9,7.4,26.3
2026-08-21,icon,6,19.3,16.7,0,16.6
2026-08-21,ukmo,1,17.7,15.8,0,28.8
2026-08-21,ukmo,2,18.1,11.8,4.4,21.2
2026-08-21,ukmo,3,18.3,10.8,0,22.7
2026-08-21,ukmo,4,17.7,10.4,3.6,24.5
2026-08-21,ukmo,5,22.4,13.1,5.7,23
2026-08-21,ukmo,6,17.5,12.7,7.2,22.3
2026-08-22,arpege,1,17.1,14.9,0,40.2
2026-08-22,arpege,2,16.8,15.5,5.4,42.9
2026-08-22,arpege,3,16.8,15,2.7,42.4
2026-08-22,ecmwf,1,16.8,14.8,3.6,37.9
2026-08-22,ecmwf,2,16.4,14.8,4.2,36.9
2026-08-22,ecmwf,3,15.9,14.3,3.9,37.1
2026-08-22,ecmwf,4,16.2,14.6,1.8,33.8
2026-08-22,ecmwf,5,16.2,15,1.2,29.4
2026-08-22,ecmwf,6,17.1,15.2,6.9,28.2
2026-08-22,ecmwf,7,16.7,14.7,3,28.9
2026-08-22,gem,1,16.2,14.9,1.1,48.2
2026-08-22,gem,2,16,15,1.6,43.2
2026-08-22,gem,3,16.1,14.9,2.1,38.9
2026-08-22,gem,4,15.5,15,0.6,34.6
2026-08-22,gem,5,15.7,14.5,0,33.1
2026-08-22,gem,6,15.9,15,0.3,36.4
2026-08-22,gem,7,16.2,14.8,1.2,31.7
2026-08-22,gfs,1,16.1,15.5,3.6,48
2026-08-22,gfs,2,15.9,14.8,3,46.8
2026-08-22,gfs,3,16.1,15.4,2.7,46.9
2026-08-22,gfs,4,16.3,15.3,3.7,34.8
2026-08-22,gfs,5,16,15,1.3,33.2
2026-08-22,gfs,6,15.8,14.8,2.4,39.5
2026-08-22,gfs,7,15.8,14.9,1.5,37.7
2026-08-22,icon,1,16.7,14.8,1.6,33.2
2026-08-22,icon,2,15.5,14.4,5.1,34.6
2026-08-22,icon,3,16.6,14.7,2.1,30.6
2026-08-22,icon,4,16.4,14.9,0.9,24.6
2026-08-22,icon,5,17.2,15.3,1.6,31.1
2026-08-22,icon,6,17.4,15.8,4.7,39.2
2026-08-22,ukmo,1,16.5,14.3,15.7,46.1
2026-08-22,ukmo,2,15.6,13.4,4.6,33.1
2026-08-22,ukmo,3,16.6,14,1,32.4
2026-08-22,ukmo,4,16.8,13.6,1.5,25.2
2026-08-22,ukmo,5,16.3,13.9,6.4,30.6
2026-08-22,ukmo,6,16.7,13.9,1.9,32.8
2026-08-23,arpege,1,17.5,15.5,0,39.2
2026-08-23,arpege,2,17.3,15.6,2.7,48.3
2026-08-23,arpege,3,17.6,15.4,0.4,46
2026-08-23,ecmwf,1,15.8,14.7,2.7,36.4
2026-08-23,ecmwf,2,15.5,14.6,3.6,37.4
2026-08-23,ecmwf,3,15.7,14.6,2.7,37.8
2026-08-23,ecmwf,4,16.3,14.7,2.4,33.9
2026-08-23,ecmwf,5,15.9,14.8,1.8,29.5
2026-08-23,ecmwf,6,16.3,15.2,0.3,30.9
2026-08-23,ecmwf,7,16.9,15.6,4.2,24.5
2026-08-23,gem,1,15.8,14.6,1.5,44.3
2026-08-23,gem,2,16.3,14.5,0.2,45
2026-08-23,gem,3,16.1,14.4,0.5,44.3
2026-08-23,gem,4,15.9,14.5,0.8,38.5
2026-08-23,gem,5,15.8,14.2,0.3,33.5
2026-08-23,gem,6,15.8,14.6,0.9,33.1
2026-08-23,gem,7,16.2,14.2,1.5,34.2
2026-08-23,gfs,1,16.1,15.1,2.3,45.9
2026-08-23,gfs,2,16.3,14.8,2,47.5
2026-08-23,gfs,3,16.3,14.8,1.4,48.5
2026-08-23,gfs,4,16.2,15.3,2.3,42.9
2026-08-23,gfs,5,16.4,15.4,2.2,37.5
2026-08-23,gfs,6,16,15.1,2.2,39.3
2026-08-23,gfs,7,16.7,15,1.7,40
2026-08-23,icon,1,17.1,15,0,32.4
2026-08-23,icon,2,17,14.9,0.1,37.5
2026-08-23,icon,3,17,15.4,0.2,38.2
2026-08-23,icon,4,16.7,14.8,3.6,29.3
2026-08-23,icon,5,16.5,15.4,0.3,30.1
2026-08-23,icon,6,16.9,15.2,0.4,27.3
2026-08-23,ukmo,1,16.1,14.6,0.3,43.2
2026-08-23,ukmo,2,15.9,13.3,1.8,32
2026-08-23,ukmo,3,17.4,13.8,0,32
2026-08-23,ukmo,4,17.4,13.9,0.5,29.9
2026-08-23,ukmo,5,16.6,13.1,2.7,31
2026-08-23,ukmo,6,17.1,13.4,0.2,25.9
2026-08-24,arpege,1,17.8,12,0,27.7
2026-08-24,arpege,2,18.1,15.4,0,28.7
2026-08-24,arpege,3,18.3,15.8,0,32.6
2026-08-24,ecmwf,1,17.1,13.8,0,21.7
2026-08-24,ecmwf,2,17.3,14.4,0,22.4
2026-08-24,ecmwf,3,17.1,14.4,0,24.5
2026-08-24,ecmwf,4,17.3,15.2,0.3,23.5
2026-08-24,ecmwf,5,17.2,15.2,0.6,18.7
2026-08-24,ecmwf,6,16.9,14.3,0.6,20.7
2026-08-24,ecmwf,7,16.3,14.3,1.2,20.9
2026-08-24,gem,1,16.5,15.7,0,28.8
2026-08-24,gem,2,16.4,15.5,0.5,31.7
2026-08-24,gem,3,16,15.5,0.4,33.1
2026-08-24,gem,4,16.5,15.6,0,31.3
2026-08-24,gem,5,16.3,14.6,0.5,26.6
2026-08-24,gem,6,15.5,14.3,0.6,25.6
2026-08-24,gem,7,16.4,14.8,0.6,29.9
2026-08-24,gfs,1,16.5,15.8,0,26.2
2026-08-24,gfs,2,17,15.8,0.8,29.9
2026-08-24,gfs,3,16.7,16,0.9,34.4
2026-08-24,gfs,4,16.5,16,0,36.6
2026-08-24,gfs,5,16.2,15.8,0.3,27.8
2026-08-24,gfs,6,16.3,15.4,0.4,20.6
2026-08-24,gfs,7,16.4,14.7,1.6,34.3
2026-08-24,icon,1,18.2,14.8,0,21
2026-08-24,icon,2,18,16.7,0,23
2026-08-24,icon,3,17.7,16.2,0.2,24.7
2026-08-24,icon,4,17.8,16.3,0,22.2
2026-08-24,icon,5,19.6,15.3,0.2,19.6
2026-08-24,icon,6,19.8,13.8,0,19.4
2026-08-24,ukmo,1,16.7,15.4,0,28.1
2026-08-24,ukmo,2,18.3,10.5,0,18.4
2026-08-24,ukmo,3,18.4,12.4,0,20.2
2026-08-24,ukmo,4,18.3,12.7,0,16.9
2026-08-24,ukmo,5,19.5,13.7,0,16.6
2026-08-24,ukmo,6,19.5,12.4,0,18.4
2026-08-25,arpege,1,22.8,12,0,20
2026-08-25,arpege,2,22.3,13.2,0,19.8
2026-08-25,arpege,3,22.4,13.1,0,21.3
2026-08-25,ecmwf,1,20.8,12.1,0,19.8
2026-08-25,ecmwf,2,20.9,12.3,0,21.3
2026-08-25,ecmwf,3,20.9,12,0,20.9
2026-08-25,ecmwf,4,21.1,11.2,0,23.2
2026-08-25,ecmwf,5,20.7,12.4,0,20.7
2026-08-25,ecmwf,6,20.6,13.7,0,29.7
2026-08-25,ecmwf,7,21.4,13.4,0.3,36.4
2026-08-25,gem,1,20.4,14.1,0,20.5
2026-08-25,gem,2,20.8,14.7,0,21.6
2026-08-25,gem,3,20.4,13.8,0,21.2
2026-08-25,gem,4,20.4,13.8,0,30.6
2026-08-25,gem,5,20.3,13.9,0,29.9
2026-08-25,gem,6,20.1,13.8,0,34.6
2026-08-25,gem,7,18.5,14.4,0,23
2026-08-25,gfs,1,21,15,0,25.3
2026-08-25,gfs,2,21.1,15,0,27
2026-08-25,gfs,3,21.1,14.7,0,27.3
2026-08-25,gfs,4,21.1,14,0,28.5
2026-08-25,gfs,5,20.9,14.2,0,31
2026-08-25,gfs,6,21.4,15.2,0,35.8
2026-08-25,gfs,7,19.2,15.3,0.5,40.8
2026-08-25,icon,1,21.2,14.1,0,15.9
2026-08-25,icon,2,20.9,15.5,0,16.9
2026-08-25,icon,3,21.5,15.5,0,25.5
2026-08-25,icon,4,21.7,15.3,0,21.9
2026-08-25,icon,5,21.2,15.6,0,24.3
2026-08-25,icon,6,20,15.4,0,28.3
2026-08-25,ukmo,1,20.1,14.7,0,22.7
2026-08-25,ukmo,2,23,9.3,0,18.7
2026-08-25,ukmo,3,22.8,9.1,0,20.9
2026-08-25,ukmo,4,22.8,9.9,0,21.6
2026-08-25,ukmo,5,22.7,10,0,29.5
2026-08-25,ukmo,6,22.7,11.9,1.2,37.1
2026-08-26,arpege,1,22.7,14.8,0,32.6
2026-08-26,arpege,2,22.4,15.3,0,33.5
2026-08-26,arpege,3,22.2,16,0,39.5
2026-08-26,ecmwf,1,21.8,14.4,0,30.2
2026-08-26,ecmwf,2,21.6,15.1,0,30.1
2026-08-26,ecmwf,3,21.6,15.1,0,33.3
2026-08-26,ecmwf,4,22.3,14.5,1.5,32.3
2026-08-26,ecmwf,5,22.2,15.1,0,32.2
2026-08-26,ecmwf,6,22.1,16.2,1.8,30.6
2026-08-26,ecmwf,7,23,15.1,2.7,24.9
2026-08-26,gem,1,20.8,15.8,0,33.5
2026-08-26,gem,2,20.5,16.4,0,33.5
2026-08-26,gem,3,21,15.9,0,40.7
2026-08-26,gem,4,21,15.8,0,36.4
2026-08-26,gem,5,21.5,16.4,0,41.8
2026-08-26,gem,6,20.9,17.4,0,32.4
2026-08-26,gem,7,20.4,15.6,0,28.4
2026-08-26,gfs,1,21,16.1,0,36.2
2026-08-26,gfs,2,21,16.4,0,38.4
2026-08-26,gfs,3,20.6,16.4,0,42.6
2026-08-26,gfs,4,21.3,16.4,0.2,42.3
2026-08-26,gfs,5,21.8,16.8,0.3,36.6
2026-08-26,gfs,6,22.3,16.7,0,35
2026-08-26,gfs,7,20.4,16.6,0,43.4
2026-08-26,icon,1,21.6,15.2,0,30.4
2026-08-26,icon,2,21,15.7,0,31.5
2026-08-26,icon,3,20.7,16,0,33.8
2026-08-26,icon,4,21.2,16.3,0,35.1
2026-08-26,icon,5,22.2,16.3,0,29.8
2026-08-26,icon,6,22.2,16.5,0,28.7
2026-08-26,ukmo,1,20.6,15.9,0,36.7
2026-08-26,ukmo,2,23.2,14,0,31.3
2026-08-26,ukmo,3,23.1,13.1,0,34.2
2026-08-26,ukmo,4,23.4,14.3,0,32
2026-08-26,ukmo,5,23.9,14.6,0,28.4
2026-08-26,ukmo,6,26,16.6,2.3,24.1
2026-08-27,arpege,1,23,16.5,0,39.5
2026-08-27,arpege,2,23.3,16.2,0,38.9
2026-08-27,arpege,3,22.7,16.7,0.1,37.2
2026-08-27,ecmwf,1,22.5,15.8,0,34
2026-08-27,ecmwf,2,22.3,15.5,1.5,34.1
2026-08-27,ecmwf,3,22.1,16.5,2.4,32.2
2026-08-27,ecmwf,4,22.3,16.6,0,30.5
2026-08-27,ecmwf,5,22.2,17.3,0,27.4
2026-08-27,ecmwf,6,21.3,16.5,3,23.5
2026-08-27,ecmwf,7,23.1,17.1,8.7,22.1
2026-08-27,gem,1,20.8,16.8,0,39.6
2026-08-27,gem,2,20.9,16.5,0.5,37.8
2026-08-27,gem,3,21.3,17.7,0,41.4
2026-08-27,gem,4,21.7,17.3,0,40
2026-08-27,gem,5,21.4,18.2,0,42.5
2026-08-27,gem,6,22.4,18.5,0.3,39.2
2026-08-27,gem,7,24.4,18.2,0.3,31
2026-08-27,gfs,1,21.9,16.7,0.4,43.1
2026-08-27,gfs,2,22.4,16.4,0.2,43.3
2026-08-27,gfs,3,21.9,17,0,43.9
2026-08-27,gfs,4,22.2,17.3,0.8,38.9
2026-08-27,gfs,5,23.3,17.4,0.7,37.4
2026-08-27,gfs,6,21.8,18.4,1.1,41
2026-08-27,gfs,7,22.1,17.9,1.8,45.2
2026-08-27,icon,1,22.1,15.4,0,37.8
2026-08-27,icon,2,21.3,15.4,0,32.7
2026-08-27,icon,3,21.2,16.2,0,36.1
2026-08-27,icon,4,21.3,16.1,0,34.6
2026-08-27,icon,5,21.1,16.9,0,36.4
2026-08-27,icon,6,21.9,18.2,0.3,31.1
2026-08-27,ukmo,1,20.7,16.7,0.1,41.8
2026-08-27,ukmo,2,23.7,15.2,2.4,34.6
2026-08-27,ukmo,3,23.4,16.2,0,31.3
2026-08-27,ukmo,4,23.2,15.9,8.2,32
2026-08-27,ukmo,5,23.7,16.2,1.2,33.1
2026-08-27,ukmo,6,25,17.1,2.2,31
2026-08-28,arpege,1,20.4,17.6,0.7,38.5
2026-08-28,arpege,2,20.6,16.6,11.5,36.2
2026-08-28,arpege,3,19.9,16.2,14,37.5
2026-08-28,ecmwf,1,19.8,17.6,8.1,35.1
2026-08-28,ecmwf,2,19.8,17.1,22.2,34
2026-08-28,ecmwf,3,19.4,16.8,25.5,28.5
2026-08-28,ecmwf,4,19.7,16.9,13.2,32.9
2026-08-28,ecmwf,5,19.6,17.6,39.3,34.3
2026-08-28,ecmwf,6,18.6,17.9,37.8,33.6
2026-08-28,ecmwf,7,19.6,17,39.6,34.4
2026-08-28,gem,1,20.1,17.5,3,45.7
2026-08-28,gem,2,19.8,16.8,11.1,44.3
2026-08-28,gem,3,19.4,17.2,9.8,43.9
2026-08-28,gem,4,20.6,16.9,23.9,45.4
2026-08-28,gem,5,20.1,17.6,13.6,42.8
2026-08-28,gem,6,20.2,17.7,33.7,42.8
2026-08-28,gem,7,20.6,17.9,9.6,51.1
2026-08-28,gfs,1,19,16.5,12,46.3
2026-08-28,gfs,2,18.8,16.3,21.3,35.7
2026-08-28,gfs,3,19.4,17,12.9,39.1
2026-08-28,gfs,4,20.2,16.3,30.5,39.2
2026-08-28,gfs,5,19.7,17.4,8.5,40
2026-08-28,gfs,6,19.5,15.9,25.6,37.8
2026-08-28,gfs,7,18.9,16.5,32.5,29.7
2026-08-28,icon,1,19.4,16.5,8.9,33.8
2026-08-28,icon,2,19.3,16.8,10.4,29.5
2026-08-28,icon,3,19.4,16.9,13.5,36.4
2026-08-28,icon,4,19.5,17,26.5,40.7
2026-08-28,icon,5,19.3,16.9,28.8,39.4
2026-08-28,icon,6,19.1,17.2,9.5,35.2
2026-08-28,ukmo,1,19.5,18.1,0.6,40.7
2026-08-28,ukmo,2,21.2,16.3,16.5,25.6
2026-08-28,ukmo,3,19.6,15.4,16.8,25.9
2026-08-28,ukmo,4,19.6,16.3,35.6,27
2026-08-28,ukmo,5,19.7,16,19,28.8
2026-08-28,ukmo,6,20.4,14.3,51.4,22.7
2026-08-29,arpege,1,19.1,17.2,0.4,34.9
2026-08-29,arpege,2,18.9,17.2,5.4,39.7
2026-08-29,arpege,3,19,16.6,16.2,39.5
2026-08-29,ecmwf,1,19,16.7,12,36.6
2026-08-29,ecmwf,2,19.3,17.2,4.8,37.4
2026-08-29,ecmwf,3,19.1,16.9,6,42.1
2026-08-29,ecmwf,4,19.2,16.1,14.7,35.4
2026-08-29,ecmwf,5,18.6,17.5,8.4,39.2
2026-08-29,ecmwf,6,18.3,16.7,4.5,36.8
2026-08-29,ecmwf,7,18.6,15.9,10.8,36
2026-08-29,gem,1,18.4,16.5,2.3,41.4
2026-08-29,gem,2,18.4,16.9,8.1,50
2026-08-29,gem,3,18.8,16.7,2,40.3
2026-08-29,gem,4,18.6,16.9,7.2,48.6
2026-08-29,gem,5,18.5,16.4,5.5,50
2026-08-29,gem,6,18.8,16.7,8.8,46.4
2026-08-29,gem,7,18.5,16.6,3.1,45.7
2026-08-29,gfs,1,18.1,17.2,4.9,48.4
2026-08-29,gfs,2,18.4,16.8,4.4,46.5
2026-08-29,gfs,3,18.1,16.1,9.1,41.2
2026-08-29,gfs,4,18.5,17.1,11.3,46.4
2026-08-29,gfs,5,18.3,17.2,4.6,38.2
2026-08-29,gfs,6,17.7,16.8,3.7,46.1
2026-08-29,gfs,7,17.8,16.7,17.1,46.8
2026-08-29,icon,1,19.4,17,5.4,32
2026-08-29,icon,2,18.7,17.4,4.3,35.3
2026-08-29,icon,3,18.8,16.7,6.7,28
2026-08-29,icon,4,18.5,17,5.6,36.1
2026-08-29,icon,5,19,17.7,7.3,44
2026-08-29,icon,6,19.1,17.1,0.2,31
2026-08-29,ukmo,1,18.6,17.7,4.8,36.4
2026-08-29,ukmo,2,19.5,16.1,1.6,31.7
2026-08-29,ukmo,3,19.1,14.6,10.4,36
2026-08-29,ukmo,4,20.1,15.2,12.8,28.1
2026-08-29,ukmo,5,19.4,16,11.1,28.8
2026-08-29,ukmo,6,17.7,13,13.7,33.8
2026-08-30,arpege,1,18.7,16.5,7.3,36.6
2026-08-30,arpege,2,18.9,16.5,7.2,38.5
2026-08-30,arpege,3,18.7,16.6,13.4,38.1
2026-08-30,ecmwf,1,18.8,17.3,5.4,33.5
2026-08-30,ecmwf,2,18.9,17.3,10.8,28.4
2026-08-30,ecmwf,3,19.5,17,10.2,40.9
2026-08-30,ecmwf,4,19.4,17.5,10.8,36.7
2026-08-30,ecmwf,5,19.5,17.2,5.4,40.6
2026-08-30,ecmwf,6,19.1,16.9,9.9,24.6
2026-08-30,ecmwf,7,18.3,16.6,8.1,34.1
2026-08-30,gem,1,17.8,16.2,8.1,33.1
2026-08-30,gem,2,18.1,16,7.8,32.4
2026-08-30,gem,3,18.6,17,10.9,40.3
2026-08-30,gem,4,18.5,17.3,12.2,43.2
2026-08-30,gem,5,18.7,17.3,8.3,38.2
2026-08-30,gem,6,18.5,17,1.3,35.6
2026-08-30,gem,7,18.5,16.7,12.4,51.5
2026-08-30,gfs,1,18.2,17,13.6,43
2026-08-30,gfs,2,18.1,16.8,9.8,41.2
2026-08-30,gfs,3,18.4,17.1,3.9,50.6
2026-08-30,gfs,4,18.3,16.6,5.5,54.2
2026-08-30,gfs,5,18.7,16.9,1.7,46.7
2026-08-30,gfs,6,17.9,16.9,4.5,38.2
2026-08-30,gfs,7,18.3,16.6,3.6,39.7
2026-08-30,icon,1,18.4,16.8,5.5,29
2026-08-30,icon,2,17.9,16.9,6.8,27.4
2026-08-30,icon,3,18.6,17.1,4,25.5
2026-08-30,icon,4,18.4,16.9,7.7,32.3
2026-08-30,icon,5,18.5,17.1,7.6,23.9
2026-08-30,icon,6,17.9,16.3,13.6,25.5
2026-08-30,ukmo,1,18.4,17.1,4.4,37.8
2026-08-30,ukmo,2,19,15.7,9.8,24.8
2026-08-30,ukmo,3,19.3,15.5,8.9,28.8
2026-08-30,ukmo,4,19.1,15.8,3.5,31.3
2026-08-30,ukmo,5,19.4,16,5.7,35.6
2026-08-30,ukmo,6,20.6,16.9,4.8,28.4
2026-08-31,arpege,1,18.3,16.1,10.4,36.2
2026-08-31,arpege,2,17.6,15.4,17.2,30.6
2026-08-31,arpege,3,17.9,16.1,16.9,38.4
2026-08-31,ecmwf,1,17.8,16.7,18.3,29
2026-08-31,ecmwf,2,17.8,16.7,14.4,33.3
2026-08-31,ecmwf,3,17.6,16.1,24,33.4
2026-08-31,ecmwf,4,18.2,16.4,14.1,41.5
2026-08-31,ecmwf,5,18,17,11.7,41.1
2026-08-31,ecmwf,6,18,16.5,16.2,35.6
2026-08-31,ecmwf,7,18,16.7,13.5,41.5
2026-08-31,gem,1,18.1,15.6,22.3,33.5
2026-08-31,gem,2,17.9,15.5,9,34.6
2026-08-31,gem,3,18.3,16.6,6.7,31.7
2026-08-31,gem,4,18.4,16.5,10.5,36
2026-08-31,gem,5,18.4,16.6,8.6,36.7
2026-08-31,gem,6,18.2,16.1,11.9,49.3
2026-08-31,gem,7,18.1,16.5,19.6,54.4
2026-08-31,gfs,1,17.9,16.5,9,41.7
2026-08-31,gfs,2,17.7,16.6,14.3,40.1
2026-08-31,gfs,3,17.9,16.2,10.7,37.7
2026-08-31,gfs,4,17.7,15.7,12.1,51.1
2026-08-31,gfs,5,18.1,16.2,9.6,40
2026-08-31,gfs,6,17.8,16.1,6.4,54.5
2026-08-31,gfs,7,18.2,16.3,8.9,46.9
2026-08-31,icon,1,18.2,16.7,4.6,30
2026-08-31,icon,2,17.5,16.7,14.5,26.8
2026-08-31,icon,3,17.5,15.9,15.7,27.5
2026-08-31,icon,4,17.3,16.3,22.7,28.9
2026-08-31,icon,5,17.2,16.5,13.5,36.3
2026-08-31,icon,6,17.8,16.1,11.3,30.4
2026-08-31,ukmo,1,18.1,16.7,8.3,43.9
2026-08-31,ukmo,2,18.5,15.9,14.6,31
2026-08-31,ukmo,3,18.6,15.4,20.8,31.3
2026-08-31,ukmo,4,19.7,15.8,11.8,33.5
2026-08-31,ukmo,5,18.7,15.8,14.3,34.2
2026-08-31,ukmo,6,20.2,15.3,4.4,26.6
2026-09-01,arpege,1,18.1,16.2,1.8,32
2026-09-01,arpege,2,17.8,16.1,2.8,33.8
2026-09-01,arpege,3,17.4,16,4.3,32.7
2026-09-01,ecmwf,1,18.5,16.8,3.9,30.9
2026-09-01,ecmwf,2,18.4,16.6,2.1,31.2
2026-09-01,ecmwf,3,18.1,16.5,2.4,31.5
2026-09-01,ecmwf,4,18.3,15.7,6.9,30.6
2026-09-01,ecmwf,5,17.9,16.1,3.6,33.9
2026-09-01,ecmwf,6,17.7,15.9,6.3,36.2
2026-09-01,ecmwf,7,18.3,16.2,2.4,37.6
2026-09-01,gem,1,17.6,16.1,2.1,39.6
2026-09-01,gem,2,17.4,16.2,0.6,33.5
2026-09-01,gem,3,17.8,16.4,1.1,41.8
2026-09-01,gem,4,17.8,16.6,1.3,32
2026-09-01,gem,5,17.4,16.3,1.8,34.9
2026-09-01,gem,6,18,15.9,1.5,41.4
2026-09-01,gem,7,17.6,16.3,0.9,46.8
2026-09-01,gfs,1,17.6,16.7,4.2,37.5
2026-09-01,gfs,2,17.4,16.6,3.6,45.2
2026-09-01,gfs,3,17.3,15.9,1.7,42.6
2026-09-01,gfs,4,17.3,16.9,1.4,37.1
2026-09-01,gfs,5,17.6,16.5,2.4,40.5
2026-09-01,gfs,6,17.1,15.7,6.7,50.5
2026-09-01,gfs,7,17.3,14.8,7.7,56
2026-09-01,icon,1,18.2,15.8,1.7,29.9
2026-09-01,icon,2,17.2,16.5,4.2,26.1
2026-09-01,icon,3,17.6,16,7.2,29.5
2026-09-01,icon,4,17.6,16.3,2.4,29.5
2026-09-01,icon,5,17.8,16.2,3.4,38.9
2026-09-01,icon,6,17.8,15.7,0.7,33.3
2026-09-01,ukmo,1,18,16.1,1.5,37.1
2026-09-01,ukmo,2,19.1,15.8,1.9,29.9
2026-09-01,ukmo,3,18,15.6,3.1,39.2
2026-09-01,ukmo,4,18.8,15.5,1.7,33.1
2026-09-01,ukmo,5,19,15.7,1.3,33.8
2026-09-01,ukmo,6,18.8,14.1,9.1,42.8
2026-09-02,arpege,1,19,16.5,1,31.1
2026-09-02,arpege,2,18.1,16.4,17.1,34.8
2026-09-02,arpege,3,18.4,16.4,10.9,34
2026-09-02,ecmwf,1,18.8,16.5,5.4,29.7
2026-09-02,ecmwf,2,18.5,16,6,30.8
2026-09-02,ecmwf,3,17.7,16.1,8.4,31
2026-09-02,ecmwf,4,18.2,16.4,8.1,42.4
2026-09-02,ecmwf,5,17.7,16.3,0.3,26.7
2026-09-02,ecmwf,6,17.4,15.1,2.1,36.4
2026-09-02,ecmwf,7,16.8,14.9,13.5,41.2
2026-09-02,gem,1,18.3,16.6,0.2,35.3
2026-09-02,gem,2,18.4,16.2,0.8,34.9
2026-09-02,gem,3,18.6,16.7,1.9,42.8
2026-09-02,gem,4,18.2,16.5,12.9,47.9
2026-09-02,gem,5,17.6,16.3,2.1,38.9
2026-09-02,gem,6,18.2,16.1,10.4,45.7
2026-09-02,gem,7,18,15.9,0,34.9
2026-09-02,gfs,1,17.6,16.7,8.1,36.4
2026-09-02,gfs,2,17.7,16.3,9.5,36.7
2026-09-02,gfs,3,17.5,16.2,8.7,37.9
2026-09-02,gfs,4,17.8,16.9,5.5,44.7
2026-09-02,gfs,5,17.3,15.2,2.3,34.1
2026-09-02,gfs,6,17,14.8,2.2,45
2026-09-02,gfs,7,17.4,15.2,4.4,48.1
2026-09-02,icon,1,19,16.5,0.1,29.3
2026-09-02,icon,2,17.5,16.6,10.3,26.8
2026-09-02,icon,3,17.2,15.8,4.2,25.7
2026-09-02,icon,4,17.6,16.7,12.8,32
2026-09-02,icon,5,18.1,16.2,9.6,40.1
2026-09-02,icon,6,18.1,17.1,12.1,44.3
2026-09-02,ukmo,1,18.5,16.4,1,37.4
2026-09-02,ukmo,2,19.3,15.3,5.7,28.1
2026-09-02,ukmo,3,19.4,15.4,12.8,27.7
2026-09-02,ukmo,4,19,15.3,6.9,40.3
2026-09-02,ukmo,5,19.4,15.2,3.5,26.6
2026-09-02,ukmo,6,18.1,14.5,8.4,33.1
2026-09-03,arpege,1,18.5,15.9,3.8,38
2026-09-03,arpege,2,18.3,16.5,13.7,43
2026-09-03,arpege,3,18.6,16.3,6.5,45.2
2026-09-03,ecmwf,1,18.8,16.6,12.3,36.8
2026-09-03,ecmwf,2,18.9,16.8,4.8,37.9
2026-09-03,ecmwf,3,18.9,16.4,14.4,34.5
2026-09-03,ecmwf,4,19,17.3,18,38.8
2026-09-03,ecmwf,5,19,16.4,7.2,42.9
2026-09-03,ecmwf,6,18.7,16.6,8.4,39.5
2026-09-03,ecmwf,7,18.9,14.9,7.2,48.7
2026-09-03,gem,1,18.2,15.3,14.3,45.4
2026-09-03,gem,2,18.3,16.4,8.8,45.4
2026-09-03,gem,3,18.5,16.4,7.9,42.8
2026-09-03,gem,4,18.5,17,9.4,48.6
2026-09-03,gem,5,18,14.8,0.8,50.8
2026-09-03,gem,6,18,15.3,8.9,46.1
2026-09-03,gem,7,18.2,15.2,3.7,56.9
2026-09-03,gfs,1,18.2,16.1,12.5,45.1
2026-09-03,gfs,2,18.2,16.2,8.6,44.3
2026-09-03,gfs,3,18,16.3,7.2,43.6
2026-09-03,gfs,4,18,17,8.2,50.2
2026-09-03,gfs,5,18,15.7,3.9,48
2026-09-03,gfs,6,16.8,14.9,4.2,51.5
2026-09-03,gfs,7,17.1,15.2,7.1,36.1
2026-09-03,icon,1,19.3,16.3,3.1,41.3
2026-09-03,icon,2,18.5,16.7,10.1,32.2
2026-09-03,icon,3,18.6,16.2,15.7,34.7
2026-09-03,icon,4,18.2,17.2,12.8,36.4
2026-09-03,icon,5,17.7,16.3,16.3,45.3
2026-09-03,icon,6,18.1,15.4,10.6,39.7
2026-09-03,ukmo,1,18.6,16.7,2.1,40.7
2026-09-03,ukmo,2,19.4,12.2,6.8,31
2026-09-03,ukmo,3,17.7,16,12.7,34.2
2026-09-03,ukmo,4,18.7,12.1,2.8,32
2026-09-03,ukmo,5,17.9,14.7,1.2,37.1
2026-09-03,ukmo,6,17.3,14.7,21.2,30.6
2026-09-04,arpege,1,17.7,15.9,13.7,49.6
2026-09-04,arpege,2,17.4,16.4,24.5,46.5
2026-09-04,arpege,3,17.7,15.9,13.3,48.7
2026-09-04,ecmwf,1,17.8,16.6,15,43.9
2026-09-04,ecmwf,2,17.6,16.6,14.1,42.4
2026-09-04,ecmwf,3,17.9,15.8,3.9,36
2026-09-04,ecmwf,4,19.4,17.4,9.3,46
2026-09-04,ecmwf,5,18.5,16.6,2.1,33.6
2026-09-04,ecmwf,6,18.7,16.8,1.2,33.9
2026-09-04,ecmwf,7,18.9,17.5,1.8,36.7
2026-09-04,gem,1,18.1,15.5,14.3,50
2026-09-04,gem,2,18.1,15.5,11.5,41.4
2026-09-04,gem,3,19.1,15.5,6.9,61.2
2026-09-04,gem,4,18.1,16.2,9.2,59.4
2026-09-04,gem,5,18.1,16.6,4.8,46.8
2026-09-04,gem,6,18,14.7,4.5,51.5
2026-09-04,gem,7,17.1,15.1,2.3,49.3
2026-09-04,gfs,1,17.6,16.1,12.3,52.1
2026-09-04,gfs,2,17.6,16.4,11.1,48.9
2026-09-04,gfs,3,18.1,16.2,22,60.7
2026-09-04,gfs,4,17.8,15.4,13.6,47.8
2026-09-04,gfs,5,17.1,16.2,10.7,48.5
2026-09-04,gfs,6,17.2,14.8,6,53.1
2026-09-04,gfs,7,18.5,15.4,12.2,70.2
2026-09-04,icon,1,18.3,16.4,9.6,43
2026-09-04,icon,2,17.9,15.8,12.9,32.1
2026-09-04,icon,3,17.8,16.2,10.5,31.8
2026-09-04,icon,4,19.2,16.4,13.7,42.5
2026-09-04,icon,5,18,16.5,6.8,36.1
2026-09-04,icon,6,17.8,15.1,4.7,35.6
2026-09-04,ukmo,1,18,16,6.9,49.7
2026-09-04,ukmo,2,17.3,15.7,15.5,35.6
2026-09-04,ukmo,3,18,15.4,10.2,30.6
2026-09-04,ukmo,4,18.7,14.8,14.7,42.5
2026-09-04,ukmo,5,18.7,15.9,1.5,34.2
2026-09-04,ukmo,6,17.8,13.4,2.1,42.8
2026-09-05,arpege,1,16.9,15.8,0,45.9
2026-09-05,arpege,2,16.8,16,9.6,51.4
2026-09-05,arpege,3,17,15.7,2.9,45.5
2026-09-05,ecmwf,1,17.5,15.2,6.9,44.3
2026-09-05,ecmwf,2,17.6,15.4,4.8,46.2
2026-09-05,ecmwf,3,17.3,16,3.3,47.1
2026-09-05,ecmwf,4,17.5,15.8,2.1,42.8
2026-09-05,ecmwf,5,18,16.3,1.2,38.4
2026-09-05,ecmwf,6,18.2,16.5,1.8,38
2026-09-05,ecmwf,7,19.5,17.3,6,43.6
2026-09-05,gem,1,17,15.6,5.5,53.3
2026-09-05,gem,2,16.8,14.9,5.7,54.4
2026-09-05,gem,3,16.7,15.3,5.7,53.6
2026-09-05,gem,4,17.1,15.5,2.8,51.5
2026-09-05,gem,5,17.5,15.7,0.4,48.2
2026-09-05,gem,6,17.5,15,0.9,50
2026-09-05,gem,7,16.7,15.8,0.7,56.5
2026-09-05,gfs,1,16.7,15.9,4.7,54.3
2026-09-05,gfs,2,16.7,15.9,2.7,59.3
2026-09-05,gfs,3,16.6,16,2,54.9
2026-09-05,gfs,4,16.4,15.7,3.1,53.9
2026-09-05,gfs,5,16.4,15.8,2.7,53.3
2026-09-05,gfs,6,16.1,15.3,3.4,58.9
2026-09-05,gfs,7,16.1,15,1.4,52.2
2026-09-05,icon,1,17.1,15.7,2.2,45.7
2026-09-05,icon,2,16.4,15.2,6.6,41.1
2026-09-05,icon,3,16.5,15.5,3.6,39.7
2026-09-05,icon,4,16.7,14.7,2,39
2026-09-05,icon,5,17,15.6,2.3,41.6
2026-09-05,icon,6,17.3,15.5,1.6,38.5
2026-09-05,ukmo,1,17.4,15.5,0.9,52.6
2026-09-05,ukmo,2,16.9,15.1,0.5,40
2026-09-05,ukmo,3,18,15.3,0.8,36.7
2026-09-05,ukmo,4,18.4,15.3,0.4,35.3
2026-09-05,ukmo,5,18.2,14.6,2,28.4
2026-09-05,ukmo,6,18.1,15.4,0.1,40
2026-09-06,arpege,1,18.1,15.4,0,43
2026-09-06,arpege,2,18.3,16.1,0,51.2
2026-09-06,arpege,3,18,16.3,0,43.6
2026-09-06,ecmwf,1,18.2,15.6,0.3,41.4
2026-09-06,ecmwf,2,18.1,15.9,0.3,42.6
2026-09-06,ecmwf,3,17.8,15.7,0.3,43.6
2026-09-06,ecmwf,4,17.6,15.6,0,39.6
2026-09-06,ecmwf,5,17.9,16,0,31.1
2026-09-06,ecmwf,6,17.4,14.4,5.1,28.6
2026-09-06,ecmwf,7,18.4,15.9,0.6,33.3
2026-09-06,gem,1,17.5,14.9,0.1,47.5
2026-09-06,gem,2,17.4,15.7,0.3,49.7
2026-09-06,gem,3,16.7,15.5,0,45
2026-09-06,gem,4,16,15.5,0,46.8
2026-09-06,gem,5,16.8,15.8,0,33.8
2026-09-06,gem,6,18,15.8,0,35.6
2026-09-06,gem,7,19.2,14.4,1.9,42.5
2026-09-06,gfs,1,17.4,15.7,0,48.3
2026-09-06,gfs,2,17.5,15.7,0,50.1
2026-09-06,gfs,3,17.1,15.8,0,45.3
2026-09-06,gfs,4,16.9,15.5,0,48.7
2026-09-06,gfs,5,17.2,15.8,0.7,51.8
2026-09-06,gfs,6,16.7,15.5,0.2,52.3
2026-09-06,gfs,7,16.7,15.2,0.1,55.4
2026-09-06,icon,1,18.1,15.3,0,37.5
2026-09-06,icon,2,17.7,16.1,0,41.1
2026-09-06,icon,3,18.2,15.9,0,39.7
2026-09-06,icon,4,18.1,16.3,0,25.6
2026-09-06,icon,5,17.6,16,0,29.8
2026-09-06,icon,6,19.5,15.5,0,39.5
2026-09-06,ukmo,1,17.7,15.9,0.4,45.4
2026-09-06,ukmo,2,18.3,14.7,0,33.5
2026-09-06,ukmo,3,18.6,14.6,0,25.6
2026-09-06,ukmo,4,18.5,15,0,25.9
2026-09-06,ukmo,5,18.8,14.2,0,19.1
2026-09-06,ukmo,6,17.8,12.3,0,25.6
2026-09-07,arpege,1,21.2,16.1,0.1,27.8
2026-09-07,arpege,2,19.8,14.8,0,25.3
2026-09-07,arpege,3,19.4,15.1,0,38.8
2026-09-07,ecmwf,1,20,16.1,1.5,24.9
2026-09-07,ecmwf,2,19.7,16.2,0.9,25.6
2026-09-07,ecmwf,3,20,16.4,0.6,25.7
2026-09-07,ecmwf,4,19.2,16,0,25.1
2026-09-07,ecmwf,5,19.6,16.8,6.6,28.5
2026-09-07,ecmwf,6,19.4,16,0,44.2
2026-09-07,ecmwf,7,19.6,16.6,3.6,41.8
2026-09-07,gem,1,19.9,17.2,0,34.6
2026-09-07,gem,2,20.2,17.2,0.1,33.8
2026-09-07,gem,3,19.8,16.4,0.1,36.4
2026-09-07,gem,4,19.7,15.5,0,34.2
2026-09-07,gem,5,19.7,16.7,0,39.6
2026-09-07,gem,6,18.7,16.8,0.9,35.3
2026-09-07,gem,7,20.5,16.7,0.1,41.8
2026-09-07,gfs,1,18.9,17.2,0.2,32.4
2026-09-07,gfs,2,18.7,17.2,0,33.6
2026-09-07,gfs,3,19.2,17,0.6,30.3
2026-09-07,gfs,4,18.8,16.7,0.1,30.4
2026-09-07,gfs,5,19.3,16,0,28.7
2026-09-07,gfs,6,18.6,16,1.4,36.2
2026-09-07,gfs,7,18.4,16.7,0,37
2026-09-07,icon,1,19.3,15.7,0.2,24.2
2026-09-07,icon,2,20.2,16,0.1,24.8
2026-09-07,icon,3,19.3,15.8,1.4,27.1
2026-09-07,icon,4,20,16.1,3.1,24.9
2026-09-07,icon,5,19.6,16.5,1.2,23.5
2026-09-07,icon,6,19.6,17,1.6,35.5
2026-09-07,ukmo,1,19.4,17.1,0,31
2026-09-07,ukmo,2,20.8,13.2,0,19.8
2026-09-07,ukmo,3,20.3,13.9,0.7,23.4
2026-09-07,ukmo,4,21.5,14,1.2,23.8
2026-09-07,ukmo,5,20.5,13.1,0.6,29.9
2026-09-07,ukmo,6,18.9,12,3.3,40
2026-09-08,arpege,1,18,14.8,22.8,32.5
2026-09-08,arpege,2,18.5,15.5,7.6,37.2
2026-09-08,arpege,3,18.6,16.7,0.9,40.5
2026-09-08,ecmwf,1,17.8,15.3,9.6,30.3
2026-09-08,ecmwf,2,18.1,15.4,11.1,32.9
2026-09-08,ecmwf,3,18.1,16.4,4.2,34.2
2026-09-08,ecmwf,4,17.9,14.4,4.2,35.9
2026-09-08,ecmwf,5,18.1,16.4,2.7,34.7
2026-09-08,ecmwf,6,16.6,14.4,12.9,35.8
2026-09-08,ecmwf,7,17.9,15.3,9.6,38.7
2026-09-08,gem,1,17.7,14.1,17.2,43.9
2026-09-08,gem,2,17.8,15.3,7.4,36.4
2026-09-08,gem,3,17.7,15.7,2.7,49
2026-09-08,gem,4,18.8,15.5,1.3,43.6
2026-09-08,gem,5,17.4,15.2,3.6,44.3
2026-09-08,gem,6,19.5,16,0.2,49
2026-09-08,gem,7,17.5,15.2,4,45.7
2026-09-08,gfs,1,18,14.3,12.5,38.1
2026-09-08,gfs,2,17.9,15.4,10.4,43.4
2026-09-08,gfs,3,17.6,16.3,3.6,44.3
2026-09-08,gfs,4,17.9,16.4,4.6,40.6
2026-09-08,gfs,5,17.8,15.4,3.2,48.8
2026-09-08,gfs,6,18.5,16,9.2,52.2
2026-09-08,gfs,7,18.4,16.3,0.4,36.2
2026-09-08,icon,1,18.3,13.5,8.4,27.9
2026-09-08,icon,2,18.4,15.2,11.8,33.4
2026-09-08,icon,3,17.7,16,2.1,27.1
2026-09-08,icon,4,17.9,15.7,1.1,29.3
2026-09-08,icon,5,18.2,15.5,4.1,38.2
2026-09-08,icon,6,17.9,15.5,4.9,30
2026-09-08,ukmo,1,18.1,15,7.1,36.4
2026-09-08,ukmo,2,17.8,14.2,13.1,23.8
2026-09-08,ukmo,3,17.6,15.2,6.1,27.4
2026-09-08,ukmo,4,16.9,14.4,2,30.6
2026-09-08,ukmo,5,17.9,13.1,5.2,31.7
2026-09-08,ukmo,6,18.6,13.6,5,38.9
2026-09-09,arpege,1,17.3,13.3,6.5,35.9
2026-09-09,arpege,2,16.9,14.9,5.4,44.3
2026-09-09,arpege,3,17.6,15,6.2,45.2
2026-09-09,ecmwf,1,16.8,14.5,10.5,31.9
2026-09-09,ecmwf,2,17.3,15,3.9,33.1
2026-09-09,ecmwf,3,17,15.4,3.6,32.9
2026-09-09,ecmwf,4,16.8,14,7.8,40.5
2026-09-09,ecmwf,5,16.5,13.9,5.4,39.7
2026-09-09,ecmwf,6,16.3,14.9,17.7,46.7
2026-09-09,ecmwf,7,17.5,12.3,12.3,35.1
2026-09-09,gem,1,16.3,14.3,2.4,40.3
2026-09-09,gem,2,16.7,14.3,2.1,45.4
2026-09-09,gem,3,17,14.2,0.8,41.4
2026-09-09,gem,4,16,14.4,3.4,46.4
2026-09-09,gem,5,16.1,13.8,2.6,41.8
2026-09-09,gem,6,16.6,13.6,4.9,41
2026-09-09,gem,7,15.6,12.9,7.5,44.3
2026-09-09,gfs,1,16.4,14.1,4.3,42.8
2026-09-09,gfs,2,15.9,14,4.4,60.7
2026-09-09,gfs,3,16.7,14.1,7.3,45.7
2026-09-09,gfs,4,16.7,15.4,5.2,50.7
2026-09-09,gfs,5,16.2,15.5,8.4,52.4
2026-09-09,gfs,6,16.1,15.1,6.7,53.4
2026-09-09,gfs,7,16.3,15.5,7,50.7
2026-09-09,icon,1,17.6,13.3,6,33.2
2026-09-09,icon,2,16.2,14.6,3.8,33.6
2026-09-09,icon,3,16.5,14.3,5.1,33.7
2026-09-09,icon,4,16.1,14.8,10.7,37.5
2026-09-09,icon,5,15.5,14.7,10.1,37.3
2026-09-09,icon,6,16.2,15,7.9,33.8
2026-09-09,ukmo,1,16.5,14.5,3.3,38.9
2026-09-09,ukmo,2,17.8,13.6,0.7,23.8
2026-09-09,ukmo,3,16.3,13.8,3.1,37.8
2026-09-09,ukmo,4,17.2,13.6,10.6,29.2
2026-09-09,ukmo,5,15.2,13,5.5,42.8
2026-09-09,ukmo,6,15.2,13.1,8.8,35.3
2026-09-10,arpege,1,16,13.7,0,40
2026-09-10,arpege,2,16.3,13.9,0,52.2
2026-09-10,arpege,3,16.2,15.1,0.2,50.2
2026-09-10,ecmwf,1,15.8,14.3,0.6,34.9
2026-09-10,ecmwf,2,15.9,14.5,0,34.4
2026-09-10,ecmwf,3,16.1,14.5,0.6,26.9
2026-09-10,ecmwf,4,16.9,14.1,0.9,22.6
2026-09-10,ecmwf,5,16.1,14.5,2.4,37.6
2026-09-10,ecmwf,6,15.6,13.4,6.3,35.9
2026-09-10,ecmwf,7,16.7,13.3,5.7,38.7
2026-09-10,gem,1,15.9,14.6,0,42.5
2026-09-10,gem,2,15.9,14.5,0,44.3
2026-09-10,gem,3,16.2,14.8,0.1,44.6
2026-09-10,gem,4,16.1,14.7,1.9,43.9
2026-09-10,gem,5,16.1,14.1,0.9,52.9
2026-09-10,gem,6,16.2,14.5,0.3,41.8
2026-09-10,gem,7,15.1,13.8,3.1,46.1
2026-09-10,gfs,1,16.2,14,0.4,44.5
2026-09-10,gfs,2,16.4,14.2,0.1,43.9
2026-09-10,gfs,3,16,14.4,0.3,43.7
2026-09-10,gfs,4,16.8,15.3,6.3,49.6
2026-09-10,gfs,5,16.1,14.9,1.4,49.2
2026-09-10,gfs,6,16.7,15.8,4.2,44.7
2026-09-10,gfs,7,16.3,14.6,7.5,51.8
2026-09-10,icon,1,15.9,13.8,0,30.8
2026-09-10,icon,2,16.6,14.9,0,32.7
2026-09-10,icon,3,15.7,14.7,0,33.5
2026-09-10,icon,4,16.3,14.5,4.7,36.6
2026-09-10,icon,5,15.6,14.7,5.5,39.5
2026-09-10,icon,6,16.1,15,21.5,33.6
2026-09-10,ukmo,1,16.5,14.9,0,37.4
2026-09-10,ukmo,2,16.5,13.5,0,25.6
2026-09-10,ukmo,3,16.7,11.1,0,26.3
2026-09-10,ukmo,4,16.1,13.5,0.4,26.3
2026-09-10,ukmo,5,16.9,13.6,6.6,34.2
2026-09-10,ukmo,6,17,13,2.6,24.8
2026-09-11,arpege,1,17.2,15.2,4.8,34
2026-09-11,arpege,2,17.9,13.6,2.2,31.8
2026-09-11,arpege,3,18,13.7,0.1,25
2026-09-11,ecmwf,1,17,15.2,5.1,31.9
2026-09-11,ecmwf,2,17.5,15.4,3.6,29.9
2026-09-11,ecmwf,3,17,15.1,4.5,27.6
2026-09-11,ecmwf,4,17,15,0.3,27.9
2026-09-11,ecmwf,5,17.5,14.7,2.7,25.8
2026-09-11,ecmwf,6,15.7,14.1,9,30.1
2026-09-11,ecmwf,7,15.9,13.7,11.1,26
2026-09-11,gem,1,17.2,16.1,2.2,37.4
2026-09-11,gem,2,17.2,15.9,2,35.6
2026-09-11,gem,3,17.1,15.2,0,27
2026-09-11,gem,4,17.1,15,1.2,31.7
2026-09-11,gem,5,17.5,15.2,0.2,28.4
2026-09-11,gem,6,16.7,14.1,6.4,32.4
2026-09-11,gem,7,15.5,14.9,8.1,54.4
2026-09-11,gfs,1,17.1,15.6,1.1,38.1
2026-09-11,gfs,2,17.2,15.7,3.5,37.6
2026-09-11,gfs,3,17,15.4,5.4,42.9
2026-09-11,gfs,4,17.1,16.4,2.7,31.7
2026-09-11,gfs,5,17.5,16,5.5,40.3
2026-09-11,gfs,6,17.1,15.6,7,45.7
2026-09-11,gfs,7,17.8,15.3,8.3,48.8
2026-09-11,icon,1,17.3,15.6,0.6,27.1
2026-09-11,icon,2,17.4,16,0.7,26.3
2026-09-11,icon,3,17.4,15.5,1.8,25.9
2026-09-11,icon,4,17,14.5,1.6,25.2
2026-09-11,icon,5,17.2,15.2,6.6,33.4
2026-09-11,icon,6,16.5,14.3,11,30.8
2026-09-11,ukmo,1,17.3,15.6,1.7,37.4
2026-09-11,ukmo,2,17.7,12.2,2.6,27
2026-09-11,ukmo,3,18.3,11.3,0,22
2026-09-11,ukmo,4,17.4,10.2,0.3,18.4
2026-09-11,ukmo,5,17.9,14.1,3.3,22.7
2026-09-11,ukmo,6,16.9,12.9,3.3,19.4
2026-09-12,arpege,1,17.9,14,1.5,35.8
2026-09-12,arpege,2,17.6,14.7,3.4,36.1
2026-09-12,arpege,3,18.1,14.6,1.1,34.5
2026-09-12,ecmwf,1,17.6,15.6,5.7,31.5
2026-09-12,ecmwf,2,17.7,15.4,5.4,30.6
2026-09-12,ecmwf,3,17.8,15.1,0.6,31
2026-09-12,ecmwf,4,17.6,15.5,6,36.9
2026-09-12,ecmwf,5,17.4,14.5,1.2,25.3
2026-09-12,ecmwf,6,16.5,15.7,0.6,17.5
2026-09-12,ecmwf,7,16.7,12.9,3.3,25
2026-09-12,gem,1,17.7,15.2,3.1,43.6
2026-09-12,gem,2,17.7,15.8,2.9,34.6
2026-09-12,gem,3,17.1,15.8,3.1,37.4
2026-09-12,gem,4,17.1,14.6,0.1,28.1
2026-09-12,gem,5,17,15.1,1.1,24.8
2026-09-12,gem,6,16.8,15.2,0.8,22.7
2026-09-12,gem,7,17.3,14.7,3,52.9
2026-09-12,gfs,1,17.5,16,2.3,36.5
2026-09-12,gfs,2,17.5,16.2,1.9,45.2
2026-09-12,gfs,3,17.6,15.8,2.6,36.7
2026-09-12,gfs,4,17.1,14.9,1,37.7
2026-09-12,gfs,5,16.7,15.1,0,26.6
2026-09-12,gfs,6,18,15.2,0.9,36.8
2026-09-12,gfs,7,17.4,14.2,2.1,47.4
2026-09-12,icon,1,17.6,15.2,1,26.2
2026-09-12,icon,2,17.6,15.6,6.9,27.7
2026-09-12,icon,3,17.7,15.4,2,35
2026-09-12,icon,4,17.7,15.7,1.8,26.1
2026-09-12,icon,5,17.7,15.4,0.6,32.2
2026-09-12,icon,6,17.5,15.7,1.5,34.2
2026-09-12,ukmo,1,17.6,15,2.4,37.4
2026-09-12,ukmo,2,18,13.7,4.2,29.2
2026-09-12,ukmo,3,17.7,13.2,4.1,33.1
2026-09-12,ukmo,4,17.1,10.4,0.1,20.9
2026-09-12,ukmo,5,18.3,13.3,0,18.4
2026-09-12,ukmo,6,17.3,12.1,0.7,18
2026-09-13,arpege,1,17.3,13.9,0.2,27
2026-09-13,arpege,2,17.1,14.7,1.3,26.3
2026-09-13,arpege,3,17.4,14.4,2.8,39.3
2026-09-13,ecmwf,1,17.4,15.1,1.5,26.7
2026-09-13,ecmwf,2,17.6,15,1.8,29.5
2026-09-13,ecmwf,3,18,15.3,7.2,29.5
2026-09-13,ecmwf,4,18.1,16.7,8.1,31.2
2026-09-13,ecmwf,5,17.2,14.5,4.8,37.9
2026-09-13,ecmwf,6,17.5,16.3,6.3,32.8
2026-09-13,ecmwf,7,17.4,15.1,8.1,33.9
2026-09-13,gem,1,17.4,14.9,1.6,29.9
2026-09-13,gem,2,17.2,15.1,1.6,29.2
2026-09-13,gem,3,17.6,15.4,0.6,29.9
2026-09-13,gem,4,17.5,15.4,1.9,26.3
2026-09-13,gem,5,17.5,15.9,1.8,27.7
2026-09-13,gem,6,17,14,7.9,34.9
2026-09-13,gem,7,16.8,14.5,0.9,22.7
2026-09-13,gfs,1,17.5,14.9,0.7,34
2026-09-13,gfs,2,17.3,14.9,0.9,32.4
2026-09-13,gfs,3,17.4,14.8,0.7,32.5
2026-09-13,gfs,4,16.9,14.9,0.3,37.7
2026-09-13,gfs,5,17.7,16.2,1.8,33.6
2026-09-13,gfs,6,17.9,15.5,3.6,37.3
2026-09-13,gfs,7,17.7,15.3,3,36.2
2026-09-13,icon,1,17.4,13.9,0,26.7
2026-09-13,icon,2,17.6,14.6,1.4,25
2026-09-13,icon,3,17.6,14.9,6.5,29.9
2026-09-13,icon,4,17.6,14.6,10.4,24.4
2026-09-13,icon,5,18.5,16.7,0.4,34.4
2026-09-13,icon,6,18.5,16.2,9.9,39.1
2026-09-13,ukmo,1,17.4,15.3,2,31.7
2026-09-13,ukmo,2,17.3,13.6,1.8,24.8
2026-09-13,ukmo,3,17.4,14,0.5,26.3
2026-09-13,ukmo,4,17.7,13.7,3.4,29.2
2026-09-13,ukmo,5,17.6,15.2,12.4,26.6
2026-09-13,ukmo,6,19.3,12.1,5.1,24.8
2026-09-14,arpege,1,16.7,13.6,0,23.4
2026-09-14,arpege,2,16.7,14.2,0,25.8
2026-09-14,arpege,3,16.4,13.7,0,20.9
2026-09-14,ecmwf,1,16.5,15,0,23
2026-09-14,ecmwf,2,16.6,15.1,0,24.2
2026-09-14,ecmwf,3,17.1,15,0,21.4
2026-09-14,ecmwf,4,17.8,14.6,0,24.8
2026-09-14,ecmwf,5,18.4,14.6,0.6,25.5
2026-09-14,ecmwf,6,16.5,15.3,0,27
2026-09-14,ecmwf,7,17.9,16.9,0.9,33.6
2026-09-14,gem,1,16.3,14.7,0,26.3
2026-09-14,gem,2,16.3,14.9,0,24.1
2026-09-14,gem,3,17.1,15.3,0,23.4
2026-09-14,gem,4,16.1,15,0,25.9
2026-09-14,gem,5,16.7,15.3,0,28.1
2026-09-14,gem,6,17.1,15.5,1.7,28.8
2026-09-14,gem,7,17.1,15.5,1.4,28.8
2026-09-14,gfs,1,16.2,14.9,0,31.3
2026-09-14,gfs,2,16.4,14.9,0,30.7
2026-09-14,gfs,3,16.5,14.7,0,30.8
2026-09-14,gfs,4,16.5,14.7,0,34.2
2026-09-14,gfs,5,16.7,14.7,0,29.2
2026-09-14,gfs,6,16.5,15.1,0.1,31.9
2026-09-14,gfs,7,17.4,15.1,0.1,31.6
2026-09-14,icon,1,16.4,13.5,0,24.2
2026-09-14,icon,2,17,14.4,0,23.1
2026-09-14,icon,3,16.4,14.6,0,23.2
2026-09-14,icon,4,16.6,14.6,0,27
2026-09-14,icon,5,18.1,15.9,0.3,24.4
2026-09-14,icon,6,19.1,17.9,0.3,26.1
2026-09-14,ukmo,1,16.7,15.2,0,29.2
2026-09-14,ukmo,2,16.4,13.3,0,19.1
2026-09-14,ukmo,3,16.7,13.3,0,19.1
2026-09-14,ukmo,4,15.6,12.2,0,21.2
2026-09-14,ukmo,5,16.3,13.1,0.2,15.8
2026-09-14,ukmo,6,16.8,13.6,0.4,23.8
2026-09-15,arpege,1,18.6,15.7,0.6,32.6
2026-09-15,arpege,2,18.8,15,2.5,33.1
2026-09-15,arpege,3,18.6,15.7,6.5,33.5
2026-09-15,ecmwf,1,18.9,16.1,6,29
2026-09-15,ecmwf,2,18.5,16.7,4.5,30.8
2026-09-15,ecmwf,3,18.7,16,1.2,30.3
2026-09-15,ecmwf,4,18.9,17,2.4,34.3
2026-09-15,ecmwf,5,17.9,15.8,5.4,41.4
2026-09-15,ecmwf,6,19.4,15.6,3,31.9
2026-09-15,ecmwf,7,18,16.3,8.4,37.6
2026-09-15,gem,1,17.7,15.8,2,32
2026-09-15,gem,2,17.6,15.8,4.9,31.7
2026-09-15,gem,3,18.3,17.2,0.5,31.7
2026-09-15,gem,4,18.4,15.9,6.9,37.1
2026-09-15,gem,5,18,16.4,5.7,38.2
2026-09-15,gem,6,17.8,15.7,7,36.7
2026-09-15,gem,7,18.7,15.5,4.2,29.9
2026-09-15,gfs,1,18,16.1,0.4,33.9
2026-09-15,gfs,2,18,16.3,6.8,35.1
2026-09-15,gfs,3,18,16.4,2.6,35
2026-09-15,gfs,4,17.8,16.6,24.9,36.1
2026-09-15,gfs,5,18.4,16.4,0.8,33.9
2026-09-15,gfs,6,17.8,15.9,0,35.1
2026-09-15,gfs,7,17.7,15.7,0,47.7
2026-09-15,icon,1,19.3,15.7,0.1,31.6
2026-09-15,icon,2,18.9,15.1,4.2,29.9
2026-09-15,icon,3,18.7,16.4,4.1,32.3
2026-09-15,icon,4,18.7,15.8,4.3,34.7
2026-09-15,icon,5,17.7,15,13.3,34
2026-09-15,icon,6,18.4,15.5,3.2,33.8
2026-09-15,ukmo,1,17.8,15.9,1.7,31.3
2026-09-15,ukmo,2,18.7,14.2,4.5,24.8
2026-09-15,ukmo,3,19,13.8,0.6,23
2026-09-15,ukmo,4,18.4,13.2,10.7,30.2
2026-09-15,ukmo,5,17.9,15.2,5,29.9
2026-09-15,ukmo,6,18,14,2.3,33.5
2026-09-16,arpege,1,16.7,14.8,0.6,27.9
2026-09-16,arpege,2,16.6,14.3,1.6,33.8
2026-09-16,arpege,3,16.6,14.6,2.5,35.2
2026-09-16,ecmwf,1,16.7,14.6,1.2,31.4
2026-09-16,ecmwf,2,16.8,14.6,2.1,29.7
2026-09-16,ecmwf,3,16.9,14.8,4.8,24.1
2026-09-16,ecmwf,4,16.8,14.4,1.5,24.9
2026-09-16,ecmwf,5,16,14,3,29.1
2026-09-16,ecmwf,6,16.6,14.9,3.3,40.5
2026-09-16,ecmwf,7,16.2,14.7,3.6,38.6
2026-09-16,gem,1,16.4,14.3,3.1,36
2026-09-16,gem,2,16.5,14.6,1.6,37.8
2026-09-16,gem,3,17.4,14.7,1.3,33.1
2026-09-16,gem,4,17.2,15,5.4,31
2026-09-16,gem,5,17,14.6,1.2,33.5
2026-09-16,gem,6,16.4,14.6,2.4,32.8
2026-09-16,gem,7,17,14.8,8.2,31.3
2026-09-16,gfs,1,16.2,15.1,2.2,37.5
2026-09-16,gfs,2,16.2,14.5,1.4,42.2
2026-09-16,gfs,3,16.5,14.3,3.5,35.2
2026-09-16,gfs,4,16.6,14.6,4.6,32.8
2026-09-16,gfs,5,17.9,14.9,1.7,36.7
2026-09-16,gfs,6,17.6,14.1,7.4,50.4
2026-09-16,gfs,7,18,14.6,3.6,45.2
2026-09-16,icon,1,16.6,14.1,0.1,26.9
2026-09-16,icon,2,16.7,14.4,0.4,27.9
2026-09-16,icon,3,16.2,14.6,2,25.7
2026-09-16,icon,4,16,14.6,1.3,21.1
2026-09-16,icon,5,15.8,13.8,3,33.1
2026-09-16,icon,6,15.4,14.5,10.3,35.5
2026-09-16,ukmo,1,16.8,15,0.7,34.9
2026-09-16,ukmo,2,16.7,13.4,0.8,29.2
2026-09-16,ukmo,3,17,13.9,4.3,25.2
2026-09-16,ukmo,4,17,13.4,1.9,23
2026-09-16,ukmo,5,16.9,13.8,4.9,37.4
2026-09-16,ukmo,6,16.7,13.7,3.2,33.5
2026-09-17,arpege,1,16.2,14.7,5.1,30.1
2026-09-17,arpege,2,16.9,13.9,6.9,35
2026-09-17,arpege,3,16.5,14.8,8,37.2
2026-09-17,ecmwf,1,16.3,14.5,8.1,37.4
2026-09-17,ecmwf,2,16.5,14.4,5.7,35.9
2026-09-17,ecmwf,3,16.4,14.2,6.3,37.5
2026-09-17,ecmwf,4,16.3,13.8,4.8,40.7
2026-09-17,ecmwf,5,16.2,13.6,6,41.4
2026-09-17,ecmwf,6,16.2,15.1,14.4,40.8
2026-09-17,ecmwf,7,15.6,14.7,7.5,35.5
2026-09-17,gem,1,16.9,14.7,4.5,43.2
2026-09-17,gem,2,16.9,14.5,3.3,40
2026-09-17,gem,3,16.9,14.1,2.6,42.8
2026-09-17,gem,4,16.2,14.6,4.8,40
2026-09-17,gem,5,16,14.3,8.3,39.6
2026-09-17,gem,6,15,13.1,13.5,41.8
2026-09-17,gem,7,15.4,13.9,11.8,55.8
2026-09-17,gfs,1,16.5,14.6,6.6,41.9
2026-09-17,gfs,2,16.5,14.4,6.5,45
2026-09-17,gfs,3,16.2,14.3,6.5,40.8
2026-09-17,gfs,4,15.9,14.3,6.6,46
2026-09-17,gfs,5,15.7,14.2,6.1,39.2
2026-09-17,gfs,6,15.9,14.6,13.3,51.3
2026-09-17,gfs,7,16.9,14.3,2.7,33.7
2026-09-17,icon,1,16.5,14.4,9.1,32.1
2026-09-17,icon,2,16.7,14.3,9.5,35.9
2026-09-17,icon,3,17,14.6,6.7,34.7
2026-09-17,icon,4,15.8,14,9.3,35.1
2026-09-17,icon,5,15.8,13.9,11.3,41.2
2026-09-17,icon,6,16.6,14.3,4.8,30.9
2026-09-17,ukmo,1,16.6,14.6,3,38.2
2026-09-17,ukmo,2,16.1,13.3,7.6,26.6
2026-09-17,ukmo,3,14.7,13.2,13.8,24.8
2026-09-17,ukmo,4,14.7,13.4,14.5,27.7
2026-09-17,ukmo,5,15.2,13.4,9.2,31.7
2026-09-17,ukmo,6,15.5,14.3,7.2,31
2026-09-18,arpege,1,16.3,14.8,2.7,36.6
2026-09-18,arpege,2,16.6,15,5.9,39.9
2026-09-18,arpege,3,17.2,14.9,2.1,34.7
2026-09-18,ecmwf,1,16.7,14.8,3,38
2026-09-18,ecmwf,2,16.4,15,3,37.1
2026-09-18,ecmwf,3,16.4,15.5,1.2,34.8
2026-09-18,ecmwf,4,16.8,14.9,4.2,36.9
2026-09-18,ecmwf,5,15.6,14.2,15,41.4
2026-09-18,ecmwf,6,15.8,14.7,10.2,40.9
2026-09-18,ecmwf,7,15.3,14.6,14.7,40.7
2026-09-18,gem,1,16.4,14.3,1.2,42.8
2026-09-18,gem,2,16.1,14.4,4.6,43.6
2026-09-18,gem,3,16.4,14.5,2.8,40
2026-09-18,gem,4,16.2,14.6,2.3,33.1
2026-09-18,gem,5,15.8,14.9,2.4,47.9
2026-09-18,gem,6,15.7,13.7,4,46.4
2026-09-18,gem,7,15.8,13.6,5.9,37.8
2026-09-18,gfs,1,16,15.3,2.2,41.9
2026-09-18,gfs,2,16,15.3,3.1,42.2
2026-09-18,gfs,3,16.1,15.2,2.8,42.6
2026-09-18,gfs,4,15.9,14.9,2.4,37.1
2026-09-18,gfs,5,15.6,14.8,6.8,50
2026-09-18,gfs,6,15.9,14.8,3.8,35.7
2026-09-18,gfs,7,15.9,14.9,5.4,47.3
2026-09-18,icon,1,16.8,14.3,2,32.8
2026-09-18,icon,2,16,14.5,2.6,29.9
2026-09-18,icon,3,16.2,14.6,3.1,27.7
2026-09-18,icon,4,16.6,14.8,1,27.6
2026-09-18,icon,5,16.2,14.7,5.8,33.9
2026-09-18,icon,6,15.9,14.6,0.9,25.6
2026-09-18,ukmo,1,16.5,14.7,2.3,42.1
2026-09-18,ukmo,2,16.8,13.7,1.2,34.9
2026-09-18,ukmo,3,16.9,13.8,0.4,30.2
2026-09-18,ukmo,4,16.8,12.8,0.6,26.6
2026-09-18,ukmo,5,14.8,13.3,24.8,34.2
2026-09-18,ukmo,6,14.9,13.4,18.2,31
2026-09-19,arpege,1,18,16,2.5,40.9
2026-09-19,arpege,2,17.8,16.1,3.5,48.5
2026-09-19,arpege,3,18,15.9,3.8,44.2
2026-09-19,ecmwf,1,17.9,16.2,4.5,41.8
2026-09-19,ecmwf,2,17.6,16.2,2.7,41.2
2026-09-19,ecmwf,3,17.8,16,8.4,43.9
2026-09-19,ecmwf,4,18.3,15.8,5.1,42.9
2026-09-19,ecmwf,5,17.3,15.7,3.3,40.7
2026-09-19,ecmwf,6,17.1,14.4,5.7,43.2
2026-09-19,ecmwf,7,17.2,15.4,9.3,45.3
2026-09-19,gem,1,17.6,15.6,3,47.2
2026-09-19,gem,2,17.9,15.6,3.4,48.2
2026-09-19,gem,3,17.4,15.2,1.7,45
2026-09-19,gem,4,17.6,15.6,2,43.2
2026-09-19,gem,5,17.6,15.6,3.7,42.5
2026-09-19,gem,6,17.2,14.5,1.3,46.4
2026-09-19,gem,7,17,14.2,3.9,34.2
2026-09-19,gfs,1,17.2,16,3.2,49.2
2026-09-19,gfs,2,17,16,4.1,48.3
2026-09-19,gfs,3,17.1,15.5,4.4,41.9
2026-09-19,gfs,4,16.9,15.6,3.9,41
2026-09-19,gfs,5,17,15.3,2,40.3
2026-09-19,gfs,6,16.7,14.7,14.4,56
2026-09-19,gfs,7,16.2,15.2,24.3,57.6
2026-09-19,icon,1,18.2,16.3,1.4,36.6
2026-09-19,icon,2,17.9,16.1,6.7,39
2026-09-19,icon,3,17.8,15.9,3.2,32.4
2026-09-19,icon,4,17.6,16.1,3.5,33.9
2026-09-19,icon,5,17.3,15.9,3.1,44
2026-09-19,icon,6,17.2,14.5,5.3,41.4
2026-09-19,ukmo,1,17.6,16.2,0.1,47.2
2026-09-19,ukmo,2,18.2,14.7,6.6,35.6
2026-09-19,ukmo,3,18.4,14.2,3.9,35.3
2026-09-19,ukmo,4,18.1,15,3.3,32.8
2026-09-19,ukmo,5,17.9,14.3,5.9,32
2026-09-19,ukmo,6,18,13.3,6.4,31.7
2026-09-20,arpege,1,16.7,14.6,1.2,47.2
2026-09-20,arpege,2,16.6,15.1,10.1,56
2026-09-20,arpege,3,16.6,15.1,6.4,51.1
2026-09-20,ecmwf,1,16.8,14.6,9,46.9
2026-09-20,ecmwf,2,17.3,15.2,3.9,45.7
2026-09-20,ecmwf,3,17.4,15.3,3.9,48.6
2026-09-20,ecmwf,4,17.1,14.4,12,49.7
2026-09-20,ecmwf,5,17.5,14.6,6.3,44.8
2026-09-20,ecmwf,6,16.3,14.7,2.7,43
2026-09-20,ecmwf,7,16.4,13.1,4.2,34.5
2026-09-20,gem,1,17,14.2,5.4,56.9
2026-09-20,gem,2,17.3,13.8,3.1,58
2026-09-20,gem,3,17,14.3,3.5,59.4
2026-09-20,gem,4,17.7,14.5,2.1,51.5
2026-09-20,gem,5,17.5,15.1,0.6,47.9
2026-09-20,gem,6,17.4,14.8,1.3,46.8
2026-09-20,gem,7,17.1,14.4,1.1,38.9
2026-09-20,gfs,1,16.8,14.5,3.3,56.4
2026-09-20,gfs,2,16.8,14.6,3.8,53.3
2026-09-20,gfs,3,16.8,14.4,1.4,53.4
2026-09-20,gfs,4,16.3,14.3,2.5,53
2026-09-20,gfs,5,17,14.5,2.4,50.1
2026-09-20,gfs,6,16.6,14.9,1.1,40.3
2026-09-20,gfs,7,15.9,14.3,2.9,57.2
2026-09-20,icon,1,16.8,14.1,1.1,44.3
2026-09-20,icon,2,17.7,13.9,8.9,42.3
2026-09-20,icon,3,17.5,14.1,7.3,40
2026-09-20,icon,4,17.7,14.1,7.8,43.3
2026-09-20,icon,5,17,14.5,2.2,41.2
2026-09-20,icon,6,17.2,14.1,11,43.3
2026-09-20,ukmo,1,17.3,14.5,1.9,56.2
2026-09-20,ukmo,2,16.2,14.1,3,41.4
2026-09-20,ukmo,3,16.6,14.4,0,38.5
2026-09-20,ukmo,4,17,14.4,0.4,37.8
2026-09-20,ukmo,5,16.5,13,1,40
2026-09-20,ukmo,6,17.8,14.2,1.4,34.2
2026-09-21,arpege,1,15.5,14.1,0,49.1
2026-09-21,arpege,2,16,14.8,1.2,55.8
2026-09-21,arpege,3,16.4,15.2,0.6,51.1
2026-09-21,ecmwf,1,15,13.6,2.4,49.9
2026-09-21,ecmwf,2,15.4,14.7,1.5,47.7
2026-09-21,ecmwf,3,15.8,14.9,1.8,48
2026-09-21,ecmwf,4,15.3,13.2,4.8,45.4
2026-09-21,ecmwf,5,14.9,14.3,2.7,47.1
2026-09-21,ecmwf,6,15.4,14.9,1.2,42.2
2026-09-21,ecmwf,7,15.6,14.4,0.3,45.5
2026-09-21,gem,1,15.3,13.8,2.2,55.1
2026-09-21,gem,2,15.7,13.3,2,58.3
2026-09-21,gem,3,15.3,14,0.5,58
2026-09-21,gem,4,15,14.3,0.3,51.1
2026-09-21,gem,5,15.4,14.4,0,47.5
2026-09-21,gem,6,16.8,14.7,0.1,45.4
2026-09-21,gem,7,17.6,15.2,0.3,30.2
2026-09-21,gfs,1,14.7,14.3,1.6,56.8
2026-09-21,gfs,2,14.9,14.5,1.6,55.2
2026-09-21,gfs,3,15,14.6,0.5,52.2
2026-09-21,gfs,4,15,14.4,2,53.6
2026-09-21,gfs,5,14.8,14.3,1.5,49.2
2026-09-21,gfs,6,14.9,14,1.1,50
2026-09-21,gfs,7,16.8,15.1,0.1,44.5
2026-09-21,icon,1,15.6,13.4,0.4,45.6
2026-09-21,icon,2,15.6,14.1,1.9,41.4
2026-09-21,icon,3,15.5,14,2.1,44.8
2026-09-21,icon,4,15.1,13.7,3.1,43.1
2026-09-21,icon,5,15.5,14.6,0.9,45.5
2026-09-21,icon,6,17.3,14.2,0.6,43.1
2026-09-21,ukmo,1,15.4,13.9,2.3,55.4
2026-09-21,ukmo,2,15.8,13.6,0.4,38.9
2026-09-21,ukmo,3,15.9,13.9,0,38.9
2026-09-21,ukmo,4,16.1,13.7,0,32.8
2026-09-21,ukmo,5,16.6,13.6,0.8,39.6
2026-09-21,ukmo,6,15.7,13.7,2,32.4
2026-09-22,arpege,1,15.6,11,0,26.3
2026-09-22,arpege,2,16,13.5,0,27.6
2026-09-22,arpege,3,16.5,13.6,0,22.2
2026-09-22,ecmwf,1,15.3,13.2,0,29.6
2026-09-22,ecmwf,2,15.5,13.9,0,27.9
2026-09-22,ecmwf,3,16.3,14.5,0,24.4
2026-09-22,ecmwf,4,16.4,13.3,0,23.7
2026-09-22,ecmwf,5,16.2,13.3,0,34.5
2026-09-22,ecmwf,6,15.7,13.6,0,33.2
2026-09-22,ecmwf,7,17.3,14.7,0,29.3
2026-09-22,gem,1,15.5,14.4,0,31
2026-09-22,gem,2,15.4,14.8,0,32
2026-09-22,gem,3,16,14.1,0.2,29.9
2026-09-22,gem,4,16,14.3,0.3,34.9
2026-09-22,gem,5,15,14.3,0,34.9
2026-09-22,gem,6,16.6,14.3,0,29.9
2026-09-22,gem,7,17.5,14.9,0,23.8
2026-09-22,gfs,1,15.3,14.2,0,31.7
2026-09-22,gfs,2,15.1,14.2,0,34.2
2026-09-22,gfs,3,15.5,14.3,0,34.2
2026-09-22,gfs,4,15.4,14.7,0,30.9
2026-09-22,gfs,5,15.2,13.6,0.3,41.8
2026-09-22,gfs,6,15.3,14.3,0,32.8
2026-09-22,gfs,7,15.9,14.2,0.3,34.2
2026-09-22,icon,1,16.1,13,0,21.6
2026-09-22,icon,2,15.8,14.3,0.1,21.1
2026-09-22,icon,3,15.6,14.2,0,22.1
2026-09-22,icon,4,15.7,14.4,0,24.9
2026-09-22,icon,5,16.7,14,0,30.5
2026-09-22,icon,6,17.3,13.9,0,24.6
2026-09-22,ukmo,1,15.5,14.4,0,30.2
2026-09-22,ukmo,2,16.2,11.4,0,17.3
2026-09-22,ukmo,3,16.6,11.6,0,15.1
2026-09-22,ukmo,4,16.8,11.5,0,15.5
2026-09-22,ukmo,5,16.5,13.1,0,13.3
2026-09-22,ukmo,6,18.7,13,0,20.9
2026-09-23,arpege,1,17,10.7,7.7,37.5
2026-09-23,arpege,2,15.9,11.6,0.2,21.7
2026-09-23,arpege,3,16.8,15.2,3.1,28.9
2026-09-23,ecmwf,1,16.5,13.5,10.2,41.6
2026-09-23,ecmwf,2,16.5,13.1,6.6,30.9
2026-09-23,ecmwf,3,17,15.2,3.6,13.2
2026-09-23,ecmwf,4,17.1,15,0.3,20.7
2026-09-23,ecmwf,5,17.4,11.5,4.8,24.1
2026-09-23,ecmwf,6,17.3,8.9,0,14.4
2026-09-23,ecmwf,7,15.9,12.6,0,12.1
2026-09-23,gem,1,16.1,14.7,29.9,35.3
2026-09-23,gem,2,16.4,15,25.7,26.3
2026-09-23,gem,3,16.5,15.1,2.6,19.1
2026-09-23,gem,4,16.3,15.3,2,25.6
2026-09-23,gem,5,16.2,14.2,0.5,20.5
2026-09-23,gem,6,16.2,12.3,0.9,21.2
2026-09-23,gem,7,17.1,13.5,6.5,21.2
2026-09-23,gfs,1,15.7,14.7,9.8,53.5
2026-09-23,gfs,2,16.4,14.6,15.1,41.9
2026-09-23,gfs,3,15.7,14.7,0,21.3
2026-09-23,gfs,4,16.4,15.3,3.2,30.8
2026-09-23,gfs,5,15.7,13.8,0.2,39.7
2026-09-23,gfs,6,15.7,12,0,13
2026-09-23,gfs,7,16.5,14.9,1.1,24.4
2026-09-23,icon,1,16.7,13.5,6.9,38.5
2026-09-23,icon,2,17.1,14.8,13.1,34.1
2026-09-23,icon,3,17.2,15,7.9,21.9
2026-09-23,icon,4,15.9,14.1,12.8,23.8
2026-09-23,icon,5,16.7,14.6,0.8,18.5
2026-09-23,icon,6,16.8,14.2,0.5,44.9
2026-09-23,ukmo,1,16.2,14.9,12,51.5
2026-09-23,ukmo,2,16.7,12.8,1.2,17.6
2026-09-23,ukmo,3,17.7,14.4,2.3,14.4
2026-09-23,ukmo,4,17.3,13.4,26.1,22
2026-09-23,ukmo,5,15.9,12.6,19.4,31.7
2026-09-23,ukmo,6,16.8,12.6,28.3,33.1
2026-09-24,arpege,1,14.9,13.2,0,56.2
2026-09-24,arpege,2,15.1,13.1,2.4,42.5
2026-09-24,arpege,3,16.2,13.9,2,48.5
2026-09-24,ecmwf,1,15,13.5,2.1,47.4
2026-09-24,ecmwf,2,15.1,13.5,1.5,56.5
2026-09-24,ecmwf,3,15.2,14.1,3.3,50.3
2026-09-24,ecmwf,4,16.5,14.8,11.7,25.3
2026-09-24,ecmwf,5,16.4,13,10.5,21.4
2026-09-24,ecmwf,6,15.6,13.4,6.3,42.6
2026-09-24,ecmwf,7,16.6,9.3,0,30.7
2026-09-24,gem,1,14.8,13.7,1.2,64.1
2026-09-24,gem,2,15.8,14.4,1.9,64.8
2026-09-24,gem,3,15.7,14.3,5.2,46.4
2026-09-24,gem,4,16,14.2,0.6,37.4
2026-09-24,gem,5,16.1,13.8,0.7,36
2026-09-24,gem,6,16.2,14.4,0.7,35.6
2026-09-24,gem,7,15.3,13.1,0.3,29.9
2026-09-24,gfs,1,14.1,13.6,2.3,61.2
2026-09-24,gfs,2,14.9,13.6,1,63.1
2026-09-24,gfs,3,15.1,14.2,0,42.9
2026-09-24,gfs,4,15.9,12.9,3.8,29.7
2026-09-24,gfs,5,16.5,13.8,2.2,61.6
2026-09-24,gfs,6,15.8,13.2,0.8,31.4
2026-09-24,gfs,7,16,13.8,2.7,47.2
2026-09-24,icon,1,14.1,13,0.4,45.6
2026-09-24,icon,2,15.8,14,2.7,43
2026-09-24,icon,3,15.4,13.8,1.8,46.9
2026-09-24,icon,4,15.8,13.7,4.2,30.1
2026-09-24,icon,5,16.1,14.4,0.3,19.2
2026-09-24,icon,6,16.8,14.2,0.3,44.6
2026-09-24,ukmo,1,14.5,12.9,5.4,62.6
2026-09-24,ukmo,2,15.1,13,3.5,34.6
2026-09-24,ukmo,3,16.1,12.3,0.7,31.3
2026-09-24,ukmo,4,17.3,12.1,1.8,23.8
2026-09-24,ukmo,5,17.2,10,0.3,33.5
2026-09-24,ukmo,6,15.8,12.3,3.1,34.2
2026-09-25,arpege,1,16.6,11.8,0,24.3
2026-09-25,arpege,2,17,12.8,0,24
2026-09-25,arpege,3,16.5,12.9,0,25.2
2026-09-25,ecmwf,1,15.8,13,0,22.5
2026-09-25,ecmwf,2,16,13.1,0,21.8
2026-09-25,ecmwf,3,15.4,13,0,21.9
2026-09-25,ecmwf,4,16.7,13.1,0,22.9
2026-09-25,ecmwf,5,16.5,14,0.3,23.6
2026-09-25,ecmwf,6,16.7,13.6,0,28.1
2026-09-25,ecmwf,7,16.2,14.4,0.3,23.5
2026-09-25,gem,1,15.6,14,0,27.7
2026-09-25,gem,2,15.6,14.3,0,25.9
2026-09-25,gem,3,15.7,14.2,0,33.5
2026-09-25,gem,4,15.7,14.1,0,24.5
2026-09-25,gem,5,15.6,11.9,0,19.8
2026-09-25,gem,6,15.7,13.3,0,14.8
2026-09-25,gem,7,14.9,13.9,0,25.9
2026-09-25,gfs,1,15.4,14.1,0,27.8
2026-09-25,gfs,2,15.6,14.2,0,29.2
2026-09-25,gfs,3,15.6,14.4,0,26.3
2026-09-25,gfs,4,15.7,14,0.3,29.4
2026-09-25,gfs,5,15.6,13,0,23.8
2026-09-25,gfs,6,16.2,12.6,0,18.8
2026-09-25,gfs,7,16,13.3,0,19
2026-09-25,icon,1,16.1,12.1,0,21
2026-09-25,icon,2,15.6,13.3,0,22.2
2026-09-25,icon,3,16,13.4,0,22.5
2026-09-25,icon,4,16.2,13.5,0,25
2026-09-25,icon,5,16.2,13.8,0,25.9
2026-09-25,icon,6,16.3,14.4,0,28.2
2026-09-25,ukmo,1,15.7,13.9,0,29.2
2026-09-25,ukmo,2,16.9,9.7,0,21.2
2026-09-25,ukmo,3,16.8,12,0,19.4
2026-09-25,ukmo,4,16,11.5,0,16.6
2026-09-25,ukmo,5,16.5,11.4,0,23.4
2026-09-25,ukmo,6,16.8,8.3,0,15.1
2026-09-27,metno,1,18.8,10.9,0,30.6
2026-09-27,mosmix,1,17.9,12.4,0,31.5
2026-09-28,metno,2,18.2,14,0,24.1
2026-09-28,mosmix,2,17.9,14.9,0,22.2
2026-09-29,metno,3,19.9,13,0,29.9
2026-09-29,mosmix,3,18.7,14,0,25.9
2026-09-30,metno,4,20.4,14.6,0,31
2026-09-30,mosmix,4,18.3,14.7,0,29.6
2026-10-01,metno,5,18.5,15,2.6,28.4
2026-10-01,mosmix,5,16.7,14.6,0,29.6
2026-10-02,metno,6,17.6,14.4,1.3,18
2026-10-02,mosmix,6,15.7,13.7,0,22.2
2026-10-03,metno,7,16.8,13.7,0,16.9
2026-10-03,mosmix,7,15.9,13.2,0,20.4
