target,provider,lead,tmax,tmin,precip,wind
2025-12-10,arpege,1,9.6,8.8,0,
2025-12-10,arpege,2,9.7,8.9,0.3,
2025-12-10,arpege,3,9.5,8.6,0.1,
2025-12-10,ecmwf,1,10.2,9.2,0,43.9
2025-12-10,ecmwf,2,10.1,9.3,0,42.3
2025-12-10,ecmwf,3,10.3,8.9,0,44
2025-12-10,ecmwf,4,11.2,9.1,0.6,47.4
2025-12-10,ecmwf,5,9.6,8.9,0.9,42.7
2025-12-10,ecmwf,6,10.4,8.8,1.5,49.9
2025-12-10,ecmwf,7,9.7,8.8,6.6,43
2025-12-10,gem,1,9.8,9.1,1.5,39.6
2025-12-10,gem,2,9.7,9.4,1.2,40
2025-12-10,gem,3,9.9,9.1,1.2,41.8
2025-12-10,gem,4,9.8,9.1,0.9,44.3
2025-12-10,gem,5,9.6,8.7,1.5,53.6
2025-12-10,gem,6,9.9,8.8,4.8,43.2
2025-12-10,gem,7,10.1,9.6,0.6,42.1
2025-12-10,gfs,1,10.1,8.8,0.3,35.2
2025-12-10,gfs,2,9.9,8.5,0.8,38
2025-12-10,gfs,3,10.5,8.7,0,47.4
2025-12-10,gfs,4,10.5,8.2,0.3,38
2025-12-10,gfs,5,10.6,8.1,1.3,66.2
2025-12-10,gfs,6,9.8,7.9,0.8,65.6
2025-12-10,gfs,7,9.5,7.6,0,51.6
2025-12-10,icon,1,9.8,8.8,0.6,35.7
2025-12-10,icon,2,10.1,8.6,0,32.9
2025-12-10,icon,3,9.5,8.4,0.6,35.1
2025-12-10,icon,4,10.6,8.1,0.2,31.7
2025-12-10,icon,5,9.3,8.3,1.8,47
2025-12-10,icon,6,9.1,8.1,9.2,41.1
2025-12-10,ukmo,1,9.3,8.2,0.3,39.6
2025-12-10,ukmo,2,9.1,8.3,0.9,44.6
2025-12-10,ukmo,3,8.9,7.9,4.4,40.3
2025-12-10,ukmo,4,8.9,8.1,1,40.3
2025-12-10,ukmo,5,9.5,7.9,1.9,46.1
2025-12-10,ukmo,6,7.8,7.4,6.1,33.5
2025-12-11,arpege,1,8.7,7.8,0,
2025-12-11,arpege,2,8.4,7.2,0,
2025-12-11,arpege,3,8.6,6.9,0,
2025-12-11,ecmwf,1,9.3,7.7,0,41.2
2025-12-11,ecmwf,2,9.3,7.3,0,40.8
2025-12-11,ecmwf,3,9.1,7.9,0,40.5
2025-12-11,ecmwf,4,9.1,7,0,45.6
2025-12-11,ecmwf,5,9.1,7.4,0,42.2
2025-12-11,ecmwf,6,9.1,8.3,1.5,45.9
2025-12-11,ecmwf,7,9,8.3,2.4,44.1
2025-12-11,gem,1,9.2,8.5,0,41
2025-12-11,gem,2,9.3,8,0,39.6
2025-12-11,gem,3,9.2,8.1,0,40.3
2025-12-11,gem,4,9.3,7.9,0,36
2025-12-11,gem,5,9,8.1,2.7,42.8
2025-12-11,gem,6,9,7.7,4.2,66.6
2025-12-11,gem,7,9.6,8.3,1.5,34.6
2025-12-11,gfs,1,8.7,8,0,35.1
2025-12-11,gfs,2,8.6,7.6,0,38.8
2025-12-11,gfs,3,9.5,7.4,0,37.2
2025-12-11,gfs,4,8.8,7,0,34.7
2025-12-11,gfs,5,8.1,6.6,0,35.4
2025-12-11,gfs,6,9.3,6.2,1.2,63
2025-12-11,gfs,7,8.9,6.8,0,41
2025-12-11,icon,1,8.7,7.3,0,36
2025-12-11,icon,2,9.1,7.9,0,34.7
2025-12-11,icon,3,8.7,7.3,0,37.2
2025-12-11,icon,4,8.6,7.1,0,32.4
2025-12-11,icon,5,8.5,7.5,0.9,48.7
2025-12-11,icon,6,8.5,7.9,0.3,48.7
2025-12-11,ukmo,1,9,7.7,0,36.7
2025-12-11,ukmo,2,8.8,7.3,0,45.7
2025-12-11,ukmo,3,8.8,7.6,0,41.4
2025-12-11,ukmo,4,8.5,7.3,0,39.6
2025-12-11,ukmo,5,8.4,7.7,0.9,42.8
2025-12-11,ukmo,6,8,7.4,0.6,42.5
2025-12-12,arpege,1,8.2,5.6,0,
2025-12-12,arpege,2,7.5,6.4,0,
2025-12-12,arpege,3,7.6,6,0.1,
2025-12-12,ecmwf,1,7.7,5.7,0.6,25.3
2025-12-12,ecmwf,2,7.3,5.3,0.3,31.2
2025-12-12,ecmwf,3,7.6,5.6,0,25.1
2025-12-12,ecmwf,4,8,5.7,0,27.9
2025-12-12,ecmwf,5,8,6.3,0,35.3
2025-12-12,ecmwf,6,8.7,5.5,0,32.2
2025-12-12,ecmwf,7,8.5,5.6,2.1,42.3
2025-12-12,gem,1,8.3,6.2,0.3,25.9
2025-12-12,gem,2,8,6.5,0.3,23.8
2025-12-12,gem,3,8,6,1.5,26.6
2025-12-12,gem,4,8.3,6.6,0.3,25.6
2025-12-12,gem,5,8.4,5.3,0,33.8
2025-12-12,gem,6,8.6,3.5,1.2,41.4
2025-12-12,gem,7,8.2,7.3,2.4,41
2025-12-12,gfs,1,7.8,5.8,0.2,19.8
2025-12-12,gfs,2,7.5,5.7,0,17.9
2025-12-12,gfs,3,7.8,6.2,0,24.7
2025-12-12,gfs,4,7,5.5,0,16.8
2025-12-12,gfs,5,7.2,5.5,0,17.7
2025-12-12,gfs,6,6.8,5.5,0,23.5
2025-12-12,gfs,7,7.3,5,0,29.4
2025-12-12,icon,1,7,5.2,0,22.2
2025-12-12,icon,2,7.5,5.7,0.5,20
2025-12-12,icon,3,7.9,5,0,21.8
2025-12-12,icon,4,7.5,5.1,0,20.9
2025-12-12,icon,5,7.4,5,0,33.5
2025-12-12,icon,6,7.9,3,0.2,37.5
2025-12-12,ukmo,1,7.7,5.1,0.5,26.3
2025-12-12,ukmo,2,7,4.4,0.3,25.9
2025-12-12,ukmo,3,7.4,5.7,0.3,29.9
2025-12-12,ukmo,4,7.2,5.7,0.3,29.2
2025-12-12,ukmo,5,7.9,6.3,0,29.5
2025-12-12,ukmo,6,8,6.4,0.4,39.6
2025-12-13,arpege,1,9,7.3,0.3,
2025-12-13,arpege,2,9.3,7.1,0.4,
2025-12-13,arpege,3,8.7,7.1,0.2,
2025-12-13,ecmwf,1,8.7,7.9,0.3,30.1
2025-12-13,ecmwf,2,8.4,7.6,2.7,30.7
2025-12-13,ecmwf,3,8.3,7.4,0,34.1
2025-12-13,ecmwf,4,8.5,7.7,4.8,24.5
2025-12-13,ecmwf,5,8.7,7.6,1.5,31.9
2025-12-13,ecmwf,6,8.6,6.9,0,32.7
2025-12-13,ecmwf,7,8.6,6.5,0,30.5
2025-12-13,gem,1,8.9,7.6,0.6,33.8
2025-12-13,gem,2,8.5,8,1.2,31.7
2025-12-13,gem,3,8.6,7.7,0.9,42.1
2025-12-13,gem,4,8.8,7.1,0.6,36.4
2025-12-13,gem,5,9.3,7.8,0.9,27.7
2025-12-13,gem,6,8.6,4.8,1.5,25.2
2025-12-13,gem,7,7.3,0,0,23.4
2025-12-13,gfs,1,9,7.1,0.2,24.9
2025-12-13,gfs,2,8.6,6.9,0.8,26
2025-12-13,gfs,3,8.6,6.9,0,34.8
2025-12-13,gfs,4,8.4,6.1,0.4,22.7
2025-12-13,gfs,5,6.9,5.5,0,29.7
2025-12-13,gfs,6,7.5,5.5,2.2,40.7
2025-12-13,gfs,7,7.1,5.8,0,28
2025-12-13,icon,1,8.8,6.8,0.3,28.8
2025-12-13,icon,2,8.6,7,0.7,23
2025-12-13,icon,3,8.3,5.7,1.9,28.5
2025-12-13,icon,4,8.6,5.2,2.9,24.9
2025-12-13,icon,5,7.9,5.8,0.7,39.9
2025-12-13,icon,6,7.3,4.1,0.4,42.3
2025-12-13,ukmo,1,8.2,7,0.3,28.8
2025-12-13,ukmo,2,8.2,6.9,2,35.3
2025-12-13,ukmo,3,7.8,6.9,1.8,38.2
2025-12-13,ukmo,4,8.7,6.7,2.5,40.3
2025-12-13,ukmo,5,8.5,6.8,2.7,59
2025-12-13,ukmo,6,7.9,5.9,0.3,29.5
2025-12-14,arpege,1,8.2,5.8,0,
2025-12-14,arpege,2,7.6,5.5,0,
2025-12-14,arpege,3,7.1,5.7,0,
2025-12-14,ecmwf,1,7.9,5.8,0,43.4
2025-12-14,ecmwf,2,7.8,6,0,47.2
2025-12-14,ecmwf,3,7.7,6.3,0,47.6
2025-12-14,ecmwf,4,8.4,6.1,1.2,45.1
2025-12-14,ecmwf,5,8.3,6.3,0.3,44.5
2025-12-14,ecmwf,6,8.2,6,0,47.8
2025-12-14,ecmwf,7,8.8,7.4,1.5,51
2025-12-14,gem,1,8.1,6.7,0,44.3
2025-12-14,gem,2,7.9,6.6,0,45.7
2025-12-14,gem,3,7.8,7.1,0,41
2025-12-14,gem,4,9.6,7.6,4.2,52.6
2025-12-14,gem,5,9.7,8.3,15.6,60.1
2025-12-14,gem,6,8.3,6.6,0,38.9
2025-12-14,gem,7,9,3,4.2,49.3
2025-12-14,gfs,1,7.3,6.5,0,35.6
2025-12-14,gfs,2,7.3,6.4,0,33.5
2025-12-14,gfs,3,8,6.7,0.1,41.3
2025-12-14,gfs,4,9.3,5.7,0,34.5
2025-12-14,gfs,5,8.3,6.5,0.6,37.7
2025-12-14,gfs,6,7.4,5.2,1.4,36.2
2025-12-14,gfs,7,7.5,4.3,0,39
2025-12-14,icon,1,7.3,5.3,0,37
2025-12-14,icon,2,7.5,5.6,0,35
2025-12-14,icon,3,7.9,6,0.9,37
2025-12-14,icon,4,7.6,6.4,0,35.9
2025-12-14,icon,5,7.5,5.9,0,44.8
2025-12-14,icon,6,7.1,6,0.3,39.4
2025-12-14,ukmo,1,7.7,6,0,41.8
2025-12-14,ukmo,2,7.7,6,0,42.8
2025-12-14,ukmo,3,7.7,6.2,0,44.6
2025-12-14,ukmo,4,8.2,6.8,2,52.6
2025-12-14,ukmo,5,10.1,7.5,9.9,59.8
2025-12-14,ukmo,6,8,7.2,4.2,52.6
2025-12-15,arpege,1,7.4,6.2,0,
2025-12-15,arpege,2,7.2,5.7,0,
2025-12-15,arpege,3,6.7,5.2,0,
2025-12-15,ecmwf,1,7.8,6.5,0.3,37.6
2025-12-15,ecmwf,2,7.6,6,0,40.4
2025-12-15,ecmwf,3,7.6,6,0,41.8
2025-12-15,ecmwf,4,7.3,6.5,0,42.1
2025-12-15,ecmwf,5,8.2,6,0,33
2025-12-15,ecmwf,6,8.2,7.7,0,30.8
2025-12-15,ecmwf,7,9.3,7.6,1.2,52.7
2025-12-15,gem,1,7.7,6.9,0,42.5
2025-12-15,gem,2,7.7,6.6,0,41.8
2025-12-15,gem,3,7.6,6.1,0,41
2025-12-15,gem,4,8.7,6.9,0,49
2025-12-15,gem,5,9.4,8.4,3,55.1
2025-12-15,gem,6,10.5,7.2,10.8,51.1
2025-12-15,gem,7,9,4.6,0,41
2025-12-15,gfs,1,7.3,6.6,0,34.2
2025-12-15,gfs,2,7.2,6.4,0,33.1
2025-12-15,gfs,3,7.1,6.1,0,29.5
2025-12-15,gfs,4,7.4,6.4,0,30.4
2025-12-15,gfs,5,8.5,6.5,0.6,40.6
2025-12-15,gfs,6,7.8,4.8,0,25.5
2025-12-15,gfs,7,7.8,4.1,0,37.8
2025-12-15,icon,1,7.3,6.2,0,33.8
2025-12-15,icon,2,7.6,6.2,0,29.7
2025-12-15,icon,3,7.5,6.6,0,33.9
2025-12-15,icon,4,7.7,6.5,0,34.9
2025-12-15,icon,5,7.2,6.4,3.1,41.6
2025-12-15,icon,6,7.7,6.1,0.2,36.7
2025-12-15,ukmo,1,8,6.3,0,34.2
2025-12-15,ukmo,2,7.3,6,0.1,37.4
2025-12-15,ukmo,3,7,5.4,0,44.3
2025-12-15,ukmo,4,8.3,5.4,0.2,51.8
2025-12-15,ukmo,5,9,7.7,3.1,51.1
2025-12-15,ukmo,6,10,8.1,1.4,51.8
2025-12-16,arpege,1,7.3,4.9,0,
2025-12-16,arpege,2,7.5,5.9,0,
2025-12-16,arpege,3,7,5.1,0,
2025-12-16,ecmwf,1,7.8,6.2,0,30.6
2025-12-16,ecmwf,2,8.1,7.7,0,31.3
2025-12-16,ecmwf,3,7.8,7.2,0,29.2
2025-12-16,ecmwf,4,7.8,6.9,0,29.5
2025-12-16,ecmwf,5,7.8,6.4,0,25.6
2025-12-16,ecmwf,6,8.1,6,0,28.8
2025-12-16,ecmwf,7,7.6,5.8,0,24
2025-12-16,gem,1,8.2,7.6,0,28.4
2025-12-16,gem,2,7.9,7.4,0,29.5
2025-12-16,gem,3,7.7,7.2,0,30.2
2025-12-16,gem,4,7.3,6.5,0,29.2
2025-12-16,gem,5,8.1,6.8,0,28.4
2025-12-16,gem,6,9.5,7.7,0,29.9
2025-12-16,gem,7,9.3,6,2.1,36.7
2025-12-16,gfs,1,7.8,6.4,0,24.9
2025-12-16,gfs,2,7.8,6.1,0,24
2025-12-16,gfs,3,7.9,6,0,23.2
2025-12-16,gfs,4,7.3,6.2,0,24.1
2025-12-16,gfs,5,7.2,5.8,0,25
2025-12-16,gfs,6,7.9,5.4,0,29.5
2025-12-16,gfs,7,7.4,3.9,0.4,30.3
2025-12-16,icon,1,7.9,6.4,0,23.9
2025-12-16,icon,2,8.3,6.6,0.1,21.6
2025-12-16,icon,3,8.1,6.7,0.3,22.7
2025-12-16,icon,4,8.3,6.6,0.7,23.7
2025-12-16,icon,5,8.5,6.4,0,31.5
2025-12-16,icon,6,7.8,6.2,5,26.3
2025-12-16,ukmo,1,7.6,6.7,0,31
2025-12-16,ukmo,2,8.3,6.8,0,29.2
2025-12-16,ukmo,3,7.4,6.3,0,28.1
2025-12-16,ukmo,4,7.3,6,0,32.4
2025-12-16,ukmo,5,7.9,5.8,0,40
2025-12-16,ukmo,6,9.5,7.3,3.3,53.6
2025-12-17,arpege,1,8.7,7.2,0.8,
2025-12-17,arpege,2,8.1,5.8,0.4,
2025-12-17,arpege,3,8,6.6,0,
2025-12-17,ecmwf,1,8.2,6.2,0.3,28.8
2025-12-17,ecmwf,2,7.6,6.5,1.2,28
2025-12-17,ecmwf,3,8,6.4,0.6,28.5
2025-12-17,ecmwf,4,7.8,7.3,0.3,26.8
2025-12-17,ecmwf,5,7.8,6.6,0,26.9
2025-12-17,ecmwf,6,7.6,5.1,0,23.3
2025-12-17,ecmwf,7,7.8,5.7,0.9,24.5
2025-12-17,gem,1,8.1,7.6,0.3,28.8
2025-12-17,gem,2,8.2,7.2,0.6,27.4
2025-12-17,gem,3,7.9,7.4,0.3,27
2025-12-17,gem,4,8.1,6.4,0,31.3
2025-12-17,gem,5,8.1,5.8,0.3,23.4
2025-12-17,gem,6,7.9,3.7,0,24.5
2025-12-17,gem,7,8.7,7.7,4.5,41.8
2025-12-17,gfs,1,8.3,6.9,0.1,19.9
2025-12-17,gfs,2,8.2,6.9,0,17.7
2025-12-17,gfs,3,8.3,7,0.2,17.6
2025-12-17,gfs,4,8.4,6.8,0.3,22.9
2025-12-17,gfs,5,8.8,7.3,0,25
2025-12-17,gfs,6,7.6,5.8,0,29.9
2025-12-17,gfs,7,7.8,6.2,1.4,28.1
2025-12-17,icon,1,7.7,6.4,0,21.6
2025-12-17,icon,2,8.1,6.5,0.5,22.2
2025-12-17,icon,3,8,6.7,5,23
2025-12-17,icon,4,8.3,7.3,1.1,27.9
2025-12-17,icon,5,8.1,6.8,5.8,26.4
2025-12-17,icon,6,7.9,6.9,0,35.5
2025-12-17,ukmo,1,7.6,6.7,3,24.1
2025-12-17,ukmo,2,7.7,6.6,2.7,21.2
2025-12-17,ukmo,3,7.5,6.8,0.3,27.7
2025-12-17,ukmo,4,7.5,5.9,0,29.2
2025-12-17,ukmo,5,7.7,7.1,0.4,31.7
2025-12-17,ukmo,6,7.2,5.2,0.3,18
2025-12-18,arpege,1,8.1,7.1,1.4,
2025-12-18,arpege,2,7.7,6,1.4,
2025-12-18,arpege,3,8.2,6.6,1.4,
2025-12-18,ecmwf,1,8.7,7.2,0.3,42.3
2025-12-18,ecmwf,2,8.9,6.7,1.5,43.6
2025-12-18,ecmwf,3,8,7,3.6,43.3
2025-12-18,ecmwf,4,8.6,7,0,41.8
2025-12-18,ecmwf,5,8.8,6.7,0,41.6
2025-12-18,ecmwf,6,7.8,7.2,0.9,35.6
2025-12-18,ecmwf,7,8.1,6,0.3,38.5
2025-12-18,gem,1,8.6,7.2,0.3,44.3
2025-12-18,gem,2,8.4,6.9,0.3,43.6
2025-12-18,gem,3,8.3,7.6,0,41.4
2025-12-18,gem,4,8.3,7.3,0,40.7
2025-12-18,gem,5,9,7.2,0,42.1
2025-12-18,gem,6,7.7,7.1,0.6,37.4
2025-12-18,gem,7,8.5,6.8,0.9,36.7
2025-12-18,gfs,1,9.3,6.9,0.6,41.1
2025-12-18,gfs,2,8.6,6.9,0,37.8
2025-12-18,gfs,3,8.7,6.8,0,36
2025-12-18,gfs,4,7.9,6.6,0,34.5
2025-12-18,gfs,5,8.8,5.8,0,26.3
2025-12-18,gfs,6,8.3,6.6,0.2,32.7
2025-12-18,gfs,7,8.1,6.5,0.7,36.1
2025-12-18,icon,1,9.4,6.7,0,38.2
2025-12-18,icon,2,9.4,6.6,1.3,33.6
2025-12-18,icon,3,8.5,6.9,2,37.2
2025-12-18,icon,4,8.6,7.4,0.5,35.6
2025-12-18,icon,5,8.4,6.7,1.4,43.6
2025-12-18,icon,6,8.1,6.8,3.9,41.6
2025-12-18,ukmo,1,8.4,6.6,0.8,45
2025-12-18,ukmo,2,7.7,6.6,1.3,40
2025-12-18,ukmo,3,8.4,6.8,1.4,42.5
2025-12-18,ukmo,4,8.3,6.7,0,39.2
2025-12-18,ukmo,5,7.9,6.9,0,35.6
2025-12-18,ukmo,6,7,5.5,3.3,40.7
2025-12-19,arpege,1,9.4,7.7,1.4,
2025-12-19,arpege,2,8.6,6.8,1.5,
2025-12-19,arpege,3,9,7.8,2.5,
2025-12-19,ecmwf,1,9.6,8.3,0,43.7
2025-12-19,ecmwf,2,9.6,8.2,0.6,43.4
2025-12-19,ecmwf,3,9.5,8.1,0.3,43.5
2025-12-19,ecmwf,4,9.7,7.1,0,47.8
2025-12-19,ecmwf,5,9.3,8.2,1.5,43.3
2025-12-19,ecmwf,6,8.5,7.8,0,41
2025-12-19,ecmwf,7,9.1,7.7,8.1,55.1
2025-12-19,gem,1,9.1,8,4.5,44.6
2025-12-19,gem,2,9.3,8.2,5.1,49.3
2025-12-19,gem,3,9.3,8,0.3,43.9
2025-12-19,gem,4,9.1,8,0.6,42.8
2025-12-19,gem,5,9,7.9,0.9,44.6
2025-12-19,gem,6,9.2,7.5,0.9,46.4
2025-12-19,gem,7,8.3,6,0.6,39.2
2025-12-19,gfs,1,9.4,7.4,3.3,39.4
2025-12-19,gfs,2,9.5,7.3,1.8,40.8
2025-12-19,gfs,3,9.1,7,0.5,38.1
2025-12-19,gfs,4,8.6,6.9,0.8,37.7
2025-12-19,gfs,5,8.6,5.9,0.1,31.2
2025-12-19,gfs,6,7.6,4.8,0.1,30.4
2025-12-19,gfs,7,7.3,6,0,30
2025-12-19,icon,1,9.6,7.6,2,38.1
2025-12-19,icon,2,9.7,8,1.8,32.9
2025-12-19,icon,3,9.3,8,1.5,35.6
2025-12-19,icon,4,10.2,6.9,0.6,42.5
2025-12-19,icon,5,9.1,8.1,1,44.6
2025-12-19,icon,6,8.4,6.8,4.1,40.2
2025-12-19,ukmo,1,8.6,7.8,1.4,44.3
2025-12-19,ukmo,2,8.7,7.6,0.3,46.1
2025-12-19,ukmo,3,8.4,7.5,1.5,42.5
2025-12-19,ukmo,4,8.6,7.8,0.3,41.8
2025-12-19,ukmo,5,8.2,7.6,0,38.5
2025-12-19,ukmo,6,8.3,7,0,37.4
2025-12-20,arpege,1,7.7,4.5,0,
2025-12-20,arpege,2,7.9,4.4,0,
2025-12-20,arpege,3,7.7,4.5,0,
2025-12-20,ecmwf,1,8.1,4.2,0,34.7
2025-12-20,ecmwf,2,8.1,5.1,0,32.9
2025-12-20,ecmwf,3,8.6,6.2,0.6,38
2025-12-20,ecmwf,4,7,4.3,0,30
2025-12-20,ecmwf,5,8.2,5.4,0,37.2
2025-12-20,ecmwf,6,7.7,5.8,0,32.1
2025-12-20,ecmwf,7,8.1,6,0,27.8
2025-12-20,gem,1,8,5.6,0.3,31
2025-12-20,gem,2,8.2,6,0,30.6
2025-12-20,gem,3,8.2,6.1,0.9,35.6
2025-12-20,gem,4,7.9,5.8,0,31
2025-12-20,gem,5,8.1,5.5,0.6,33.5
2025-12-20,gem,6,8,6.4,0,37.4
2025-12-20,gem,7,8.1,7.2,2.4,55.1
2025-12-20,gfs,1,8.4,4.8,0,28.2
2025-12-20,gfs,2,7.2,5.2,0,25
2025-12-20,gfs,3,6.8,5.1,0,23.3
2025-12-20,gfs,4,6.7,5,0.8,28
2025-12-20,gfs,5,6.8,4.6,0,29.7
2025-12-20,gfs,6,7.3,4.2,0.2,19.5
2025-12-20,gfs,7,8,4.9,0,23.9
2025-12-20,icon,1,7.7,3.5,0,24.8
2025-12-20,icon,2,8,4.8,0,21.9
2025-12-20,icon,3,7.9,4.3,0,19.4
2025-12-20,icon,4,6.9,5.2,0,16.9
2025-12-20,icon,5,8,5.4,0,34.9
2025-12-20,icon,6,7.8,5.6,0,29.9
2025-12-20,ukmo,1,7.7,4.5,0,29.9
2025-12-20,ukmo,2,7.9,4.6,0,29.9
2025-12-20,ukmo,3,7.5,5.9,1.2,27
2025-12-20,ukmo,4,7.7,5,0.6,29.9
2025-12-20,ukmo,5,7.8,4.7,0,33.5
2025-12-20,ukmo,6,8.2,5.1,0,41.8
2025-12-21,arpege,1,5.8,4.1,0.2,
2025-12-21,arpege,2,5.8,4.1,0.3,
2025-12-21,arpege,3,6.5,4.5,0,
2025-12-21,ecmwf,1,6.3,3.9,0,35.3
2025-12-21,ecmwf,2,6.1,5.2,0,35.5
2025-12-21,ecmwf,3,7.1,5.3,0.3,37.2
2025-12-21,ecmwf,4,6.6,4.6,0,31
2025-12-21,ecmwf,5,7.3,3.8,0.6,35.9
2025-12-21,ecmwf,6,5.9,4.7,0,26.6
2025-12-21,ecmwf,7,6.3,4.5,0,40.7
2025-12-21,gem,1,6.5,4.8,0,32.8
2025-12-21,gem,2,6.6,5.2,0.3,36.4
2025-12-21,gem,3,7.4,5.7,1.2,31.7
2025-12-21,gem,4,7.5,4.8,0,33.8
2025-12-21,gem,5,6.9,5.6,0.9,20.9
2025-12-21,gem,6,7.2,5.7,1.2,43.2
2025-12-21,gem,7,6.7,4.2,0.6,40.3
2025-12-21,gfs,1,7,4.6,0.3,25.3
2025-12-21,gfs,2,7.4,5.4,0.8,25.2
2025-12-21,gfs,3,7.4,5.4,1,27.1
2025-12-21,gfs,4,7.3,5.7,0.7,25.6
2025-12-21,gfs,5,7.6,4.6,0.7,22.2
2025-12-21,gfs,6,4.9,2.9,0,30.3
2025-12-21,gfs,7,6.9,2.3,0.1,26.6
2025-12-21,icon,1,6.4,3.2,0,24.3
2025-12-21,icon,2,6.8,4.6,0.6,24.2
2025-12-21,icon,3,6,3.6,0.2,25.6
2025-12-21,icon,4,6.8,5.2,2.2,21.3
2025-12-21,icon,5,7,5.3,0.1,27.6
2025-12-21,icon,6,6.1,4.2,0.8,27.2
2025-12-21,ukmo,1,6.2,4.7,0,27.4
2025-12-21,ukmo,2,6.2,4.4,0,33.8
2025-12-21,ukmo,3,6.8,4.8,0.4,33.5
2025-12-21,ukmo,4,6.6,5.2,1.2,36
2025-12-21,ukmo,5,6.6,3.2,1.1,30.6
2025-12-21,ukmo,6,6.2,5,1.3,31.3
2025-12-22,arpege,1,5.3,2.5,0,
2025-12-22,arpege,2,5.5,3,0,
2025-12-22,arpege,3,5.1,2,0,
2025-12-22,ecmwf,1,5.6,3.8,0,37.1
2025-12-22,ecmwf,2,5.1,4.2,0.3,37.7
2025-12-22,ecmwf,3,6,3.8,0.3,41.9
2025-12-22,ecmwf,4,6.3,4.3,0.3,41.2
2025-12-22,ecmwf,5,5.9,4.6,0,46.8
2025-12-22,ecmwf,6,5.4,4,0.6,37.8
2025-12-22,ecmwf,7,5.4,4.4,0,35.7
2025-12-22,gem,1,6.2,3.4,0,36.7
2025-12-22,gem,2,5.4,3,0,38.5
2025-12-22,gem,3,6.2,3.7,0,44.3
2025-12-22,gem,4,6.2,5.1,0,38.9
2025-12-22,gem,5,5.9,4.5,0,36
2025-12-22,gem,6,5.3,4.2,0,33.5
2025-12-22,gem,7,6.8,4.3,0,31
2025-12-22,gfs,1,5.9,2.8,0,27.7
2025-12-22,gfs,2,5.5,3,0,29.1
2025-12-22,gfs,3,6.4,3.6,0,28.9
2025-12-22,gfs,4,6.5,5,0,31.5
2025-12-22,gfs,5,5.8,4.2,0,23.7
2025-12-22,gfs,6,5.8,3.1,0,20.2
2025-12-22,gfs,7,6.3,1.7,0,30.4
2025-12-22,icon,1,5.7,4,0,27
2025-12-22,icon,2,5.5,3.4,0,28.9
2025-12-22,icon,3,6,4.1,0,26.8
2025-12-22,icon,4,6.1,1.6,0,27.1
2025-12-22,icon,5,6.3,4.3,0,30.4
2025-12-22,icon,6,6.2,4.1,0,34.6
2025-12-22,ukmo,1,5.9,3.1,0,28.1
2025-12-22,ukmo,2,5.2,2.5,0,36.7
2025-12-22,ukmo,3,5.6,3,0,37.8
2025-12-22,ukmo,4,5.9,3,0.3,41
2025-12-22,ukmo,5,5.1,4.5,0,37.8
2025-12-22,ukmo,6,5.9,3.7,0,35.6
2025-12-23,arpege,1,4.2,0.3,0,
2025-12-23,arpege,2,2.9,0.6,0,
2025-12-23,arpege,3,3,1.1,0,
2025-12-23,ecmwf,1,4.8,2.9,0,40.9
2025-12-23,ecmwf,2,4.6,2.7,0.9,39.3
2025-12-23,ecmwf,3,4.9,3.1,0.6,40.3
2025-12-23,ecmwf,4,4.4,2,0.6,37.8
2025-12-23,ecmwf,5,5.5,4.7,0.3,41.9
2025-12-23,ecmwf,6,5.7,3.4,0.6,42.6
2025-12-23,ecmwf,7,4.7,3.5,0.3,35.7
2025-12-23,gem,1,5.4,2.6,0,40.3
2025-12-23,gem,2,4.9,2.6,0,42.1
2025-12-23,gem,3,5.1,2.3,0,42.5
2025-12-23,gem,4,4.4,1.7,0,44.3
2025-12-23,gem,5,4.9,3.1,0,37.8
2025-12-23,gem,6,4.9,3.4,0,36.4
2025-12-23,gem,7,6.1,4.3,1.2,29.2
2025-12-23,gfs,1,4.8,2.2,0,32.1
2025-12-23,gfs,2,4.9,2.6,0,28.9
2025-12-23,gfs,3,5.2,3,0,29.1
2025-12-23,gfs,4,5.5,2.9,0,31.7
2025-12-23,gfs,5,5.6,3.6,0,34.7
2025-12-23,gfs,6,5.9,2.8,0.2,29.7
2025-12-23,gfs,7,5.6,2.6,0,34.9
2025-12-23,icon,1,3.9,0.9,0,25.2
2025-12-23,icon,2,4.3,2.1,0,27.1
2025-12-23,icon,3,4.4,2.6,0,27.4
2025-12-23,icon,4,5.6,3.7,0,26.9
2025-12-23,icon,5,5.6,1.9,0,36.6
2025-12-23,icon,6,6.3,0.7,0,41.3
2025-12-23,ukmo,1,4.9,1.7,0,34.9
2025-12-23,ukmo,2,5.1,1.5,0,40.3
2025-12-23,ukmo,3,5,2.6,0,39.6
2025-12-23,ukmo,4,3.9,2.5,0,45.4
2025-12-23,ukmo,5,5.1,3.4,0,45.4
2025-12-23,ukmo,6,4.6,3.4,0,42.5
2025-12-24,arpege,1,3,0.2,0,
2025-12-24,arpege,2,3,-0.6,0,
2025-12-24,arpege,3,3.3,-0.2,0,
2025-12-24,ecmwf,1,4.6,2.3,0,32.1
2025-12-24,ecmwf,2,4.7,2,0,34.2
2025-12-24,ecmwf,3,4.5,2.4,0,36
2025-12-24,ecmwf,4,4.7,2,0,35.3
2025-12-24,ecmwf,5,4.8,1.7,0,36.9
2025-12-24,ecmwf,6,5.3,2.6,0.6,37.5
2025-12-24,ecmwf,7,4.9,2.3,0.3,40.6
2025-12-24,gem,1,4.5,2,0,35.3
2025-12-24,gem,2,4.7,2.3,0,34.2
2025-12-24,gem,3,3.9,2.5,0,31.7
2025-12-24,gem,4,3.6,2.1,0,47.9
2025-12-24,gem,5,3.5,0.1,0,42.1
2025-12-24,gem,6,3.6,0.2,0,28.8
2025-12-24,gem,7,5.6,2,3,58.3
2025-12-24,gfs,1,4.5,0,0,28.2
2025-12-24,gfs,2,3.7,0.2,0,25.6
2025-12-24,gfs,3,4.3,0.2,0,29.2
2025-12-24,gfs,4,3.6,-0.2,0,30.1
2025-12-24,gfs,5,4.9,-0.4,0,36.2
2025-12-24,gfs,6,6,1.5,0,37.6
2025-12-24,gfs,7,5.6,3.5,0.8,39.3
2025-12-24,icon,1,3.1,-0.3,0,23.1
2025-12-24,icon,2,3.7,0.4,0,21.9
2025-12-24,icon,3,4,0,0,21.6
2025-12-24,icon,4,4.1,0.6,0.1,28
2025-12-24,icon,5,4.1,1.9,2.1,47.9
2025-12-24,icon,6,3.1,0.6,0,42.6
2025-12-24,ukmo,1,3.7,1.3,0,32
2025-12-24,ukmo,2,5,2.2,0,33.1
2025-12-24,ukmo,3,4.8,2.7,0.3,36.4
2025-12-24,ukmo,4,4.5,1.6,0.2,41
2025-12-24,ukmo,5,4.9,2.9,0.4,44.6
2025-12-24,ukmo,6,4.8,0.1,0,38.2
2025-12-25,arpege,1,0.6,-4.2,0,
2025-12-25,arpege,2,0.6,-2,0,
2025-12-25,arpege,3,0.8,-2.4,0,
2025-12-25,ecmwf,1,2.8,0.3,0,28.5
2025-12-25,ecmwf,2,1.7,0.7,0,26.3
2025-12-25,ecmwf,3,2.3,0.6,0,29.2
2025-12-25,ecmwf,4,2.4,0.8,0,28.2
2025-12-25,ecmwf,5,3.2,1.5,0,28.9
2025-12-25,ecmwf,6,3.6,2.3,0,27.4
2025-12-25,ecmwf,7,4.2,3.1,0.3,39
2025-12-25,gem,1,1.5,-1,0,30.6
2025-12-25,gem,2,1.9,-1.2,0,30.2
2025-12-25,gem,3,2.5,-0.6,0,27.7
2025-12-25,gem,4,2.6,-0.4,0,26.6
2025-12-25,gem,5,2.4,0.5,0,40.7
2025-12-25,gem,6,2.1,0.6,0,42.1
2025-12-25,gem,7,4.1,-1.3,0.3,47.5
2025-12-25,gfs,1,1.3,-1.2,0,21.4
2025-12-25,gfs,2,2.1,-0.4,0,19.8
2025-12-25,gfs,3,2.3,-0.4,0,19.3
2025-12-25,gfs,4,2.1,-0.3,0,20.7
2025-12-25,gfs,5,1.6,-0.9,0,27.8
2025-12-25,gfs,6,2.2,-0.7,0,22.7
2025-12-25,gfs,7,4.3,0.2,0,38.6
2025-12-25,icon,1,-0.1,-3,0,14.9
2025-12-25,icon,2,1.8,0.1,0,16.7
2025-12-25,icon,3,0.6,-0.6,0,16.6
2025-12-25,icon,4,2.2,-0.1,0,21.8
2025-12-25,icon,5,3.8,1.7,0,46.4
2025-12-25,icon,6,4.3,2,0,46.7
2025-12-25,ukmo,1,1.6,-0.7,0,26.3
2025-12-25,ukmo,2,2.9,0,0,31.7
2025-12-25,ukmo,3,3.1,0.3,0,34.2
2025-12-25,ukmo,4,2.5,-0.4,0.2,36.4
2025-12-25,ukmo,5,2.9,0.9,0,41.8
2025-12-25,ukmo,6,4.1,2.2,0,40.7
2025-12-26,arpege,1,2.7,-5.7,0,
2025-12-26,arpege,2,2.8,-2.9,0,
2025-12-26,arpege,3,2.1,-2.7,0,
2025-12-26,ecmwf,1,2.5,0.2,0,16.9
2025-12-26,ecmwf,2,4.9,0.3,0,16.9
2025-12-26,ecmwf,3,6,0.4,0,23.1
2025-12-26,ecmwf,4,3.1,0,0,23.5
2025-12-26,ecmwf,5,2.5,0,0,26.3
2025-12-26,ecmwf,6,2.2,0.4,0,35.7
2025-12-26,ecmwf,7,3.3,0.3,0,34.7
2025-12-26,gem,1,5.9,-1.6,0,15.5
2025-12-26,gem,2,6.6,-1.6,0,17.3
2025-12-26,gem,3,6,-1.3,0,23
2025-12-26,gem,4,2.6,-1.1,0,20.9
2025-12-26,gem,5,7.2,-0.6,0,16.6
2025-12-26,gem,6,0.7,-1.7,0,36.4
2025-12-26,gem,7,1.2,-1.1,0,32.8
2025-12-26,gfs,1,3.3,-1.2,0,14.4
2025-12-26,gfs,2,4.4,-0.5,0,12.3
2025-12-26,gfs,3,5.8,-0.3,0,13.9
2025-12-26,gfs,4,5.3,-0.6,0,13.4
2025-12-26,gfs,5,5.2,-1.6,0,19.8
2025-12-26,gfs,6,5.9,-1.8,0,21.8
2025-12-26,gfs,7,3,-1,0,27.1
2025-12-26,icon,1,2.4,-4.1,0,9.4
2025-12-26,icon,2,2.2,-0.9,0,12.9
2025-12-26,icon,3,3.9,-0.9,0,14.1
2025-12-26,icon,4,1.7,-1.3,0,11.2
2025-12-26,icon,5,6.5,0.8,0,19.7
2025-12-26,icon,6,5.1,1.4,0,35.3
2025-12-26,ukmo,1,4.2,-1.2,0,19.1
2025-12-26,ukmo,2,3.2,-1,0,20.9
2025-12-26,ukmo,3,1.9,-0.2,0,23.8
2025-12-26,ukmo,4,2.4,-0.5,0,32.4
2025-12-26,ukmo,5,3,0.6,0,29.2
2025-12-26,ukmo,6,6.2,0.5,0,24.8
2025-12-27,arpege,1,7.6,1.6,0,
2025-12-27,arpege,2,7.5,1.1,0,
2025-12-27,arpege,3,8,0.9,0,
2025-12-27,ecmwf,1,7.1,3.1,0,38.2
2025-12-27,ecmwf,2,7.2,4.8,0,37.4
2025-12-27,ecmwf,3,7.3,4.9,0,39.1
2025-12-27,ecmwf,4,7,3.1,0,37.8
2025-12-27,ecmwf,5,6.7,1.7,0,28.8
2025-12-27,ecmwf,6,6.6,-0.3,0,24.6
2025-12-27,ecmwf,7,3.7,-1.5,0,28
2025-12-27,gem,1,7.7,5.5,0,41
2025-12-27,gem,2,7.9,5.4,0,40.3
2025-12-27,gem,3,7.7,5.2,0,39.2
2025-12-27,gem,4,8.1,2.7,0,36.4
2025-12-27,gem,5,5.7,1.4,0,11.9
2025-12-27,gem,6,7.3,0.7,0,33.8
2025-12-27,gem,7,6.1,-2,0.3,34.6
2025-12-27,gfs,1,7.2,2.2,0,39
2025-12-27,gfs,2,7.3,2.4,0,38.7
2025-12-27,gfs,3,7.3,2.5,0,43.5
2025-12-27,gfs,4,7.4,2.4,0,47.3
2025-12-27,gfs,5,6.8,2.2,0,38.8
2025-12-27,gfs,6,6.9,-0.8,0,36.2
2025-12-27,gfs,7,6.3,1.6,0,29.1
2025-12-27,icon,1,7.5,1.5,0,27.1
2025-12-27,icon,2,8.2,2.5,0,29.4
2025-12-27,icon,3,7.6,1.4,0,24.9
2025-12-27,icon,4,7.5,0.5,0,28.9
2025-12-27,icon,5,7,2.9,0,22.5
2025-12-27,icon,6,7,3.1,0,21
2025-12-27,ukmo,1,6.9,4.2,0,37.4
2025-12-27,ukmo,2,6.5,3.7,0,41
2025-12-27,ukmo,3,6.4,2.5,0,38.2
2025-12-27,ukmo,4,6.2,-0.1,0,40.7
2025-12-27,ukmo,5,6.2,-0.7,0,24.1
2025-12-27,ukmo,6,6.1,-0.1,0,16.9
2025-12-28,arpege,1,6.3,0.9,0,
2025-12-28,arpege,2,6,-1.4,0,
2025-12-28,arpege,3,6.4,-0.7,0,
2025-12-28,ecmwf,1,6,4.1,0,32.9
2025-12-28,ecmwf,2,6.5,3.9,0,35.4
2025-12-28,ecmwf,3,6.9,4.5,0,33.9
2025-12-28,ecmwf,4,6.8,3.9,0,40.5
2025-12-28,ecmwf,5,6.6,3.1,0,33.9
2025-12-28,ecmwf,6,6.4,2.3,0,37.2
2025-12-28,ecmwf,7,6.8,3.6,0,32.5
2025-12-28,gem,1,6.8,4.1,0,34.2
2025-12-28,gem,2,6.6,3.8,0,29.9
2025-12-28,gem,3,6.6,4.1,0,28.8
2025-12-28,gem,4,6.8,4.3,0,33.5
2025-12-28,gem,5,7.2,2.7,0,35.6
2025-12-28,gem,6,3.8,1,0,28.4
2025-12-28,gem,7,6.5,2.4,0,39.2
2025-12-28,gfs,1,6.4,1.6,0,33.7
2025-12-28,gfs,2,5.8,1.6,0,32.1
2025-12-28,gfs,3,6,1.3,0,32.7
2025-12-28,gfs,4,6.8,1.3,0,38.2
2025-12-28,gfs,5,6.4,1.5,0,42.8
2025-12-28,gfs,6,6.3,1.1,0,42.2
2025-12-28,gfs,7,7.2,0.8,0,36.2
2025-12-28,icon,1,6.5,0.3,0,26.3
2025-12-28,icon,2,7,2,0,23.8
2025-12-28,icon,3,6.8,1.6,0,30.7
2025-12-28,icon,4,6.8,1.3,0,31.9
2025-12-28,icon,5,6.8,3.2,0,42.1
2025-12-28,icon,6,6.7,3.2,0,36.3
2025-12-28,ukmo,1,6.2,3.6,0,30.2
2025-12-28,ukmo,2,6,2.8,0,32.8
2025-12-28,ukmo,3,6,2.9,0,29.9
2025-12-28,ukmo,4,6.1,2.9,0,29.9
2025-12-28,ukmo,5,5.9,2.5,0,37.1
2025-12-28,ukmo,6,5.2,0,0,19.4
2025-12-29,arpege,1,6.6,2.2,0,
2025-12-29,arpege,2,6.7,1.5,0,
2025-12-29,arpege,3,7.1,3.7,0,
2025-12-29,ecmwf,1,6.8,4,0,42.5
2025-12-29,ecmwf,2,6.5,4.4,0,39
2025-12-29,ecmwf,3,7.1,5.2,0,43.9
2025-12-29,ecmwf,4,7.2,5.8,0,45.1
2025-12-29,ecmwf,5,7.1,5.1,0,40.4
2025-12-29,ecmwf,6,7.2,6.4,0,40.3
2025-12-29,ecmwf,7,7.1,3.5,0,42.1
2025-12-29,gem,1,7,3.7,0,40
2025-12-29,gem,2,7,3.7,0,38.5
2025-12-29,gem,3,6.9,5.3,0,39.2
2025-12-29,gem,4,7.2,6,0.6,41.8
2025-12-29,gem,5,7.2,5.9,0,41.4
2025-12-29,gem,6,7,2.8,0.3,36.4
2025-12-29,gem,7,6.4,2.9,0,27
2025-12-29,gfs,1,7,1.8,0,45.2
2025-12-29,gfs,2,7.2,1,0,41.9
2025-12-29,gfs,3,7.1,3.2,0.2,40.9
2025-12-29,gfs,4,6.6,3.9,0.5,41.6
2025-12-29,gfs,5,7.4,4.9,0,50.4
2025-12-29,gfs,6,7.4,6.5,0,43.5
2025-12-29,gfs,7,7.2,1.6,0,46.2
2025-12-29,icon,1,6.7,1.5,0,29.2
2025-12-29,icon,2,7.3,3,0.1,31.4
2025-12-29,icon,3,7.7,2.7,0.6,30.8
2025-12-29,icon,4,7.8,5.5,0,32.2
2025-12-29,icon,5,7.2,5,0,41.6
2025-12-29,icon,6,7.2,6.5,0,39.7
2025-12-29,ukmo,1,6.7,3.8,0,38.9
2025-12-29,ukmo,2,6.2,3.8,0,39.2
2025-12-29,ukmo,3,6.4,4,0.2,38.5
2025-12-29,ukmo,4,6.6,5.3,0,43.9
2025-12-29,ukmo,5,6.4,4.1,0,41
2025-12-29,ukmo,6,6.4,4.9,0,34.2
2025-12-30,arpege,1,4,1.7,0,
2025-12-30,arpege,2,4.5,0.7,0,
2025-12-30,arpege,3,4.2,1,0,
2025-12-30,ecmwf,1,5,3.4,0,31
2025-12-30,ecmwf,2,4.9,3.9,0,31.7
2025-12-30,ecmwf,3,4.8,3.5,0,35.9
2025-12-30,ecmwf,4,5.4,3.9,0,37.6
2025-12-30,ecmwf,5,5.7,4.1,0.9,45
2025-12-30,ecmwf,6,7,6,0,44.3
2025-12-30,ecmwf,7,7.3,1.1,0.6,49.5
2025-12-30,gem,1,4.3,3.1,0,25.9
2025-12-30,gem,2,4.7,3,0,29.2
2025-12-30,gem,3,4.9,2.9,0,30.2
2025-12-30,gem,4,6,3.6,2.4,44.3
2025-12-30,gem,5,6.2,3.3,0.6,43.9
2025-12-30,gem,6,5.8,3,0.6,39.2
2025-12-30,gem,7,6.6,4.1,1.8,41.4
2025-12-30,gfs,1,3.4,-0.4,0.5,26.2
2025-12-30,gfs,2,3.1,0.7,0.4,26.1
2025-12-30,gfs,3,3.5,0,0,27.8
2025-12-30,gfs,4,5.8,0.8,0.8,46.6
2025-12-30,gfs,5,5.6,2,0.3,49.9
2025-12-30,gfs,6,7.4,2.9,1.4,44.8
2025-12-30,gfs,7,6.9,1.8,1.4,59
2025-12-30,icon,1,3,0.3,0,18.5
2025-12-30,icon,2,4.2,1.6,0,19.6
2025-12-30,icon,3,4.7,1.7,0.4,25.8
2025-12-30,icon,4,6.5,2.8,1.8,34.6
2025-12-30,icon,5,5.7,4.6,0.9,41.4
2025-12-30,icon,6,7.1,3,0,25.2
2025-12-30,ukmo,1,4.5,3.3,0,33.5
2025-12-30,ukmo,2,4.2,3.1,0,32
2025-12-30,ukmo,3,4.7,2.9,0,28.8
2025-12-30,ukmo,4,5.7,3.8,0.9,52.9
2025-12-30,ukmo,5,6.1,3.6,0.3,47.9
2025-12-30,ukmo,6,6.4,4.4,0,35.3
2025-12-31,arpege,1,6.9,3.6,1,
2025-12-31,arpege,2,6.9,4,2.2,
2025-12-31,arpege,3,7.1,3.8,0.8,
2025-12-31,ecmwf,1,6.5,5.1,1.8,41.6
2025-12-31,ecmwf,2,6.6,4.9,3.3,41.5
2025-12-31,ecmwf,3,6.4,4.5,2.7,54.2
2025-12-31,ecmwf,4,6.3,4.7,1.8,54.1
2025-12-31,ecmwf,5,6.5,2.3,0.9,47.7
2025-12-31,ecmwf,6,5.9,3.2,0.3,38.1
2025-12-31,ecmwf,7,6.5,2.5,0,34.9
2025-12-31,gem,1,6.6,4.5,6.9,52.6
2025-12-31,gem,2,6.8,4.4,6.6,51.1
2025-12-31,gem,3,6.6,5.1,9.9,46.4
2025-12-31,gem,4,6.6,5.2,3.6,52.2
2025-12-31,gem,5,6.3,3.2,1.5,63.4
2025-12-31,gem,6,6.9,5.2,0.9,51.1
2025-12-31,gem,7,6.6,4.8,1.8,57.6
2025-12-31,gfs,1,6.7,0.8,4.9,42.2
2025-12-31,gfs,2,6.6,2,2.9,42.7
2025-12-31,gfs,3,6.8,3.1,2.2,45.6
2025-12-31,gfs,4,6.5,0.4,6.7,44.7
2025-12-31,gfs,5,4.9,0.8,0.6,47.7
2025-12-31,gfs,6,3.5,-0.2,0.8,44.9
2025-12-31,gfs,7,5.4,0.8,1.7,60.7
2025-12-31,icon,1,7.1,2.8,3.1,35.4
2025-12-31,icon,2,6.7,4.3,0.6,29
2025-12-31,icon,3,7.1,4.6,0.9,31.8
2025-12-31,icon,4,6.8,1.2,3.6,37.3
2025-12-31,icon,5,6.5,4.8,0.3,31.9
2025-12-31,icon,6,7.1,4.1,0.5,38.1
2025-12-31,ukmo,1,6.5,4.6,3.2,42.8
2025-12-31,ukmo,2,6.2,4.5,3,46.4
2025-12-31,ukmo,3,6.1,4.6,4.2,39.2
2025-12-31,ukmo,4,5.9,3.1,2.5,52.9
2025-12-31,ukmo,5,6.2,4.8,0.1,41.8
2025-12-31,ukmo,6,5.5,4.1,0.9,37.1
2026-01-01,arpege,1,7.3,5.6,5.3,
2026-01-01,arpege,2,6.7,4.4,8.9,
2026-01-01,arpege,3,7,5,9.2,
2026-01-01,ecmwf,1,6.4,4.9,7.5,56.4
2026-01-01,ecmwf,2,6.4,4,12,61
2026-01-01,ecmwf,3,6.2,4.9,9.6,64
2026-01-01,ecmwf,4,6,4.6,8.4,54.6
2026-01-01,ecmwf,5,6,3.5,5.4,62.3
2026-01-01,ecmwf,6,6.3,5.7,5.4,54
2026-01-01,ecmwf,7,6.1,3.3,3.6,51.1
2026-01-01,gem,1,6.4,5.2,9.3,61.9
2026-01-01,gem,2,6.5,5.6,9.6,64.8
2026-01-01,gem,3,6.3,5.3,6.9,66.2
2026-01-01,gem,4,6.1,4.5,6.9,61.6
2026-01-01,gem,5,6.2,5.2,6.6,67.7
2026-01-01,gem,6,6.4,2.8,3,57.6
2026-01-01,gem,7,4.4,1.2,1.5,66.6
2026-01-01,gfs,1,6.4,3.5,8.2,56.9
2026-01-01,gfs,2,6.3,4.7,6.1,59.9
2026-01-01,gfs,3,6.5,3.9,4.6,62.2
2026-01-01,gfs,4,6.6,5.5,4.8,62.7
2026-01-01,gfs,5,6.3,0.7,3.2,47.9
2026-01-01,gfs,6,4.9,-0.3,0.1,48.8
2026-01-01,gfs,7,2.6,-1.6,9.6,37.7
2026-01-01,icon,1,6.8,4,8.3,47.2
2026-01-01,icon,2,6.6,4.4,5,46.2
2026-01-01,icon,3,6.8,4.2,5.7,45.2
2026-01-01,icon,4,6.6,4.7,4.4,49.3
2026-01-01,icon,5,7.3,5.2,5,54.6
2026-01-01,icon,6,6.7,4.3,6.4,44
2026-01-01,ukmo,1,6.4,3,6.4,61.6
2026-01-01,ukmo,2,6.4,4.7,2.8,63.7
2026-01-01,ukmo,3,6.4,5.1,4.9,60.5
2026-01-01,ukmo,4,6.1,5.4,3.2,59.8
2026-01-01,ukmo,5,6.5,4.4,2.6,59.8
2026-01-01,ukmo,6,6.1,4.7,2.9,51.5
2026-01-02,arpege,1,6.2,0,1.3,
2026-01-02,arpege,2,5.2,1.2,2.5,
2026-01-02,arpege,3,4.9,2.6,2.5,
2026-01-02,ecmwf,1,5,1.8,5.7,66.3
2026-01-02,ecmwf,2,5.7,1.4,3,58.7
2026-01-02,ecmwf,3,5.8,2.7,3.6,60
2026-01-02,ecmwf,4,5.9,3.2,3.6,57.1
2026-01-02,ecmwf,5,5.5,4.2,6,57.6
2026-01-02,ecmwf,6,5.8,3.6,3.9,54
2026-01-02,ecmwf,7,5.6,3.9,8.4,64.9
2026-01-02,gem,1,5.6,2.4,5.1,68
2026-01-02,gem,2,5.6,2.4,2.7,55.4
2026-01-02,gem,3,5.5,2.2,3.9,55.8
2026-01-02,gem,4,5.3,0.8,2.7,50.4
2026-01-02,gem,5,5.9,4.5,2.7,62.3
2026-01-02,gem,6,5.6,4.8,1.2,54.7
2026-01-02,gem,7,6.7,3.2,2.4,46.4
2026-01-02,gfs,1,4.8,0,5.8,56.2
2026-01-02,gfs,2,4.4,-0.1,6.3,58.5
2026-01-02,gfs,3,4.6,1.3,10.6,55.6
2026-01-02,gfs,4,5.7,2.5,5.2,52.3
2026-01-02,gfs,5,5.8,3.8,1.9,51.4
2026-01-02,gfs,6,4.7,-0.2,1.5,53.4
2026-01-02,gfs,7,2.4,-2,0,45.2
2026-01-02,icon,1,5.5,0.1,5.1,51.7
2026-01-02,icon,2,5.5,0,1,50.3
2026-01-02,icon,3,4.7,1.9,0.7,44.8
2026-01-02,icon,4,5.7,1.2,1.5,25.5
2026-01-02,icon,5,5.5,3.1,5.3,51.8
2026-01-02,icon,6,6.5,1.7,2.5,46.3
2026-01-02,ukmo,1,5.2,1.9,4.4,59.8
2026-01-02,ukmo,2,5.9,1.7,3.9,46.1
2026-01-02,ukmo,3,6.6,1.5,9.7,60.1
2026-01-02,ukmo,4,5.7,3,7.8,63
2026-01-02,ukmo,5,4.9,3.9,4.3,54
2026-01-02,ukmo,6,4.9,1.9,8.8,57.6
2026-01-03,arpege,1,3.2,-0.6,0.3,
2026-01-03,arpege,2,3.4,-1.3,2.9,
2026-01-03,arpege,3,3.7,-0.8,2.2,
2026-01-03,ecmwf,1,3.3,-0.2,2.4,41
2026-01-03,ecmwf,2,2.1,-0.9,2.7,44.1
2026-01-03,ecmwf,3,2.4,-0.2,3,54.8
2026-01-03,ecmwf,4,3.6,-0.3,1.5,39
2026-01-03,ecmwf,5,4.6,-0.7,6.9,44.1
2026-01-03,ecmwf,6,3.8,2.4,5.7,41.6
2026-01-03,ecmwf,7,4.5,1.9,6,43.6
2026-01-03,gem,1,2.6,-0.9,3.3,37.1
2026-01-03,gem,2,3.5,0,3.3,38.5
2026-01-03,gem,3,2.5,-0.7,2.7,36.4
2026-01-03,gem,4,1.7,-1.2,0.3,29.5
2026-01-03,gem,5,4,0.5,4.8,35.6
2026-01-03,gem,6,4.7,2.1,9.3,43.9
2026-01-03,gem,7,3.3,1.1,1.5,50
2026-01-03,gfs,1,3,-2.6,3.4,43.6
2026-01-03,gfs,2,3.2,-2.2,1.8,33.8
2026-01-03,gfs,3,3.3,-1.3,2.1,41.5
2026-01-03,gfs,4,3.6,-2.9,3.8,33.2
2026-01-03,gfs,5,4.4,-1.2,0.6,45.6
2026-01-03,gfs,6,4.8,0.4,1.7,46.1
2026-01-03,gfs,7,5.2,-0.9,1.4,30
2026-01-03,icon,1,1.4,-2.5,6.6,45.1
2026-01-03,icon,2,2.6,-1.8,1.1,23.5
2026-01-03,icon,3,2.2,-2,0,23.8
2026-01-03,icon,4,2.5,-0.4,0.6,18.5
2026-01-03,icon,5,3.4,-0.1,4.2,30.3
2026-01-03,icon,6,3.9,1.5,11.4,48.9
2026-01-03,ukmo,1,3.1,-1.7,5.8,49.7
2026-01-03,ukmo,2,1.7,-1.2,0.6,33.5
2026-01-03,ukmo,3,1.4,-0.4,0,31.3
2026-01-03,ukmo,4,4.9,0.3,8.3,35.3
2026-01-03,ukmo,5,4.4,-0.1,6.1,43.6
2026-01-03,ukmo,6,5.3,0.5,3.6,55.4
2026-01-04,arpege,1,1.4,-3.7,1.4,
2026-01-04,arpege,2,3,-1.9,3.8,
2026-01-04,arpege,3,0.6,-1.8,0.9,
2026-01-04,ecmwf,1,2.1,-1.2,1.8,28.6
2026-01-04,ecmwf,2,2.2,-0.4,3.9,25.3
2026-01-04,ecmwf,3,3.1,0.1,3.3,34.8
2026-01-04,ecmwf,4,2.8,-1.5,1.8,31.4
2026-01-04,ecmwf,5,3.7,-0.2,6.9,35.9
2026-01-04,ecmwf,6,2.4,0.4,0.3,22.9
2026-01-04,ecmwf,7,4,1.4,3,57.1
2026-01-04,gem,1,2.6,-0.4,0.6,23.4
2026-01-04,gem,2,2.8,0.1,1.2,33.1
2026-01-04,gem,3,1.9,-0.5,1.2,30.6
2026-01-04,gem,4,2.1,-1.5,1.5,29.5
2026-01-04,gem,5,4.8,-1.9,4.5,51.5
2026-01-04,gem,6,3.9,-0.5,3.9,36.7
2026-01-04,gem,7,1.4,-0.1,0,42.5
2026-01-04,gfs,1,0.7,-3.3,3.7,27.6
2026-01-04,gfs,2,0.6,-1.7,1.2,22.5
2026-01-04,gfs,3,2.4,-1.9,2,26.8
2026-01-04,gfs,4,1.7,-2.9,2.8,31.2
2026-01-04,gfs,5,2.8,-2.5,1.8,29.8
2026-01-04,gfs,6,1.4,-1.5,0,21
2026-01-04,gfs,7,2.6,-3.1,1.5,36.3
2026-01-04,icon,1,1.1,-2.1,1.8,25
2026-01-04,icon,2,2.3,-1.6,0,18.8
2026-01-04,icon,3,2.3,-1.9,2.2,20.2
2026-01-04,icon,4,2.9,-1.3,1,20.5
2026-01-04,icon,5,3.7,-0.2,2.7,24.9
2026-01-04,icon,6,3.8,0,2,46.6
2026-01-04,ukmo,1,2.1,-1.2,4.2,27
2026-01-04,ukmo,2,2.2,-0.5,3,25.6
2026-01-04,ukmo,3,3.1,-1,11.6,34.9
2026-01-04,ukmo,4,2.9,0,6.8,33.8
2026-01-04,ukmo,5,3.3,-0.5,0.6,24.8
2026-01-04,ukmo,6,3.4,-0.1,5,39.6
2026-01-05,arpege,1,2.6,-1.4,18.9,
2026-01-05,arpege,2,2.2,-1.2,9.7,
2026-01-05,arpege,3,1.9,-4.2,0.4,
2026-01-05,ecmwf,1,2.6,-0.2,7.5,40.8
2026-01-05,ecmwf,2,2.4,0.9,10.8,29.5
2026-01-05,ecmwf,3,3,-0.2,6.3,26.7
2026-01-05,ecmwf,4,2.5,-0.7,3.3,29.8
2026-01-05,ecmwf,5,2,-3.5,0.3,19.3
2026-01-05,ecmwf,6,4.5,1.6,5.4,29.7
2026-01-05,ecmwf,7,3.2,-0.2,5.4,34.8
2026-01-05,gem,1,2.1,0.7,9.9,42.8
2026-01-05,gem,2,3.1,0.3,15.6,34.6
2026-01-05,gem,3,2.1,-0.6,9,46.8
2026-01-05,gem,4,2.7,-1.6,0.3,25.2
2026-01-05,gem,5,1.2,-2.9,1.8,31.3
2026-01-05,gem,6,4,-0.8,8.4,52.2
2026-01-05,gem,7,3.7,-0.1,2.7,33.1
2026-01-05,gfs,1,1.9,-3.2,6.9,33.7
2026-01-05,gfs,2,1.6,-5.5,0.8,27.4
2026-01-05,gfs,3,-0.9,-4.8,4.2,20.1
2026-01-05,gfs,4,1.5,-4.5,10.3,31.1
2026-01-05,gfs,5,0.6,-3.9,0.5,28.8
2026-01-05,gfs,6,3.8,-1.6,1.7,28.7
2026-01-05,gfs,7,1,-3.7,2.2,38.9
2026-01-05,icon,1,1.4,-1.6,7.7,28
2026-01-05,icon,2,1.9,-0.5,0.1,24.5
2026-01-05,icon,3,2.5,-1.8,0,19.1
2026-01-05,icon,4,2.9,-1.8,0.8,30.2
2026-01-05,icon,5,4.9,3.5,4,29
2026-01-05,icon,6,4.7,-1.2,0.2,50.9
2026-01-05,ukmo,1,2.1,-1.3,10.4,37.8
2026-01-05,ukmo,2,3.2,0.5,5.7,32
2026-01-05,ukmo,3,2.7,-0.6,6.3,44.6
2026-01-05,ukmo,4,2.6,-1.1,0.7,33.8
2026-01-05,ukmo,5,3.7,2,2.9,25.6
2026-01-05,ukmo,6,4.5,-0.2,2.9,55.8
2026-01-06,arpege,1,2.8,-6.7,9.9,
2026-01-06,arpege,2,2.8,-3.8,2.6,
2026-01-06,arpege,3,2.7,-3.1,3.6,
2026-01-06,ecmwf,1,3.8,0.6,1.8,35.3
2026-01-06,ecmwf,2,4.6,-0.2,6.3,32.6
2026-01-06,ecmwf,3,3.6,-0.7,0.3,35.6
2026-01-06,ecmwf,4,2,-0.4,0,37.3
2026-01-06,ecmwf,5,2.6,-2.1,1.2,46.7
2026-01-06,ecmwf,6,3.7,1.4,1.5,58.7
2026-01-06,ecmwf,7,3.8,-0.8,12.9,36.2
2026-01-06,gem,1,3.3,0.3,5.4,40
2026-01-06,gem,2,3.7,-2.8,2.1,37.4
2026-01-06,gem,3,4.3,1.4,6.3,42.8
2026-01-06,gem,4,2.1,-2,2.1,33.8
2026-01-06,gem,5,4.3,0.8,5.7,38.9
2026-01-06,gem,6,4.8,1,3.6,63
2026-01-06,gem,7,5.2,-2.8,0.9,46.1
2026-01-06,gfs,1,2.6,-1.5,5.7,31.5
2026-01-06,gfs,2,2.4,-6.1,5,33.2
2026-01-06,gfs,3,1.7,-4.6,0,24.6
2026-01-06,gfs,4,0.6,-4.4,0.1,25.6
2026-01-06,gfs,5,1.7,-4.1,0.6,26.7
2026-01-06,gfs,6,5.5,1.8,3.3,49.1
2026-01-06,gfs,7,4,-3.1,0.5,50.6
2026-01-06,icon,1,2.7,-5.4,4.1,32.4
2026-01-06,icon,2,2.9,-0.5,1.5,27.9
2026-01-06,icon,3,3.2,-1.6,1.1,31.6
2026-01-06,icon,4,1.1,-4.8,0,19.7
2026-01-06,icon,5,3.7,-0.8,3,39.9
2026-01-06,icon,6,4,0.1,3.4,24.4
2026-01-06,ukmo,1,2.6,0.5,6.2,34.2
2026-01-06,ukmo,2,3.4,-1.9,1.2,33.8
2026-01-06,ukmo,3,2.7,-2.2,0.3,39.6
2026-01-06,ukmo,4,2.5,-0.5,0,43.6
2026-01-06,ukmo,5,3.9,-1.6,0.8,42.5
2026-01-06,ukmo,6,4.7,0.9,0.2,59.8
2026-01-07,arpege,1,2.5,-0.9,3,
2026-01-07,arpege,2,2.2,-1.4,1.7,
2026-01-07,arpege,3,3.6,-0.1,16.7,
2026-01-07,ecmwf,1,2.8,0.2,2.7,51.6
2026-01-07,ecmwf,2,3.9,0.5,3,50.9
2026-01-07,ecmwf,3,2.7,0.4,9,55.1
2026-01-07,ecmwf,4,4.8,0.7,6,53.2
2026-01-07,ecmwf,5,0.7,-1.4,0,46.5
2026-01-07,ecmwf,6,1.4,-4.1,0,42.5
2026-01-07,ecmwf,7,5,1.1,4.8,43.9
2026-01-07,gem,1,2.9,0.3,6.3,52.2
2026-01-07,gem,2,3,0.6,7.2,55.8
2026-01-07,gem,3,2.1,-0.7,19.8,55.1
2026-01-07,gem,4,1.9,0.4,6.9,52.6
2026-01-07,gem,5,0.4,-5.6,0.3,31.7
2026-01-07,gem,6,4,-0.6,7.8,34.6
2026-01-07,gem,7,4.7,2.5,14.4,65.5
2026-01-07,gfs,1,1.8,-0.4,4.8,46.2
2026-01-07,gfs,2,1.4,-0.7,6.3,54.7
2026-01-07,gfs,3,3.5,-0.7,8.2,50.7
2026-01-07,gfs,4,0.1,-5.3,0.6,42.9
2026-01-07,gfs,5,0.1,-3.9,0.5,25.4
2026-01-07,gfs,6,4.1,-2.4,0,46.1
2026-01-07,gfs,7,4.1,-2.7,0.6,50.7
2026-01-07,icon,1,1.6,-1.1,1.9,38.9
2026-01-07,icon,2,1.7,-0.8,1.5,34.5
2026-01-07,icon,3,3.6,-0.1,10.1,35.8
2026-01-07,icon,4,0.9,-1.8,5,44.4
2026-01-07,icon,5,2,-4.3,0,31.6
2026-01-07,icon,6,4,-2,0.4,43.9
2026-01-07,ukmo,1,1.7,-0.5,5.1,50
2026-01-07,ukmo,2,4.1,-0.5,2.7,52.2
2026-01-07,ukmo,3,2.8,0.5,10.4,56.9
2026-01-07,ukmo,4,2.7,-0.8,2.3,54
2026-01-07,ukmo,5,2.2,0.2,4.8,59
2026-01-07,ukmo,6,2.6,-3.3,0,49.3
2026-01-08,arpege,1,0.7,-0.8,3,
2026-01-08,arpege,2,1.8,-2.4,2.6,
2026-01-08,arpege,3,2,-3.7,3,
2026-01-08,ecmwf,1,2.5,0.5,0.6,43.3
2026-01-08,ecmwf,2,2.7,0.4,1.8,43.4
2026-01-08,ecmwf,3,3.2,0.7,0.9,38.7
2026-01-08,ecmwf,4,4.2,-2.4,0,30.5
2026-01-08,ecmwf,5,6.1,1.1,7.5,52.6
2026-01-08,ecmwf,6,-0.8,-5.2,0,27.1
2026-01-08,ecmwf,7,4.7,-3.7,1.5,37.5
2026-01-08,gem,1,3.3,0.3,2.1,41
2026-01-08,gem,2,4.6,1,5.7,44.6
2026-01-08,gem,3,4.9,0,3,53.6
2026-01-08,gem,4,2.4,-0.7,12,44.6
2026-01-08,gem,5,4.3,-1,6.3,44.3
2026-01-08,gem,6,-1.9,-8.2,0,31.7
2026-01-08,gem,7,1.9,-0.5,0.9,56.2
2026-01-08,gfs,1,1.7,-0.3,5.1,38.2
2026-01-08,gfs,2,2.2,-0.7,3.6,44.6
2026-01-08,gfs,3,3.6,0.3,2.5,33.4
2026-01-08,gfs,4,3.1,-0.9,1.9,42.6
2026-01-08,gfs,5,1.2,-4.6,0.8,40.7
2026-01-08,gfs,6,3.8,-4,1.3,45.4
2026-01-08,gfs,7,3.8,-4.9,1,44
2026-01-08,icon,1,0.7,-1,0.3,31.3
2026-01-08,icon,2,4.2,-1,1,30.4
2026-01-08,icon,3,3.7,-1.2,2.5,31.3
2026-01-08,icon,4,4.7,-0.1,2.2,30.3
2026-01-08,icon,5,1.9,-0.6,0,33.6
2026-01-08,icon,6,0.1,-2.3,1,33.2
2026-01-08,ukmo,1,0.7,-0.1,0,44.6
2026-01-08,ukmo,2,4.7,-0.3,3.2,50.8
2026-01-08,ukmo,3,3.4,0,4.8,46.4
2026-01-08,ukmo,4,5,0.1,1,46.8
2026-01-08,ukmo,5,2.1,-0.8,1.5,57.2
2026-01-08,ukmo,6,4.2,-2.3,4.9,49
2026-01-09,arpege,1,-0.3,-3.7,3.5,
2026-01-09,arpege,2,-1.2,-3.2,12.2,
2026-01-09,arpege,3,0,-2.8,0.2,
2026-01-09,ecmwf,1,1.8,-1.9,2.7,64.1
2026-01-09,ecmwf,2,1.2,-2,6,65.1
2026-01-09,ecmwf,3,1.5,-2.2,5.7,64
2026-01-09,ecmwf,4,0.1,-1.9,7.5,62.7
2026-01-09,ecmwf,5,4.4,-0.9,10.2,57.7
2026-01-09,ecmwf,6,5.6,-1,14.7,88.3
2026-01-09,ecmwf,7,-1,-3.4,2.1,58.8
2026-01-09,gem,1,1.7,-1.8,1.2,65.5
2026-01-09,gem,2,1.1,-2.4,3.6,66.6
2026-01-09,gem,3,1.3,-2.8,9.3,68
2026-01-09,gem,4,1.6,-1.6,13.5,61.9
2026-01-09,gem,5,2.1,-1.9,6.3,52.2
2026-01-09,gem,6,0.2,-4.6,9.6,54.4
2026-01-09,gem,7,-1.8,-8.8,0,53.3
2026-01-09,gfs,1,1,-3.7,1.6,56.2
2026-01-09,gfs,2,0.9,-3.3,7.5,53.3
2026-01-09,gfs,3,1.8,-2.9,7.8,57.3
2026-01-09,gfs,4,1.8,-2.4,13.6,47.3
2026-01-09,gfs,5,2.9,-1.1,3,49.1
2026-01-09,gfs,6,4.8,-5.2,1.7,57.4
2026-01-09,gfs,7,4.4,-2.3,2.4,53.5
2026-01-09,icon,1,-0.1,-3.8,0,43.6
2026-01-09,icon,2,0,-3.1,5.4,46.3
2026-01-09,icon,3,0,-2.2,17.5,41.2
2026-01-09,icon,4,3.5,-1.4,4.8,44.1
2026-01-09,icon,5,3.7,-0.2,13.6,43
2026-01-09,icon,6,0.9,-1.7,0,41.3
2026-01-09,ukmo,1,0.7,-3.4,0,48.2
2026-01-09,ukmo,2,2.7,-2,0.1,60.8
2026-01-09,ukmo,3,2.1,-1.3,0.8,62.3
2026-01-09,ukmo,4,2.3,-2.2,3.2,59
2026-01-09,ukmo,5,4.9,-0.2,2.2,54.7
2026-01-09,ukmo,6,4.3,-2.8,0,56.9
2026-01-10,arpege,1,0,-4.2,0,
2026-01-10,arpege,2,-1.5,-4.2,0,
2026-01-10,arpege,3,-2.4,-5.6,0.2,
2026-01-10,ecmwf,1,0.5,-1.8,0.6,56.7
2026-01-10,ecmwf,2,0.5,-2.3,0.6,59.4
2026-01-10,ecmwf,3,0.3,-2.4,0.9,62.2
2026-01-10,ecmwf,4,0.2,-2.2,0.9,58.1
2026-01-10,ecmwf,5,0.3,-0.7,0,56.4
2026-01-10,ecmwf,6,3.2,-0.3,6.3,64.8
2026-01-10,ecmwf,7,3.8,-1.3,4.2,61.1
2026-01-10,gem,1,0.5,-1.9,1.5,59
2026-01-10,gem,2,0.4,-1.8,0.6,61.2
2026-01-10,gem,3,-0.3,-2.2,0.6,62.6
2026-01-10,gem,4,0.8,-3.2,0.9,58
2026-01-10,gem,5,2.4,0.4,13.8,51.5
2026-01-10,gem,6,3.4,-1.4,4.8,55.1
2026-01-10,gem,7,1.7,-2.3,2.1,40.3
2026-01-10,gfs,1,-0.2,-5.6,1.1,50.1
2026-01-10,gfs,2,-0.5,-5,1.6,49
2026-01-10,gfs,3,-2.6,-6.3,1.1,50.7
2026-01-10,gfs,4,-0.1,-2.9,2.1,43.8
2026-01-10,gfs,5,1.4,-3.7,1.5,33.5
2026-01-10,gfs,6,4.2,-3.6,1.3,59
2026-01-10,gfs,7,4.2,-5.2,2.2,53.5
2026-01-10,icon,1,-0.8,-3.7,1.1,40
2026-01-10,icon,2,0.3,-3,0.7,31.9
2026-01-10,icon,3,0,-2.9,1.6,37
2026-01-10,icon,4,-0.3,-3.6,2.3,38.7
2026-01-10,icon,5,1.4,0.1,2.6,40.8
2026-01-10,icon,6,5.6,-1.8,2.4,52.2
2026-01-10,ukmo,1,-0.3,-2.4,0,40.3
2026-01-10,ukmo,2,0.7,-2.6,0,58.3
2026-01-10,ukmo,3,0.6,-1.7,0,58.7
2026-01-10,ukmo,4,0.2,-1,0.5,56.9
2026-01-10,ukmo,5,4.9,-0.3,0.8,51.5
2026-01-10,ukmo,6,4.3,-2.7,1,54.4
2026-01-11,arpege,1,-1.6,-9.6,0,
2026-01-11,arpege,2,-0.6,-8.6,0,
2026-01-11,arpege,3,-0.9,-6.5,0,
2026-01-11,ecmwf,1,-0.5,-3.3,0,33.2
2026-01-11,ecmwf,2,-1.1,-4.4,0,31.8
2026-01-11,ecmwf,3,0.2,-4,0,34.2
2026-01-11,ecmwf,4,0,-3.2,0,29.2
2026-01-11,ecmwf,5,-0.4,-3.5,0,28.1
2026-01-11,ecmwf,6,0.3,-6.4,0,37.8
2026-01-11,ecmwf,7,1.9,-3,0.3,41.4
2026-01-11,gem,1,-1.1,-3.6,0,34.9
2026-01-11,gem,2,-1.3,-4.4,0,31.3
2026-01-11,gem,3,-0.7,-3.2,0,24.8
2026-01-11,gem,4,-1.6,-3.2,0,28.8
2026-01-11,gem,5,-0.6,-4.5,0,41.8
2026-01-11,gem,6,2.5,-5,0,43.9
2026-01-11,gem,7,1.2,-6.2,2.4,41.4
2026-01-11,gfs,1,-2.4,-10.8,0,28.6
2026-01-11,gfs,2,-1.7,-8.9,0,33.2
2026-01-11,gfs,3,-1.3,-8.7,0,30.8
2026-01-11,gfs,4,-2.7,-8.3,0,26.7
2026-01-11,gfs,5,-2.6,-9.6,0,21.9
2026-01-11,gfs,6,0.6,-5.3,0.6,46.6
2026-01-11,gfs,7,5,-3.9,3.6,46.1
2026-01-11,icon,1,-0.6,-8.1,0,25.5
2026-01-11,icon,2,-0.5,-5.4,0,24.2
2026-01-11,icon,3,-0.6,-6.1,0,16.4
2026-01-11,icon,4,-0.1,-6.7,0,21
2026-01-11,icon,5,0.3,-7.1,0,48.9
2026-01-11,icon,6,-0.9,-3.5,6,50.1
2026-01-11,ukmo,1,-0.2,-3.5,0,30.2
2026-01-11,ukmo,2,0,-5,0,32
2026-01-11,ukmo,3,0.2,-3.2,0,37.1
2026-01-11,ukmo,4,-0.2,-1.9,0,37.4
2026-01-11,ukmo,5,0.4,-2.7,1.2,29.9
2026-01-11,ukmo,6,4.1,-5.3,1.5,42.8
2026-01-12,arpege,1,2.5,-3.1,5.6,
2026-01-12,arpege,2,2.1,-3.8,4.8,
2026-01-12,arpege,3,3.2,-2.3,4.8,
2026-01-12,ecmwf,1,3.4,-2.8,5.7,41.3
2026-01-12,ecmwf,2,3.8,-3.8,3.6,41.3
2026-01-12,ecmwf,3,2.9,-3.5,8.1,45.4
2026-01-12,ecmwf,4,2.8,-4.8,4.8,46.4
2026-01-12,ecmwf,5,-2.1,-8.2,0,36.2
2026-01-12,ecmwf,6,-3.2,-5.4,0,29.3
2026-01-12,ecmwf,7,1.7,-4.7,6.3,49.3
2026-01-12,gem,1,3.6,-3.4,6.3,43.6
2026-01-12,gem,2,3.6,-4.2,8.7,43.9
2026-01-12,gem,3,2.5,-3.3,3.6,41.4
2026-01-12,gem,4,-0.6,-3.9,7.2,51.1
2026-01-12,gem,5,2,-3,1.2,47.5
2026-01-12,gem,6,-0.5,-3.8,3,58.3
2026-01-12,gem,7,-0.3,-5,10.2,53.3
2026-01-12,gfs,1,2.5,-3.1,7.6,36.3
2026-01-12,gfs,2,2.4,-2.9,7.8,38.4
2026-01-12,gfs,3,2.8,-2.4,7.3,41.8
2026-01-12,gfs,4,3.4,-3.8,10.2,38.9
2026-01-12,gfs,5,0.9,-9.8,0.7,35.8
2026-01-12,gfs,6,-2.6,-8.3,1.6,46.7
2026-01-12,gfs,7,6.4,-2.2,4.1,39.8
2026-01-12,icon,1,2.1,-3.7,6.8,30.8
2026-01-12,icon,2,2.9,-3.3,3.9,33.4
2026-01-12,icon,3,0.8,-3.1,4.5,36.3
2026-01-12,icon,4,0.1,-4.6,10,36.1
2026-01-12,icon,5,1.2,-4.1,0.9,52.2
2026-01-12,icon,6,5.2,-0.5,6.7,44
2026-01-12,ukmo,1,2.3,-3.2,6.5,39.6
2026-01-12,ukmo,2,2.9,-4.8,10,49.7
2026-01-12,ukmo,3,2.6,-3.1,8,50
2026-01-12,ukmo,4,1.6,-2.1,7.2,44.6
2026-01-12,ukmo,5,1.8,-3.2,5.6,38.9
2026-01-12,ukmo,6,2.1,-7.8,2.4,36
2026-01-13,arpege,1,4.2,2.3,3.2,
2026-01-13,arpege,2,4,2.4,4.4,
2026-01-13,arpege,3,4.2,2.5,1.5,
2026-01-13,ecmwf,1,4.4,3.5,1.2,33.2
2026-01-13,ecmwf,2,4.2,3.5,7.2,32.7
2026-01-13,ecmwf,3,4.4,3.3,1.2,31.1
2026-01-13,ecmwf,4,4.6,2.8,3.9,36
2026-01-13,ecmwf,5,4.7,-1.6,2.7,37.5
2026-01-13,ecmwf,6,-1.9,-4.4,0.3,40.5
2026-01-13,ecmwf,7,-2.6,-6.6,0,33
2026-01-13,gem,1,5.3,3.7,2.7,30.2
2026-01-13,gem,2,5,3.6,5.1,35.6
2026-01-13,gem,3,4.7,2.8,2.7,33.1
2026-01-13,gem,4,4.7,-3.2,3.9,36.7
2026-01-13,gem,5,5,-5.2,1.2,46.4
2026-01-13,gem,6,2.6,-4.8,0,33.5
2026-01-13,gem,7,0.7,-4.2,6.3,49.7
2026-01-13,gfs,1,4.7,2.7,2.9,29.9
2026-01-13,gfs,2,3.9,2.3,3,31.3
2026-01-13,gfs,3,3.9,2.2,4,31.9
2026-01-13,gfs,4,4.9,3.4,3.8,36.7
2026-01-13,gfs,5,4.1,1.1,1,27.7
2026-01-13,gfs,6,3.9,-8.4,0.4,31.9
2026-01-13,gfs,7,3.7,-5.7,0,36.8
2026-01-13,icon,1,4,2.3,3.8,20.9
2026-01-13,icon,2,3.5,2.7,2,20.4
2026-01-13,icon,3,4.1,1,0.6,20
2026-01-13,icon,4,3.9,0.7,0.9,27.7
2026-01-13,icon,5,2.1,-3.1,0.7,40.3
2026-01-13,icon,6,4.4,-1.9,4.7,26
2026-01-13,ukmo,1,3.8,2.3,6.2,28.4
2026-01-13,ukmo,2,4.2,2.9,5.4,29.9
2026-01-13,ukmo,3,4.1,2.7,2.1,31
2026-01-13,ukmo,4,4.5,1.6,5.7,30.6
2026-01-13,ukmo,5,3.8,2.1,2.1,26.3
2026-01-13,ukmo,6,4.1,-3,4.7,34.6
2026-01-14,arpege,1,5.2,2.9,9.8,
2026-01-14,arpege,2,4.9,1,6.3,
2026-01-14,arpege,3,4.4,1,6.1,
2026-01-14,ecmwf,1,4.8,3,5.4,33.6
2026-01-14,ecmwf,2,4.8,3.6,5.7,34.8
2026-01-14,ecmwf,3,4.9,3.6,6.3,36.4
2026-01-14,ecmwf,4,4.9,3.2,2.4,38.5
2026-01-14,ecmwf,5,4.9,3.1,4.2,36.4
2026-01-14,ecmwf,6,4.5,-0.6,2.1,31.9
2026-01-14,ecmwf,7,-2.9,-5.7,1.5,56.3
2026-01-14,gem,1,5.4,3.7,7.5,33.1
2026-01-14,gem,2,5.1,3.3,9.6,36
2026-01-14,gem,3,5.3,3.4,8.4,39.6
2026-01-14,gem,4,5.5,3,8.4,39.6
2026-01-14,gem,5,4.8,-3.3,9.9,45
2026-01-14,gem,6,3.4,-3.8,3,50.4
2026-01-14,gem,7,2.4,-3.9,2.4,38.2
2026-01-14,gfs,1,5.6,3.8,7.1,32.4
2026-01-14,gfs,2,5.3,3.5,3.1,33
2026-01-14,gfs,3,5.2,3,10.9,33.6
2026-01-14,gfs,4,5.4,3.2,5.5,34.5
2026-01-14,gfs,5,5.3,3.3,1.2,30.2
2026-01-14,gfs,6,6.1,3.9,0,37.5
2026-01-14,gfs,7,5.1,-6,2.2,40.8
2026-01-14,icon,1,5.1,2.8,5.7,22.6
2026-01-14,icon,2,4.8,3.4,7.1,20.7
2026-01-14,icon,3,5.2,3.4,4.6,26.2
2026-01-14,icon,4,5.5,2.9,4.3,28.3
2026-01-14,icon,5,5,-2.4,8.6,42.7
2026-01-14,icon,6,4,-1.8,15,46.6
2026-01-14,ukmo,1,4.2,3.1,4.2,33.8
2026-01-14,ukmo,2,4.6,3.6,8.2,33.5
2026-01-14,ukmo,3,3.9,2.9,7.7,25.6
2026-01-14,ukmo,4,4.1,3.3,4,32
2026-01-14,ukmo,5,4.8,3.7,10.9,35.3
2026-01-14,ukmo,6,4.9,4.1,8.9,51.5
2026-01-15,arpege,1,6.1,0.2,1.4,
2026-01-15,arpege,2,5,-0.2,3.1,
2026-01-15,arpege,3,4.4,-0.1,2.1,
2026-01-15,ecmwf,1,5.1,1.2,1.2,32.9
2026-01-15,ecmwf,2,4.7,1.6,1.5,32.4
2026-01-15,ecmwf,3,4.7,1.7,0.6,28
2026-01-15,ecmwf,4,4.8,2.9,1.8,37.8
2026-01-15,ecmwf,5,5,3.1,1.5,35.9
2026-01-15,ecmwf,6,4.6,3.6,1.2,30.7
2026-01-15,ecmwf,7,5.1,-2.5,1.2,40.2
2026-01-15,gem,1,5.7,2.1,2.1,34.9
2026-01-15,gem,2,5.9,1.9,3,34.2
2026-01-15,gem,3,4.7,2.9,1.5,27.7
2026-01-15,gem,4,4.8,2.9,4.2,41.4
2026-01-15,gem,5,4.8,2.4,2.1,42.5
2026-01-15,gem,6,4.9,-1.2,3,38.5
2026-01-15,gem,7,5.5,-1.7,2.1,36.4
2026-01-15,gfs,1,6.4,1.9,0.8,28.9
2026-01-15,gfs,2,5.8,1.4,0.8,28.9
2026-01-15,gfs,3,5.5,1.8,0.1,25
2026-01-15,gfs,4,4.2,1.2,0,29.4
2026-01-15,gfs,5,4,1.3,0.5,36.6
2026-01-15,gfs,6,5.8,3.7,0.9,33.7
2026-01-15,gfs,7,5.4,3.7,0.1,34.4
2026-01-15,icon,1,5.9,1.2,0.6,25.1
2026-01-15,icon,2,5.9,1.5,3.5,23
2026-01-15,icon,3,4.8,1.9,0.1,22.1
2026-01-15,icon,4,5.6,3.5,0.2,28.8
2026-01-15,icon,5,5.2,2.8,1.6,31.5
2026-01-15,icon,6,4.8,3,1.5,28.2
2026-01-15,ukmo,1,4.9,0.4,0,31.3
2026-01-15,ukmo,2,5.2,2.5,1.1,33.8
2026-01-15,ukmo,3,4.5,2.2,2.2,28.1
2026-01-15,ukmo,4,4.6,1.6,0.7,31.7
2026-01-15,ukmo,5,4.2,2.5,4,32
2026-01-15,ukmo,6,5,3.1,0.9,40.7
2026-01-16,arpege,1,6.4,4.2,0.1,
2026-01-16,arpege,2,5.7,4.2,0.1,
2026-01-16,arpege,3,5.4,2.9,0.7,
2026-01-16,ecmwf,1,5.7,3.3,0,40.6
2026-01-16,ecmwf,2,6.1,4,0.3,40.2
2026-01-16,ecmwf,3,5.8,4.1,0,36.6
2026-01-16,ecmwf,4,4.7,3.1,0,38.7
2026-01-16,ecmwf,5,5.5,3.3,0.9,40
2026-01-16,ecmwf,6,5.9,3.8,2.1,42.7
2026-01-16,ecmwf,7,5,3.7,1.2,30.1
2026-01-16,gem,1,6.2,3.8,0.3,38.2
2026-01-16,gem,2,5.8,3.8,0,39.2
2026-01-16,gem,3,5.9,4.2,0,37.1
2026-01-16,gem,4,6.2,4.4,6,37.8
2026-01-16,gem,5,5.7,3,14.1,42.5
2026-01-16,gem,6,5.6,3,0.9,41.8
2026-01-16,gem,7,4.4,1.7,0.9,23
2026-01-16,gfs,1,7,4.8,0,34.7
2026-01-16,gfs,2,7.4,5,0.2,44.4
2026-01-16,gfs,3,6.5,4.8,0.4,36
2026-01-16,gfs,4,6.3,3.5,0,32.4
2026-01-16,gfs,5,5.3,2.6,1.4,25
2026-01-16,gfs,6,4.9,2.3,0.3,28.7
2026-01-16,gfs,7,5.5,3.6,0.3,33.2
2026-01-16,icon,1,6.1,3.2,0,31.9
2026-01-16,icon,2,6.3,2.4,0.5,31.3
2026-01-16,icon,3,6.9,4.1,0,28.2
2026-01-16,icon,4,5.7,3.5,2.1,33
2026-01-16,icon,5,4.7,2.7,0.6,30.1
2026-01-16,icon,6,5.9,3.2,0.3,36.5
2026-01-16,ukmo,1,5,3.4,0.1,36
2026-01-16,ukmo,2,5.6,3.2,0.7,37.4
2026-01-16,ukmo,3,6.5,3.1,1.4,55.8
2026-01-16,ukmo,4,5.6,4,0,36.4
2026-01-16,ukmo,5,5.2,2.9,0,32
2026-01-16,ukmo,6,3.3,2,2.1,28.4
2026-01-17,arpege,1,5.5,1,0.3,
2026-01-17,arpege,2,4,0.6,0,
2026-01-17,arpege,3,4.3,0.7,0,
2026-01-17,ecmwf,1,4,2.1,1.2,27.5
2026-01-17,ecmwf,2,4.2,2,0,28.2
2026-01-17,ecmwf,3,4.3,2.6,0,28.9
2026-01-17,ecmwf,4,3.8,1.9,0,23.8
2026-01-17,ecmwf,5,3.5,-0.7,0,38.9
2026-01-17,ecmwf,6,4.5,2.3,0,27.3
2026-01-17,ecmwf,7,4.5,3,0.3,28.1
2026-01-17,gem,1,4.6,2.8,0,29.5
2026-01-17,gem,2,4.8,2.6,0.3,29.5
2026-01-17,gem,3,4.6,1.9,0,30.6
2026-01-17,gem,4,4.3,1.9,0,27.7
2026-01-17,gem,5,5,2,0,27.4
2026-01-17,gem,6,5.2,3.4,0.3,25.9
2026-01-17,gem,7,3.7,2,5.1,39.6
2026-01-17,gfs,1,6.7,3.6,0,23.6
2026-01-17,gfs,2,5.8,3.2,0,23.2
2026-01-17,gfs,3,5.6,3,0.5,29.4
2026-01-17,gfs,4,5.2,2.4,0,29.1
2026-01-17,gfs,5,5,2.5,0.2,30.8
2026-01-17,gfs,6,4.6,1.6,0,30.6
2026-01-17,gfs,7,5,2.8,0,23.7
2026-01-17,icon,1,5.4,2.1,0,21.2
2026-01-17,icon,2,4.6,2.3,0.8,22.9
2026-01-17,icon,3,4.1,1.9,0,23
2026-01-17,icon,4,4,1.8,0.2,20.7
2026-01-17,icon,5,4.5,1.5,2.4,26
2026-01-17,icon,6,5.9,2,0,35.8
2026-01-17,ukmo,1,4.9,2,4.6,22.7
2026-01-17,ukmo,2,3.6,1.6,0,29.5
2026-01-17,ukmo,3,4.3,1.7,0,28.4
2026-01-17,ukmo,4,4.3,1.6,1.8,27
2026-01-17,ukmo,5,4.1,2.4,0,20.2
2026-01-17,ukmo,6,3.4,2,1.5,27.4
2026-01-18,arpege,1,2.2,0.2,0,
2026-01-18,arpege,2,2.4,0,0,
2026-01-18,arpege,3,1.8,-0.4,0,
2026-01-18,ecmwf,1,2.9,1.6,0,25.3
2026-01-18,ecmwf,2,3.3,1.7,0,29.1
2026-01-18,ecmwf,3,3.1,1.2,0,27.5
2026-01-18,ecmwf,4,2.9,1.1,0,26.5
2026-01-18,ecmwf,5,2.6,0,0.6,33.4
2026-01-18,ecmwf,6,2,-0.8,0,31.7
2026-01-18,ecmwf,7,4,1.3,3,30.8
2026-01-18,gem,1,3.3,2.1,0,29.2
2026-01-18,gem,2,3.3,2.2,0.3,31.3
2026-01-18,gem,3,3.1,2,0,32.4
2026-01-18,gem,4,3,2.2,0,32.8
2026-01-18,gem,5,2.6,1.5,0,19.1
2026-01-18,gem,6,4.2,0.9,0.3,20.9
2026-01-18,gem,7,4.2,1.6,0.9,20.9
2026-01-18,gfs,1,5.3,1.5,0,24
2026-01-18,gfs,2,4.7,1.5,0,26.1
2026-01-18,gfs,3,4.6,1.3,0,30.7
2026-01-18,gfs,4,3.5,0.1,0,33.8
2026-01-18,gfs,5,3,-0.2,0,34.5
2026-01-18,gfs,6,2.3,-2.2,0,35.4
2026-01-18,gfs,7,2.8,-3.3,0.2,43.4
2026-01-18,icon,1,3.1,0.4,0,20.4
2026-01-18,icon,2,3.6,0.5,0,22.6
2026-01-18,icon,3,3.1,1.1,0,21.7
2026-01-18,icon,4,3.1,1.7,0,20.9
2026-01-18,icon,5,2.2,1.6,0,24.5
2026-01-18,icon,6,3.9,0.7,0.3,32.7
2026-01-18,ukmo,1,3.6,1.6,0,22.7
2026-01-18,ukmo,2,2.8,1.9,0,26.3
2026-01-18,ukmo,3,2.8,1.9,0,28.4
2026-01-18,ukmo,4,2.6,1.4,0,27
2026-01-18,ukmo,5,2.9,1.5,0,25.2
2026-01-18,ukmo,6,2.9,-0.6,5.4,39.2
2026-01-19,arpege,1,1.6,-1.4,0,
2026-01-19,arpege,2,1.4,-1.9,0,
2026-01-19,arpege,3,1,-2.2,0,
2026-01-19,ecmwf,1,1.7,-0.1,0,24.7
2026-01-19,ecmwf,2,1.7,0,0,25.4
2026-01-19,ecmwf,3,1.8,0.2,0,26.9
2026-01-19,ecmwf,4,1.9,0.1,0,26.8
2026-01-19,ecmwf,5,2.3,0.2,0,23.9
2026-01-19,ecmwf,6,2,-0.2,0.3,22.1
2026-01-19,ecmwf,7,1.9,-0.1,0,34.4
2026-01-19,gem,1,2,0.3,0,27.7
2026-01-19,gem,2,2.1,0.5,0,29.9
2026-01-19,gem,3,2.1,0.3,0,30.2
2026-01-19,gem,4,2.6,0.5,0,31.3
2026-01-19,gem,5,2.7,1.6,0,32.8
2026-01-19,gem,6,3,1.7,0.3,31.3
2026-01-19,gem,7,2.9,1.4,0,40.7
2026-01-19,gfs,1,3.2,-0.3,0,21.6
2026-01-19,gfs,2,3.4,-0.2,0,24.6
2026-01-19,gfs,3,3.5,0.1,0,30.3
2026-01-19,gfs,4,3.1,-0.2,0,34.4
2026-01-19,gfs,5,2.4,-1,0,38.1
2026-01-19,gfs,6,3,-2.4,0,32.8
2026-01-19,gfs,7,1.6,-4.9,0,35.3
2026-01-19,icon,1,1.6,-1.3,0,18.8
2026-01-19,icon,2,1.3,-1.2,0,17.6
2026-01-19,icon,3,0.7,-1.6,0,18.6
2026-01-19,icon,4,1.8,-0.9,0,18.1
2026-01-19,icon,5,1.8,0.2,0,19.7
2026-01-19,icon,6,2,0.4,0,28
2026-01-19,ukmo,1,1.5,-0.5,0,20.9
2026-01-19,ukmo,2,1.7,-0.2,0,25.6
2026-01-19,ukmo,3,2.2,-0.1,0,27
2026-01-19,ukmo,4,2.4,-0.1,0,30.6
2026-01-19,ukmo,5,2.2,0.9,0,26.6
2026-01-19,ukmo,6,2.5,-1.1,0,31.7
2026-01-20,arpege,1,1.8,-1.4,0,
2026-01-20,arpege,2,2.4,-1.5,0,
2026-01-20,arpege,3,1.7,-1.2,0,
2026-01-20,ecmwf,1,2.2,0.2,0,22.9
2026-01-20,ecmwf,2,1.7,-0.3,0,21.8
2026-01-20,ecmwf,3,1.5,-0.5,0,19.8
2026-01-20,ecmwf,4,1.5,-1.1,0,22.2
2026-01-20,ecmwf,5,1.6,-1.2,0,21.6
2026-01-20,ecmwf,6,2.1,0.6,0,18.9
2026-01-20,ecmwf,7,3,0.1,0,28.5
2026-01-20,gem,1,1.7,-0.4,0,25.2
2026-01-20,gem,2,1.3,-0.5,0,24.1
2026-01-20,gem,3,1.3,-1.5,0,24.1
2026-01-20,gem,4,0.9,-2,0,25.9
2026-01-20,gem,5,1.8,-2.2,0,23.8
2026-01-20,gem,6,1.6,-0.6,0,31
2026-01-20,gem,7,2.4,1.5,0,27
2026-01-20,gfs,1,4.6,0.5,0,19.1
2026-01-20,gfs,2,4.2,0.3,0,15.4
2026-01-20,gfs,3,4.7,-0.2,0,18
2026-01-20,gfs,4,3.2,-0.7,0,21.3
2026-01-20,gfs,5,2.4,-1.3,0,25.8
2026-01-20,gfs,6,1.8,-2.8,0,29.2
2026-01-20,gfs,7,2.6,-2.8,0,34.6
2026-01-20,icon,1,2.3,-0.8,0,16
2026-01-20,icon,2,1.5,-1,0,12.6
2026-01-20,icon,3,1.5,-0.9,0,14.5
2026-01-20,icon,4,1.6,-1.2,0,12.5
2026-01-20,icon,5,0.6,-1.6,0,13.8
2026-01-20,icon,6,1.6,-0.4,0,22.5
2026-01-20,ukmo,1,2.1,-0.8,0,19.4
2026-01-20,ukmo,2,1.9,-0.5,0,24.8
2026-01-20,ukmo,3,1.7,-0.7,0,21.6
2026-01-20,ukmo,4,1.9,-0.1,0,23.4
2026-01-20,ukmo,5,1,-0.8,0,16.6
2026-01-20,ukmo,6,1.6,-1.1,0,29.2
2026-01-21,arpege,1,1.2,-3.5,0,
2026-01-21,arpege,2,0.7,-3.9,0,
2026-01-21,arpege,3,0.2,-1.9,0,
2026-01-21,ecmwf,1,1.7,-1,0,36
2026-01-21,ecmwf,2,1.3,-1.3,0,34.2
2026-01-21,ecmwf,3,0.3,-2.3,0,33.9
2026-01-21,ecmwf,4,0.7,-2.3,0,41.9
2026-01-21,ecmwf,5,0.4,-1.5,0,29.5
2026-01-21,ecmwf,6,1.1,-1,0,28.2
2026-01-21,ecmwf,7,2,-0.3,0,21.5
2026-01-21,gem,1,0.7,-2.6,0,39.2
2026-01-21,gem,2,-0.3,-2.9,0,40.7
2026-01-21,gem,3,-0.6,-3,0,40
2026-01-21,gem,4,-1.7,-3.5,0,35.6
2026-01-21,gem,5,-1.3,-2.3,0,30.2
2026-01-21,gem,6,0.2,-2.8,0,25.2
2026-01-21,gem,7,1.5,-1.8,0,30.2
2026-01-21,gfs,1,2.8,-0.5,0,32.8
2026-01-21,gfs,2,2.4,-1.2,0,29.2
2026-01-21,gfs,3,2.3,-1.3,0,27.1
2026-01-21,gfs,4,2.4,-1.6,0,23.4
2026-01-21,gfs,5,3.6,-1.4,0,27.8
2026-01-21,gfs,6,3.8,-1.8,0,30.3
2026-01-21,gfs,7,2.3,-3,0,37.3
2026-01-21,icon,1,0.8,-3,0,25.2
2026-01-21,icon,2,0.8,-1.7,0,26.1
2026-01-21,icon,3,-0.1,-2.9,0,25.3
2026-01-21,icon,4,-0.6,-4,0,23.6
2026-01-21,icon,5,1.1,-1.1,0,35.3
2026-01-21,icon,6,0.6,-1.1,0,23.2
2026-01-21,ukmo,1,1.5,-2.1,0,32
2026-01-21,ukmo,2,1.5,-1.3,0,38.2
2026-01-21,ukmo,3,0.6,-1.3,0,38.5
2026-01-21,ukmo,4,1.4,-3.5,0,37.8
2026-01-21,ukmo,5,2.5,-1,0,31.3
2026-01-21,ukmo,6,0.1,-1.5,0,33.5
2026-01-22,arpege,1,0.8,-2.3,0.1,
2026-01-22,arpege,2,1.3,-1.6,0.1,
2026-01-22,arpege,3,1.3,-1.3,0,
2026-01-22,ecmwf,1,1.1,-1,0,38.9
2026-01-22,ecmwf,2,1.2,-0.7,0,38.9
2026-01-22,ecmwf,3,1.2,-0.9,0,36.4
2026-01-22,ecmwf,4,0,-2,0,36.5
2026-01-22,ecmwf,5,0.6,-2.6,0,44.7
2026-01-22,ecmwf,6,1.1,-1.2,0,35.6
2026-01-22,ecmwf,7,0.5,-2.2,0,37.2
2026-01-22,gem,1,0.3,-1.8,0,42.8
2026-01-22,gem,2,-0.3,-3.2,0,40.3
2026-01-22,gem,3,0,-2.9,0.3,42.1
2026-01-22,gem,4,-1,-4.2,0,43.2
2026-01-22,gem,5,-0.2,-2.1,0,42.8
2026-01-22,gem,6,-0.5,-2.9,0,29.9
2026-01-22,gem,7,1,-3.6,0,22
2026-01-22,gfs,1,1.5,-1.5,0,34.9
2026-01-22,gfs,2,1.6,-1,0,36
2026-01-22,gfs,3,2.1,-1.1,0,36
2026-01-22,gfs,4,2.2,-1.5,0,36.4
2026-01-22,gfs,5,2,-1.6,0,32.8
2026-01-22,gfs,6,1.6,-0.8,0,36.7
2026-01-22,gfs,7,2.5,-2,0,30.9
2026-01-22,icon,1,0.7,-2.5,0,27
2026-01-22,icon,2,1,-1.9,0,30.3
2026-01-22,icon,3,1.1,-3,0,29
2026-01-22,icon,4,0.7,-2.3,0,28.1
2026-01-22,icon,5,0.9,-1.9,0,42.6
2026-01-22,icon,6,0.6,-3,0,38.2
2026-01-22,ukmo,1,1.2,-1.3,0,31.7
2026-01-22,ukmo,2,1,-0.8,0,40.7
2026-01-22,ukmo,3,1.2,0.1,0,38.2
2026-01-22,ukmo,4,1.4,-0.3,0.7,38.2
2026-01-22,ukmo,5,0.8,-1.8,0,37.4
2026-01-22,ukmo,6,2.1,-0.7,0,34.9
2026-01-23,arpege,1,-0.6,-3.9,0,
2026-01-23,arpege,2,-0.6,-4.1,0,
2026-01-23,arpege,3,-1.1,-4.8,0,
2026-01-23,ecmwf,1,-0.5,-2.6,0,45.4
2026-01-23,ecmwf,2,-0.5,-2.9,0,43.9
2026-01-23,ecmwf,3,-0.7,-3.1,0,43.6
2026-01-23,ecmwf,4,-1.1,-3.5,0,43.6
2026-01-23,ecmwf,5,-1.8,-5.5,0,45.4
2026-01-23,ecmwf,6,-0.9,-5.6,2.7,48.1
2026-01-23,ecmwf,7,-1.9,-4.4,0,42.7
2026-01-23,gem,1,-1.8,-3.9,0,45.7
2026-01-23,gem,2,-3.4,-4.6,0,45.7
2026-01-23,gem,3,-3.3,-5.4,0,45.4
2026-01-23,gem,4,-3.5,-5.3,0,47.9
2026-01-23,gem,5,-2.2,-5.4,0.9,44.6
2026-01-23,gem,6,-1.9,-4.9,0,41.4
2026-01-23,gem,7,0.5,-5.2,0.6,30.2
2026-01-23,gfs,1,0.9,-2.1,0,34.2
2026-01-23,gfs,2,0.3,-1.9,0,35.8
2026-01-23,gfs,3,0.1,-2.3,0,36.4
2026-01-23,gfs,4,0.2,-1.6,0,36
2026-01-23,gfs,5,-1.1,-2.5,0,36.1
2026-01-23,gfs,6,-0.7,-3.2,0,39.6
2026-01-23,gfs,7,-1,-3.3,0,42.1
2026-01-23,icon,1,-1.4,-4.1,0,29.3
2026-01-23,icon,2,-0.6,-3.6,0,29.5
2026-01-23,icon,3,-1.1,-4.2,0,31.3
2026-01-23,icon,4,-0.6,-3.3,0,29.6
2026-01-23,icon,5,-0.9,-3.1,0,42
2026-01-23,icon,6,-2.2,-5.5,0,44.3
2026-01-23,ukmo,1,0.3,-2.7,0,35.3
2026-01-23,ukmo,2,-0.4,-2.3,0,39.6
2026-01-23,ukmo,3,0.1,-2.6,0,38.2
2026-01-23,ukmo,4,0.3,-2.9,0,40
2026-01-23,ukmo,5,-0.6,-2.4,0,44.3
2026-01-23,ukmo,6,-0.8,-3.7,0,40.3
2026-01-24,arpege,1,-1.8,-5.3,0.1,
2026-01-24,arpege,2,-1.2,-4.8,0,
2026-01-24,arpege,3,-0.8,-4,0,
2026-01-24,ecmwf,1,-0.2,-1.8,0,42.7
2026-01-24,ecmwf,2,0.1,-1.7,0,41.4
2026-01-24,ecmwf,3,0.2,-2.6,0,41.5
2026-01-24,ecmwf,4,0.8,-2.7,0,41.8
2026-01-24,ecmwf,5,0.5,-1.8,0,40.6
2026-01-24,ecmwf,6,0,-4.6,0,43.6
2026-01-24,ecmwf,7,-2.4,-5.2,0,45
2026-01-24,gem,1,-1.3,-3.7,0,44.6
2026-01-24,gem,2,-1.1,-4.1,0.3,43.9
2026-01-24,gem,3,-0.7,-5.1,0,44.3
2026-01-24,gem,4,-0.6,-3.6,0,44.6
2026-01-24,gem,5,-0.4,-3.2,0,40.7
2026-01-24,gem,6,-2.4,-5.8,0,42.8
2026-01-24,gem,7,-1.2,-6.1,0,48.6
2026-01-24,gfs,1,-0.2,-2.6,0,31.8
2026-01-24,gfs,2,0.5,-2.7,0,31.4
2026-01-24,gfs,3,0,-2.7,0,33.7
2026-01-24,gfs,4,0.1,-2.9,0,32.1
2026-01-24,gfs,5,0.9,-2,0,31.8
2026-01-24,gfs,6,-1.2,-3.9,0,34.2
2026-01-24,gfs,7,-1.7,-5.2,0.1,40.3
2026-01-24,icon,1,-1.4,-4.6,0,27
2026-01-24,icon,2,-0.6,-3.5,0,27.4
2026-01-24,icon,3,-0.9,-4.6,0,27.7
2026-01-24,icon,4,-0.2,-4.6,0,27.9
2026-01-24,icon,5,1.3,-1.5,0,33.2
2026-01-24,icon,6,1,-5,0,43.4
2026-01-24,ukmo,1,-0.2,-2.8,0,31
2026-01-24,ukmo,2,-0.7,-2.3,0,38.9
2026-01-24,ukmo,3,0.1,-2.5,0,38.5
2026-01-24,ukmo,4,-0.3,-2.3,0,38.2
2026-01-24,ukmo,5,0.5,-2.4,0,36
2026-01-24,ukmo,6,-0.5,-3.8,0,36.7
2026-01-25,arpege,1,-0.6,-5.1,3,
2026-01-25,arpege,2,0.4,-3,0.4,
2026-01-25,arpege,3,0,-3.7,0,
2026-01-25,ecmwf,1,0.6,-1.2,0.6,32.6
2026-01-25,ecmwf,2,0.9,-0.8,0,31
2026-01-25,ecmwf,3,0.9,-1,1.5,28.7
2026-01-25,ecmwf,4,0,-1.3,0,33.2
2026-01-25,ecmwf,5,1.1,-1,0,36.3
2026-01-25,ecmwf,6,0.7,-0.5,0,32.7
2026-01-25,ecmwf,7,0.5,-2.3,0,35.3
2026-01-25,gem,1,-0.4,-2,0,33.5
2026-01-25,gem,2,0,-2,0,34.6
2026-01-25,gem,3,-0.2,-2.2,0.3,32.8
2026-01-25,gem,4,-0.8,-3.8,0.3,33.5
2026-01-25,gem,5,-0.2,-2.3,0.6,36.4
2026-01-25,gem,6,-0.5,-2.6,0.9,35.6
2026-01-25,gem,7,-1.4,-5.6,0,34.6
2026-01-25,gfs,1,0.5,-2.6,0,27.2
2026-01-25,gfs,2,0.4,-2.1,0,27.8
2026-01-25,gfs,3,1.9,-1.2,0.1,31.6
2026-01-25,gfs,4,0.5,-2.2,0,27.7
2026-01-25,gfs,5,0.7,-2.2,0.1,25.4
2026-01-25,gfs,6,1.1,-1.5,0,28.6
2026-01-25,gfs,7,-0.3,-4.7,0,34.3
2026-01-25,icon,1,-0.3,-2.2,0,22.3
2026-01-25,icon,2,-0.1,-1.5,0,25.1
2026-01-25,icon,3,-0.6,-1.6,0.8,20.2
2026-01-25,icon,4,0.2,-1.1,0,17.1
2026-01-25,icon,5,0.9,-0.9,0.5,31.7
2026-01-25,icon,6,1,0.1,0,40.2
2026-01-25,ukmo,1,0.6,-1.4,0,27
2026-01-25,ukmo,2,0.5,-1.7,0,35.3
2026-01-25,ukmo,3,0.2,-2,0,33.1
2026-01-25,ukmo,4,0.5,-0.6,0,27
2026-01-25,ukmo,5,0.7,-0.3,0.3,40.7
2026-01-25,ukmo,6,1.1,-0.7,1.5,36.7
2026-01-26,arpege,1,0.2,-0.7,2.9,
2026-01-26,arpege,2,0.8,-0.3,0.5,
2026-01-26,arpege,3,0.9,-0.5,3.9,
2026-01-26,ecmwf,1,1.1,-0.5,10.5,40.3
2026-01-26,ecmwf,2,1.1,-0.1,3.6,39.8
2026-01-26,ecmwf,3,1,0.3,7.8,33.7
2026-01-26,ecmwf,4,1,-0.9,0,27.7
2026-01-26,ecmwf,5,1.5,-1.2,0,38
2026-01-26,ecmwf,6,0.7,-2,0,28
2026-01-26,ecmwf,7,0.6,-1.1,0,19.4
2026-01-26,gem,1,1,-0.1,6,39.6
2026-01-26,gem,2,0.5,-0.4,0,37.4
2026-01-26,gem,3,0.3,-0.5,0.6,37.8
2026-01-26,gem,4,0.6,-1.6,0,34.2
2026-01-26,gem,5,0,-3.4,0,28.4
2026-01-26,gem,6,-0.4,-2.5,0.6,34.6
2026-01-26,gem,7,-0.8,-3,0,32.8
2026-01-26,gfs,1,1,0.1,3.6,33.9
2026-01-26,gfs,2,1.2,-1.2,5.2,33
2026-01-26,gfs,3,1.8,0.2,1.9,33.6
2026-01-26,gfs,4,0.7,-1,0,35
2026-01-26,gfs,5,0.7,-2.5,0,24.1
2026-01-26,gfs,6,-0.8,-2.6,0,19.9
2026-01-26,gfs,7,-0.1,-2.1,0,31.7
2026-01-26,icon,1,0.5,-0.8,4.1,30.9
2026-01-26,icon,2,0.8,-0.3,0.8,29.6
2026-01-26,icon,3,0.8,-1.3,0,28.7
2026-01-26,icon,4,0.6,-1.1,1.4,24.6
2026-01-26,icon,5,0.8,-0.5,0,27
2026-01-26,icon,6,0.9,-1,0,28.2
2026-01-26,ukmo,1,0.9,-0.5,4.1,38.9
2026-01-26,ukmo,2,0.8,-0.2,0,44.3
2026-01-26,ukmo,3,0.4,-0.8,1.6,43.2
2026-01-26,ukmo,4,0.7,-0.4,0,31.7
2026-01-26,ukmo,5,0.8,-0.3,0,29.5
2026-01-26,ukmo,6,1.2,0,0.8,38.5
2026-01-27,arpege,1,0.9,-1.8,0,
2026-01-27,arpege,2,0.8,-2.4,0,
2026-01-27,arpege,3,1.7,-0.8,0.2,
2026-01-27,ecmwf,1,1.3,0.4,0,38.7
2026-01-27,ecmwf,2,1.3,-0.1,0.3,38.7
2026-01-27,ecmwf,3,1.6,0.1,0,35.7
2026-01-27,ecmwf,4,1.2,-0.6,0,37.6
2026-01-27,ecmwf,5,1.1,-2.4,0,41.4
2026-01-27,ecmwf,6,0.3,-1.9,0.6,39.2
2026-01-27,ecmwf,7,-1.2,-3.6,0,25.7
2026-01-27,gem,1,1.4,0.2,0.3,41
2026-01-27,gem,2,1.4,0.2,0.3,39.2
2026-01-27,gem,3,1.9,-0.3,0,47.2
2026-01-27,gem,4,0.9,-1.2,0,46.4
2026-01-27,gem,5,0.5,-1.3,0,49
2026-01-27,gem,6,0.4,-3.5,0,50.8
2026-01-27,gem,7,0.7,-2.1,0,44.3
2026-01-27,gfs,1,1.1,-1.7,0.6,32.1
2026-01-27,gfs,2,1.4,-1,0.5,32.8
2026-01-27,gfs,3,2.4,0,5.6,37.1
2026-01-27,gfs,4,1.1,-1,0.1,34.9
2026-01-27,gfs,5,1.2,-2.3,0.5,36.9
2026-01-27,gfs,6,1.4,-3,0,39.1
2026-01-27,gfs,7,3.5,-2.5,0.8,37.5
2026-01-27,icon,1,0.8,-0.9,0,28.7
2026-01-27,icon,2,1,-0.7,0,28.3
2026-01-27,icon,3,1,-0.8,0,27.9
2026-01-27,icon,4,0.5,-0.9,0,29.3
2026-01-27,icon,5,0.5,-1,0,30.7
2026-01-27,icon,6,0.9,-1,0,40.1
2026-01-27,ukmo,1,0.9,-0.2,0,32.4
2026-01-27,ukmo,2,1.3,-0.5,0.1,40.7
2026-01-27,ukmo,3,1.4,-0.5,0.8,41
2026-01-27,ukmo,4,1.7,-0.4,0.4,34.6
2026-01-27,ukmo,5,1.2,-0.6,0,40
2026-01-27,ukmo,6,0.3,-0.9,1.2,32
2026-01-28,arpege,1,1.3,-1.8,0,
2026-01-28,arpege,2,1,-3.1,0,
2026-01-28,arpege,3,0.4,-2.2,0,
2026-01-28,ecmwf,1,1,0.6,0,42
2026-01-28,ecmwf,2,1.2,0,0,41.3
2026-01-28,ecmwf,3,1.6,-0.1,0,40.8
2026-01-28,ecmwf,4,1.4,0.4,1.5,43
2026-01-28,ecmwf,5,1.6,-0.5,0.6,45.3
2026-01-28,ecmwf,6,1.1,0.6,3,36.4
2026-01-28,ecmwf,7,0.6,-2.9,0,39.1
2026-01-28,gem,1,1,-0.5,0,43.6
2026-01-28,gem,2,1.3,-2.3,0,36.7
2026-01-28,gem,3,0.8,-1,0,45.7
2026-01-28,gem,4,0.5,-0.7,0,46.4
2026-01-28,gem,5,1,-2.5,4.8,49.7
2026-01-28,gem,6,0.2,-0.9,2.1,41
2026-01-28,gem,7,0.9,-0.8,3.6,41
2026-01-28,gfs,1,1.9,-1.4,0,33.4
2026-01-28,gfs,2,1.3,-1.2,0,30.2
2026-01-28,gfs,3,0.9,-0.3,1.4,35.6
2026-01-28,gfs,4,2.6,0.2,0.6,34.3
2026-01-28,gfs,5,2.2,-0.9,0,35.5
2026-01-28,gfs,6,2.6,-0.4,1.5,32
2026-01-28,gfs,7,3.9,-1.6,1.1,39.1
2026-01-28,icon,1,1.1,0.1,0,26.1
2026-01-28,icon,2,1.1,-0.4,0,28.2
2026-01-28,icon,3,1,-0.6,1,29.3
2026-01-28,icon,4,1.5,-0.5,0.7,33.4
2026-01-28,icon,5,0.8,-0.9,1.2,43.7
2026-01-28,icon,6,0.9,0.2,10.1,38.6
2026-01-28,ukmo,1,1,0,0,32.8
2026-01-28,ukmo,2,1,-1.2,0,40.7
2026-01-28,ukmo,3,0.8,-1.1,4.2,41.8
2026-01-28,ukmo,4,1.4,-0.3,2.8,36
2026-01-28,ukmo,5,1.3,-0.8,0,39.6
2026-01-28,ukmo,6,2.9,-1,11.4,38.9
2026-01-29,arpege,1,0.1,-2.1,0,
2026-01-29,arpege,2,0.4,-3.2,0,
2026-01-29,arpege,3,-0.5,-2.6,0,
2026-01-29,ecmwf,1,0.6,-1,0,37.1
2026-01-29,ecmwf,2,1,-0.6,0,38.4
2026-01-29,ecmwf,3,1.5,-1.3,0.6,40.4
2026-01-29,ecmwf,4,1.2,0,2.1,42.3
2026-01-29,ecmwf,5,1.2,0,4.8,49
2026-01-29,ecmwf,6,1,0.2,3,37.5
2026-01-29,ecmwf,7,1,0.5,2.7,33
2026-01-29,gem,1,0.8,-2.3,0,36.4
2026-01-29,gem,2,0.9,-3,0,40
2026-01-29,gem,3,1,-1.9,0,36.7
2026-01-29,gem,4,0.5,-2.1,0,40.7
2026-01-29,gem,5,0.3,-2.1,0,42.5
2026-01-29,gem,6,0.6,-2,1.5,32.4
2026-01-29,gem,7,3.2,-1,1.8,31.7
2026-01-29,gfs,1,0.9,-1.5,0,31
2026-01-29,gfs,2,1.2,-0.6,0,28.7
2026-01-29,gfs,3,1,-1.7,0.1,30.5
2026-01-29,gfs,4,1.6,-1.1,0.2,35
2026-01-29,gfs,5,2.1,-0.4,0.3,34.7
2026-01-29,gfs,6,1.7,-0.4,0,31.7
2026-01-29,gfs,7,4,-1.1,0.9,37.5
2026-01-29,icon,1,0.5,-1.4,0,25.1
2026-01-29,icon,2,0.7,-0.6,0,25.6
2026-01-29,icon,3,1,-0.5,0.1,26
2026-01-29,icon,4,1.2,-0.5,2.4,28.2
2026-01-29,icon,5,1,-0.6,4.5,35.7
2026-01-29,icon,6,1.5,0,0.7,23.7
2026-01-29,ukmo,1,0.7,-1.9,0.1,31.3
2026-01-29,ukmo,2,0.6,-0.9,0,35.6
2026-01-29,ukmo,3,0.6,-2.2,0,38.9
2026-01-29,ukmo,4,0.7,-1.3,4.3,39.6
2026-01-29,ukmo,5,1.6,-0.3,2.7,34.2
2026-01-29,ukmo,6,0.2,-0.7,1.7,43.2
2026-01-30,arpege,1,-2.3,-4.1,0.5,
2026-01-30,arpege,2,-1,-3.7,0.8,
2026-01-30,arpege,3,-1.6,-4.9,0.4,
2026-01-30,ecmwf,1,-0.3,-1.4,0.9,41.3
2026-01-30,ecmwf,2,-0.1,-1.8,0,41
2026-01-30,ecmwf,3,-0.5,-1.4,0,40.7
2026-01-30,ecmwf,4,-0.1,-1.3,0.9,43.5
2026-01-30,ecmwf,5,0.5,-1.9,0,37.8
2026-01-30,ecmwf,6,1.2,0.1,0,40.1
2026-01-30,ecmwf,7,1,0.2,2.1,28.8
2026-01-30,gem,1,-0.8,-2.6,1.5,41.4
2026-01-30,gem,2,-0.8,-2.7,0.9,43.2
2026-01-30,gem,3,-1.5,-2.8,0.3,43.6
2026-01-30,gem,4,-1,-1.8,0.3,42.8
2026-01-30,gem,5,-0.6,-1.9,0.3,42.1
2026-01-30,gem,6,-0.3,-2.3,0,40.7
2026-01-30,gem,7,2.1,-2.4,1.2,38.5
2026-01-30,gfs,1,-0.7,-2.5,0.5,34
2026-01-30,gfs,2,-0.1,-2.1,0.6,34.9
2026-01-30,gfs,3,0.9,-2,0,36.7
2026-01-30,gfs,4,-1.3,-4.7,0,38.4
2026-01-30,gfs,5,0.2,-4.7,0.6,43.2
2026-01-30,gfs,6,2.1,-1.6,1,41.1
2026-01-30,gfs,7,4,-0.5,0.5,36.6
2026-01-30,icon,1,-0.9,-1.8,0.2,27.7
2026-01-30,icon,2,-0.6,-1.7,0.6,32.9
2026-01-30,icon,3,-0.6,-2,0.1,29
2026-01-30,icon,4,0.1,-2.6,0,31.6
2026-01-30,icon,5,0.4,-1.6,1,34
2026-01-30,icon,6,0.9,-1.3,0.1,40.8
2026-01-30,ukmo,1,-1.2,-2.7,0.8,32
2026-01-30,ukmo,2,-0.9,-3.9,0,38.9
2026-01-30,ukmo,3,-1.2,-4.1,0,38.9
2026-01-30,ukmo,4,-1.3,-3.8,0.2,40.3
2026-01-30,ukmo,5,0.5,-2,1.4,41.4
2026-01-30,ukmo,6,1.3,-1.3,2.3,41.4
2026-01-31,arpege,1,-2.1,-4.5,0,
2026-01-31,arpege,2,-1,-3.8,0.2,
2026-01-31,arpege,3,-1.5,-3,0.4,
2026-01-31,ecmwf,1,-0.1,-2.3,0,38.6
2026-01-31,ecmwf,2,0,-2.1,0,39.4
2026-01-31,ecmwf,3,-0.2,-2,0,40.9
2026-01-31,ecmwf,4,-0.8,-3.5,0,43.9
2026-01-31,ecmwf,5,0.3,-2.4,0,40.8
2026-01-31,ecmwf,6,1.7,-2,1.2,39.3
2026-01-31,ecmwf,7,2.2,1.3,3,38.4
2026-01-31,gem,1,-0.6,-3.1,0,42.5
2026-01-31,gem,2,-0.5,-2.7,0.6,42.8
2026-01-31,gem,3,-0.6,-1.6,0,45.7
2026-01-31,gem,4,-1.8,-3.7,0,41.4
2026-01-31,gem,5,0.1,-2.9,0.6,42.8
2026-01-31,gem,6,-0.6,-3.3,2.1,48.6
2026-01-31,gem,7,-1.7,-2.7,0,42.1
2026-01-31,gfs,1,-0.9,-3.1,0,33.8
2026-01-31,gfs,2,-0.6,-2.9,0,35.3
2026-01-31,gfs,3,-0.1,-2.4,0,37.5
2026-01-31,gfs,4,-1.4,-5.3,0,40.2
2026-01-31,gfs,5,-4.8,-7.8,0,43.5
2026-01-31,gfs,6,1.2,-7.1,0,41.1
2026-01-31,gfs,7,3.7,-4.3,0.3,50.6
2026-01-31,icon,1,-0.7,-2.8,0,28.7
2026-01-31,icon,2,-0.5,-2.1,0.1,30.5
2026-01-31,icon,3,-0.5,-1.5,0.4,33.6
2026-01-31,icon,4,-0.7,-5.3,0,32.1
2026-01-31,icon,5,0.5,-4.2,0,37.1
2026-01-31,icon,6,1.1,-0.7,2.4,42.4
2026-01-31,ukmo,1,-0.4,-2.3,0,32.8
2026-01-31,ukmo,2,0.1,-1.7,0,38.9
2026-01-31,ukmo,3,-0.1,-2.3,0,41
2026-01-31,ukmo,4,-1.8,-3.8,0,43.2
2026-01-31,ukmo,5,-2.2,-6.4,0.2,47.9
2026-01-31,ukmo,6,1.8,-4.7,3,41.4
2026-02-01,arpege,1,-4.7,-7.2,0,
2026-02-01,arpege,2,-3.9,-6.2,0.6,
2026-02-01,arpege,3,-2.5,-5.8,0.8,
2026-02-01,ecmwf,1,-2.5,-4,0,41.7
2026-02-01,ecmwf,2,-2.3,-3.9,0,38.3
2026-02-01,ecmwf,3,-2.2,-4.4,0,41.8
2026-02-01,ecmwf,4,-2.6,-4.3,0,40.9
2026-02-01,ecmwf,5,-0.8,-4,0,37.1
2026-02-01,ecmwf,6,-0.7,-3.8,0.3,40.1
2026-02-01,ecmwf,7,1.4,-4.5,0,46.8
2026-02-01,gem,1,-3.2,-4.6,0.6,42.5
2026-02-01,gem,2,-3,-4.9,0.3,44.6
2026-02-01,gem,3,-1.9,-3.9,1.2,46.4
2026-02-01,gem,4,-0.8,-2.7,1.5,46.1
2026-02-01,gem,5,-3.5,-5.6,0,44.3
2026-02-01,gem,6,-0.6,-2.6,0.9,42.1
2026-02-01,gem,7,-2.7,-5.8,2.4,51.1
2026-02-01,gfs,1,-3.4,-5.3,0.7,33.6
2026-02-01,gfs,2,-2.8,-5.9,0,33.5
2026-02-01,gfs,3,-1.9,-4.3,0,31
2026-02-01,gfs,4,1.1,-5,0,35.8
2026-02-01,gfs,5,-0.9,-7.6,0,40.1
2026-02-01,gfs,6,-5.5,-8,0,45.1
2026-02-01,gfs,7,-0.4,-7.1,0,37.6
2026-02-01,icon,1,-3,-5,0,30.2
2026-02-01,icon,2,-2.4,-4,1.5,27.7
2026-02-01,icon,3,-1.3,-4.3,0.2,29.2
2026-02-01,icon,4,0,-3.7,0,30.1
2026-02-01,icon,5,0.2,-5,5.6,42.8
2026-02-01,icon,6,0.4,-3.9,0.1,35.9
2026-02-01,ukmo,1,-2.5,-4.2,0.2,32.8
2026-02-01,ukmo,2,-0.8,-3.7,0,38.2
2026-02-01,ukmo,3,-0.6,-3.2,3.9,39.2
2026-02-01,ukmo,4,0.2,-4,1.8,38.9
2026-02-01,ukmo,5,-3.5,-7.6,0,40.3
2026-02-01,ukmo,6,-2.7,-7.1,2.4,46.1
2026-02-02,arpege,1,-5.5,-7.7,0,
2026-02-02,arpege,2,-4.6,-6.7,0,
2026-02-02,arpege,3,-4.2,-6.1,0,
2026-02-02,ecmwf,1,-3.4,-5.1,0,44
2026-02-02,ecmwf,2,-3.5,-5.3,0,46.2
2026-02-02,ecmwf,3,-4.3,-5.8,0,43
2026-02-02,ecmwf,4,-4.2,-6.7,0,49
2026-02-02,ecmwf,5,-2.2,-4.6,0,45.5
2026-02-02,ecmwf,6,0.9,-3.9,0.6,36.6
2026-02-02,ecmwf,7,-1.3,-3.6,0,40.1
2026-02-02,gem,1,-4.6,-6.8,0.3,45.4
2026-02-02,gem,2,-5,-7.1,0.9,47.2
2026-02-02,gem,3,-4.3,-7.6,0.6,53.3
2026-02-02,gem,4,-2.9,-5.4,0.6,50.8
2026-02-02,gem,5,-1.9,-5.8,0.6,49
2026-02-02,gem,6,-1.2,-5.6,0.6,47.9
2026-02-02,gem,7,-2.2,-6,1.8,49.7
2026-02-02,gfs,1,-4.4,-6.5,0,36
2026-02-02,gfs,2,-4.7,-6.9,0,39.2
2026-02-02,gfs,3,-3.5,-7,0,38.6
2026-02-02,gfs,4,-1.4,-4.8,0,29.4
2026-02-02,gfs,5,3.4,-3.3,0,37.2
2026-02-02,gfs,6,-0.1,-7.4,0.2,44.5
2026-02-02,gfs,7,-2.9,-7.4,0.1,41.5
2026-02-02,icon,1,-5,-7.7,2,34.3
2026-02-02,icon,2,-4.1,-7.1,0,35
2026-02-02,icon,3,-4.4,-6,0,33.5
2026-02-02,icon,4,-4,-7.4,0,36.1
2026-02-02,icon,5,0.2,-4.7,0.4,43.8
2026-02-02,icon,6,0.1,-4.3,0.3,37.1
2026-02-02,ukmo,1,-3.8,-5.6,0,33.8
2026-02-02,ukmo,2,-3,-5.2,0,42.8
2026-02-02,ukmo,3,-2.7,-7,0,42.5
2026-02-02,ukmo,4,-1.7,-7.3,0.2,45
2026-02-02,ukmo,5,-2.8,-6.4,0.3,40.7
2026-02-02,ukmo,6,-2.5,-6.9,0.4,38.2
2026-02-03,arpege,1,-2.5,-7.5,0,
2026-02-03,arpege,2,-2.8,-7.9,0,
2026-02-03,arpege,3,-2.7,-8.4,0,
2026-02-03,ecmwf,1,-2.6,-5,0,49.7
2026-02-03,ecmwf,2,-2.8,-5.6,0,47.7
2026-02-03,ecmwf,3,-3.2,-7.3,0,49.2
2026-02-03,ecmwf,4,-3.2,-5.8,0,46.4
2026-02-03,ecmwf,5,-2.3,-5.5,0,51.3
2026-02-03,ecmwf,6,-1.9,-3.7,0.9,40.3
2026-02-03,ecmwf,7,0.7,-2.8,0,41.2
2026-02-03,gem,1,-3.9,-6.9,0,52.6
2026-02-03,gem,2,-3.5,-7,0,54.7
2026-02-03,gem,3,-3.2,-6.8,2.4,50.4
2026-02-03,gem,4,-0.7,-6.4,5.4,56.2
2026-02-03,gem,5,-1.1,-4.8,8.7,50
2026-02-03,gem,6,-0.1,-3.4,0.3,45.7
2026-02-03,gem,7,3.1,-7.8,0.9,49.7
2026-02-03,gfs,1,-3.2,-7,0,43.2
2026-02-03,gfs,2,-3.3,-7.3,0,43.2
2026-02-03,gfs,3,-3,-6.9,0.4,42.7
2026-02-03,gfs,4,-2.5,-7.1,0,43.8
2026-02-03,gfs,5,-1,-4.4,0.1,41.4
2026-02-03,gfs,6,2.2,-1.9,0.7,42.2
2026-02-03,gfs,7,-0.7,-6.5,0.1,40.8
2026-02-03,icon,1,-3.8,-7.9,0,39.6
2026-02-03,icon,2,-3.3,-7.5,0,35.3
2026-02-03,icon,3,-4.1,-6.7,0,36
2026-02-03,icon,4,-3.7,-6.3,0,37.8
2026-02-03,icon,5,-3.1,-4.9,0,54.4
2026-02-03,icon,6,0.6,-3.7,1.8,49
2026-02-03,ukmo,1,-2.4,-5.9,0,37.8
2026-02-03,ukmo,2,-1.4,-5.7,0,47.5
2026-02-03,ukmo,3,-1.8,-6.5,0,45.4
2026-02-03,ukmo,4,-0.2,-6.9,2.1,47.2
2026-02-03,ukmo,5,-2.2,-6,0,52.2
2026-02-03,ukmo,6,-1.5,-6.5,0,52.2
2026-02-04,arpege,1,-2.4,-5.9,1.4,
2026-02-04,arpege,2,-2.7,-5.2,3.6,
2026-02-04,arpege,3,-2.1,-5.7,1.8,
2026-02-04,ecmwf,1,-1.8,-4,1.8,48.7
2026-02-04,ecmwf,2,-2,-4,2.4,47.4
2026-02-04,ecmwf,3,-1.7,-5.4,1.2,48.3
2026-02-04,ecmwf,4,-1.8,-4.1,6.6,45.6
2026-02-04,ecmwf,5,-1.7,-4.1,2.7,46.9
2026-02-04,ecmwf,6,-1.6,-3.7,1.5,43.7
2026-02-04,ecmwf,7,0,-1.2,0,46.3
2026-02-04,gem,1,-3.2,-5.6,1.5,50
2026-02-04,gem,2,-4.2,-6.6,0.9,53.6
2026-02-04,gem,3,-3.6,-4.6,5.4,52.9
2026-02-04,gem,4,3,-2.8,6,51.1
2026-02-04,gem,5,2,-2.1,1.5,45
2026-02-04,gem,6,0.1,-1.5,0,34.2
2026-02-04,gem,7,3.5,1.2,4.5,37.8
2026-02-04,gfs,1,-2.8,-5.3,4,38.9
2026-02-04,gfs,2,-2.4,-5.4,2.8,38.9
2026-02-04,gfs,3,-2.6,-5.4,9.9,41.4
2026-02-04,gfs,4,-0.8,-4.4,4.6,38.5
2026-02-04,gfs,5,-0.6,-4.4,2.2,33
2026-02-04,gfs,6,3.6,-0.6,0,23.4
2026-02-04,gfs,7,2.8,-2.2,0.4,34.8
2026-02-04,icon,1,-3.2,-5.9,0,36.1
2026-02-04,icon,2,-2.7,-5.3,1.3,37.2
2026-02-04,icon,3,-3.2,-5,3.7,33
2026-02-04,icon,4,-3.4,-5.3,2.7,34
2026-02-04,icon,5,-2.1,-3.9,2.4,44
2026-02-04,icon,6,-0.6,-3.7,0,44.7
2026-02-04,ukmo,1,-2.6,-4.7,0.5,35.6
2026-02-04,ukmo,2,-2.1,-4.7,2.5,46.1
2026-02-04,ukmo,3,-2,-4.3,1.6,45.4
2026-02-04,ukmo,4,0.3,-3.4,1.1,42.8
2026-02-04,ukmo,5,1.8,-5.1,0.2,45.4
2026-02-04,ukmo,6,-1.6,-5,0,43.9
2026-02-05,arpege,1,0.6,-3.9,1.4,
2026-02-05,arpege,2,0.2,-2.5,1.2,
2026-02-05,arpege,3,0.5,-2.9,1.1,
2026-02-05,ecmwf,1,-0.4,-1.8,1.2,44.8
2026-02-05,ecmwf,2,0.5,-2.2,0.6,40.8
2026-02-05,ecmwf,3,-0.2,-2.2,6,40.6
2026-02-05,ecmwf,4,0.2,-2.8,2.1,39.3
2026-02-05,ecmwf,5,-0.1,-2.4,0.3,38.5
2026-02-05,ecmwf,6,-1.5,-2.6,5.7,41.4
2026-02-05,ecmwf,7,-0.8,-2.5,1.8,41.4
2026-02-05,gem,1,-1,-3.1,0.3,43.2
2026-02-05,gem,2,-0.8,-4,0.6,43.9
2026-02-05,gem,3,-1.8,-4.6,8.7,43.9
2026-02-05,gem,4,0.7,-2.8,1.2,48.2
2026-02-05,gem,5,0.6,-2.2,0.6,36.4
2026-02-05,gem,6,0.2,-2.6,10.8,46.1
2026-02-05,gem,7,1,-1.1,11.7,32.8
2026-02-05,gfs,1,-0.3,-2.8,1.9,35.8
2026-02-05,gfs,2,0.1,-3.9,1.8,33.9
2026-02-05,gfs,3,0.1,-3.3,3.7,31.7
2026-02-05,gfs,4,-0.1,-3.7,0.1,42.2
2026-02-05,gfs,5,0.6,-3.4,0.5,38.2
2026-02-05,gfs,6,0.4,-4.9,0,36
2026-02-05,gfs,7,1.8,-1.9,1,27.1
2026-02-05,icon,1,-0.7,-3.3,0.9,30.2
2026-02-05,icon,2,0.4,-2.9,0.3,29.9
2026-02-05,icon,3,-0.6,-3.3,1.8,28.2
2026-02-05,icon,4,-0.3,-4.3,5.7,24.4
2026-02-05,icon,5,-0.9,-2.9,0.4,36
2026-02-05,icon,6,-0.2,-2.6,0,31.2
2026-02-05,ukmo,1,-0.7,-3.7,1,33.5
2026-02-05,ukmo,2,0.2,-3,0.4,43.2
2026-02-05,ukmo,3,0.2,-2.5,0.9,41.8
2026-02-05,ukmo,4,-0.2,-2.9,3.4,47.5
2026-02-05,ukmo,5,-0.1,-2.8,0,42.5
2026-02-05,ukmo,6,1.2,-3.8,4.3,40.7
2026-02-06,arpege,1,0.9,-2.4,0,
2026-02-06,arpege,2,1.4,-2.1,0,
2026-02-06,arpege,3,2.2,-2.4,0.4,
2026-02-06,ecmwf,1,1.5,-0.7,0,31
2026-02-06,ecmwf,2,2.2,-0.3,0,30.6
2026-02-06,ecmwf,3,1.8,-0.5,0,28.9
2026-02-06,ecmwf,4,1.7,-0.7,0.9,33.8
2026-02-06,ecmwf,5,1.3,-1.7,1.2,36.3
2026-02-06,ecmwf,6,0,-1.1,3.6,40.1
2026-02-06,ecmwf,7,-0.4,-2.3,1.2,42.6
2026-02-06,gem,1,1.5,-0.9,0.3,32.4
2026-02-06,gem,2,1.6,-0.7,0.3,30.2
2026-02-06,gem,3,2,-1.9,1.5,36
2026-02-06,gem,4,0.4,-2,0.9,42.1
2026-02-06,gem,5,0.8,-0.4,2.1,37.1
2026-02-06,gem,6,0.9,-3,0,35.3
2026-02-06,gem,7,1.1,-2.2,1.8,41.4
2026-02-06,gfs,1,1.3,-1.1,0.2,22.3
2026-02-06,gfs,2,1.5,-0.4,0.2,26.6
2026-02-06,gfs,3,1.6,-1.7,0.2,19.5
2026-02-06,gfs,4,0.9,-3.3,1.6,34.3
2026-02-06,gfs,5,1.5,-0.6,0.9,34.9
2026-02-06,gfs,6,1.7,-2.4,2.7,38.4
2026-02-06,gfs,7,1.3,-2.8,0.4,32.8
2026-02-06,icon,1,0.4,-2,0,21.2
2026-02-06,icon,2,0.8,-1.5,0,20.1
2026-02-06,icon,3,0.8,-1.8,0.2,21.6
2026-02-06,icon,4,0.6,-1.9,2.8,23.2
2026-02-06,icon,5,0.7,-1.5,1,32.9
2026-02-06,icon,6,0.6,-1.6,1.5,29.5
2026-02-06,ukmo,1,0.4,-1.5,0,24.5
2026-02-06,ukmo,2,1.4,-0.6,0,30.2
2026-02-06,ukmo,3,1.6,-0.5,0,37.1
2026-02-06,ukmo,4,1.2,-1.7,0.1,28.8
2026-02-06,ukmo,5,1,-1.7,2.7,38.2
2026-02-06,ukmo,6,1.3,-1.3,6.4,36.4
2026-02-07,arpege,1,2.2,0.4,1.7,
2026-02-07,arpege,2,0.9,0,5.5,
2026-02-07,arpege,3,1.3,0,6.8,
2026-02-07,ecmwf,1,1.7,1.2,1.5,27.4
2026-02-07,ecmwf,2,1.6,1.1,0.9,29.5
2026-02-07,ecmwf,3,1.9,1.4,1.2,29.8
2026-02-07,ecmwf,4,1.9,1.5,2.1,28.6
2026-02-07,ecmwf,5,1.5,0.9,0.6,36.4
2026-02-07,ecmwf,6,0.6,-0.3,2.7,36.2
2026-02-07,ecmwf,7,-0.4,-1,0,37.8
2026-02-07,gem,1,1.3,0.7,1.2,28.4
2026-02-07,gem,2,1.3,0.7,1.8,31.3
2026-02-07,gem,3,1.2,0.6,3.3,36
2026-02-07,gem,4,1.4,0.2,0.6,38.5
2026-02-07,gem,5,0.6,-0.3,1.2,40.7
2026-02-07,gem,6,2.2,0.5,1.5,38.5
2026-02-07,gem,7,0.9,-3.7,0.9,26.3
2026-02-07,gfs,1,1.4,0.8,4.3,23.5
2026-02-07,gfs,2,1.3,0.7,2.5,24.5
2026-02-07,gfs,3,2.2,0.3,5.8,27.4
2026-02-07,gfs,4,3.2,0.8,2.3,20.7
2026-02-07,gfs,5,1.6,0,0.7,27.3
2026-02-07,gfs,6,2.6,-1.6,0.4,25
2026-02-07,gfs,7,2.7,-1.9,0.4,28.9
2026-02-07,icon,1,1.1,0.3,5.3,20.2
2026-02-07,icon,2,1.2,0.6,2.5,19.5
2026-02-07,icon,3,1.6,0.5,0.5,21.5
2026-02-07,icon,4,1.5,0.3,2,20.9
2026-02-07,icon,5,1.2,0.2,3.5,28.5
2026-02-07,icon,6,2,0,4.2,30.8
2026-02-07,ukmo,1,1,0.2,2.5,22.3
2026-02-07,ukmo,2,1.5,0.6,2,31.3
2026-02-07,ukmo,3,1.3,0.5,0,36.4
2026-02-07,ukmo,4,1.7,0.5,0.6,33.5
2026-02-07,ukmo,5,1.8,0.9,3.5,31
2026-02-07,ukmo,6,1.4,-1.3,5.2,46.1
2026-02-08,arpege,1,1.8,-0.7,0.6,
2026-02-08,arpege,2,1.7,-0.5,0.7,
2026-02-08,arpege,3,1.7,-0.4,0,
2026-02-08,ecmwf,1,1.7,0.9,0,31
2026-02-08,ecmwf,2,1.5,0.9,0.9,31.8
2026-02-08,ecmwf,3,1.5,0.4,0.3,29.5
2026-02-08,ecmwf,4,1.8,0.9,0.3,31.1
2026-02-08,ecmwf,5,1.6,0.8,0.3,36.7
2026-02-08,ecmwf,6,0.3,-1.8,0,36.4
2026-02-08,ecmwf,7,1.1,-1.3,0,44.3
2026-02-08,gem,1,0.7,-0.4,0,32.8
2026-02-08,gem,2,1,-0.4,0.6,32
2026-02-08,gem,3,0.5,-1.3,1.2,35.6
2026-02-08,gem,4,0.4,-3.3,0.3,41.8
2026-02-08,gem,5,-0.5,-3.7,0,44.6
2026-02-08,gem,6,1.4,-4.5,0,43.6
2026-02-08,gem,7,3.3,0.2,3,34.9
2026-02-08,gfs,1,1.2,0.1,1.5,26.9
2026-02-08,gfs,2,1.3,-0.1,0.2,26.2
2026-02-08,gfs,3,1.2,-0.5,0,31.9
2026-02-08,gfs,4,2,-2.6,0.3,32.5
2026-02-08,gfs,5,1.3,0,0.3,31.3
2026-02-08,gfs,6,1,-1.8,0.5,29.3
2026-02-08,gfs,7,3.5,-0.9,0.6,18.4
2026-02-08,icon,1,1.5,0,0,23.4
2026-02-08,icon,2,1.4,0.1,0,22
2026-02-08,icon,3,1,0.3,0,25.2
2026-02-08,icon,4,1.9,0.3,0.7,22.4
2026-02-08,icon,5,1.6,0.6,1.2,28.6
2026-02-08,icon,6,1.6,0.4,0.4,34.7
2026-02-08,ukmo,1,1.1,-0.4,0.1,26.3
2026-02-08,ukmo,2,1.4,0.3,0.1,31
2026-02-08,ukmo,3,1.3,0.2,0,32
2026-02-08,ukmo,4,1.2,-0.7,0.8,37.4
2026-02-08,ukmo,5,1.4,-0.8,0.9,43.2
2026-02-08,ukmo,6,2.2,-0.2,5.3,47.9
2026-02-09,arpege,1,0.1,-1.9,0.7,
2026-02-09,arpege,2,1.4,-1,0,
2026-02-09,arpege,3,0.3,-1.1,0.1,
2026-02-09,ecmwf,1,1.6,0.3,0,26.9
2026-02-09,ecmwf,2,1.7,0.1,0,26.2
2026-02-09,ecmwf,3,1.1,-0.3,0,28.3
2026-02-09,ecmwf,4,1.6,0,0.3,27.1
2026-02-09,ecmwf,5,1.1,0,0,28.3
2026-02-09,ecmwf,6,1.5,-1.6,0.9,34.9
2026-02-09,ecmwf,7,-1.1,-3.9,0,41.6
2026-02-09,gem,1,1.2,-0.5,0,26.6
2026-02-09,gem,2,1.1,-0.8,0,28.8
2026-02-09,gem,3,-0.2,-1.1,0,29.2
2026-02-09,gem,4,-1.2,-3.6,0,38.5
2026-02-09,gem,5,-3.2,-7.1,0,39.2
2026-02-09,gem,6,-4.8,-9.6,0,45
2026-02-09,gem,7,0.3,-8.5,0,47.2
2026-02-09,gfs,1,1.3,-0.3,0,22
2026-02-09,gfs,2,1.1,-0.4,0,22.7
2026-02-09,gfs,3,0.7,-0.6,0,23.7
2026-02-09,gfs,4,-1.1,-4.5,0,27.9
2026-02-09,gfs,5,0.6,-4.5,0,24.7
2026-02-09,gfs,6,2,-3.4,0,28.7
2026-02-09,gfs,7,1.8,-6.3,0,30.6
2026-02-09,icon,1,1.5,-0.3,0,16.6
2026-02-09,icon,2,0.7,-0.4,0,20.4
2026-02-09,icon,3,0.6,-0.5,0,18.6
2026-02-09,icon,4,1.1,-0.8,0,22.5
2026-02-09,icon,5,2.4,0,0,24.7
2026-02-09,icon,6,1.3,0.6,0,32.8
2026-02-09,ukmo,1,1,-0.8,0,22.3
2026-02-09,ukmo,2,1,-0.4,0,25.9
2026-02-09,ukmo,3,1,-0.5,0,25.6
2026-02-09,ukmo,4,1.3,-0.9,0,29.9
2026-02-09,ukmo,5,-0.2,-3.7,0,38.9
2026-02-09,ukmo,6,2.3,-0.9,0.6,33.8
2026-02-10,arpege,1,1.3,-2.1,0.7,
2026-02-10,arpege,2,1.6,-0.7,4.2,
2026-02-10,arpege,3,1.1,-0.4,0.8,
2026-02-10,ecmwf,1,2.5,1,0.3,27.8
2026-02-10,ecmwf,2,2.3,0.7,2.7,29.5
2026-02-10,ecmwf,3,2.1,0.2,0,29.1
2026-02-10,ecmwf,4,1.4,0.1,0,27.1
2026-02-10,ecmwf,5,2.4,0.1,0.3,30.6
2026-02-10,ecmwf,6,0.8,-2,0,32.4
2026-02-10,ecmwf,7,1.7,-2.7,0,35.8
2026-02-10,gem,1,2,0.6,0.6,25.9
2026-02-10,gem,2,1.7,0.3,0.3,27.7
2026-02-10,gem,3,1.5,-0.5,0,31
2026-02-10,gem,4,0,-2.3,0,32.4
2026-02-10,gem,5,-0.1,-3.4,0,37.4
2026-02-10,gem,6,-1.3,-5.9,0.6,41.4
2026-02-10,gem,7,-5.2,-8.5,0.3,44.3
2026-02-10,gfs,1,2.6,-0.3,0.6,19.4
2026-02-10,gfs,2,2.8,0.1,0,22.8
2026-02-10,gfs,3,3.3,0.1,0,25.1
2026-02-10,gfs,4,2.8,-1.4,0,24.8
2026-02-10,gfs,5,-0.8,-6.4,0,21.7
2026-02-10,gfs,6,1.4,-5,0,18.8
2026-02-10,gfs,7,2.3,-2.4,0,20.9
2026-02-10,icon,1,2,0.2,0,18.7
2026-02-10,icon,2,2.1,0.4,0,18.9
2026-02-10,icon,3,1.9,0,0,22.4
2026-02-10,icon,4,0.8,-0.5,0,21.9
2026-02-10,icon,5,1.5,-1,0,26.3
2026-02-10,icon,6,2,-0.8,0,29.9
2026-02-10,ukmo,1,2.2,0,0.7,24.5
2026-02-10,ukmo,2,1.9,0.5,0.3,23.8
2026-02-10,ukmo,3,1.5,0.2,0.3,24.5
2026-02-10,ukmo,4,1.5,-0.1,0.3,27.7
2026-02-10,ukmo,5,1.6,-1,0,33.8
2026-02-10,ukmo,6,2.2,-2.4,0,30.2
2026-02-11,arpege,1,1.9,0.5,3.9,
2026-02-11,arpege,2,1.9,0.7,2.5,
2026-02-11,arpege,3,3.3,1,4.5,
2026-02-11,ecmwf,1,2,1.1,4.8,29
2026-02-11,ecmwf,2,1.9,1.2,5.4,28.9
2026-02-11,ecmwf,3,2.3,0.9,4.2,30.5
2026-02-11,ecmwf,4,4.3,-0.2,4.8,30.1
2026-02-11,ecmwf,5,1.1,-0.1,5.4,36
2026-02-11,ecmwf,6,1.1,-1,5.7,31.8
2026-02-11,ecmwf,7,0.4,-2.6,0,42.9
2026-02-11,gem,1,2,1,5.1,34.9
2026-02-11,gem,2,2.2,1.6,0.9,29.2
2026-02-11,gem,3,3,1.6,6.6,29.9
2026-02-11,gem,4,3.4,-0.4,9.6,34.2
2026-02-11,gem,5,1.1,-1.8,1.5,49.3
2026-02-11,gem,6,1.7,-2.2,13.5,50
2026-02-11,gem,7,0.4,-4.8,9,45.4
2026-02-11,gfs,1,1.6,0.9,3.2,23.5
2026-02-11,gfs,2,3.2,1.2,0.2,20.3
2026-02-11,gfs,3,4.2,0.8,3.1,24.3
2026-02-11,gfs,4,5.1,-0.1,3.2,28.6
2026-02-11,gfs,5,4.9,-2,1.9,31.7
2026-02-11,gfs,6,1.3,-5.5,1.1,34.6
2026-02-11,gfs,7,0.7,-3.2,0,27.8
2026-02-11,icon,1,1.4,0.6,1.7,22.9
2026-02-11,icon,2,1.5,0.8,2.1,21.2
2026-02-11,icon,3,3.2,0.3,1.5,20.8
2026-02-11,icon,4,1.5,-0.1,4.2,27.2
2026-02-11,icon,5,1.2,0,7.3,38.9
2026-02-11,icon,6,2,-0.5,1.5,36.9
2026-02-11,ukmo,1,1.3,0.6,1.4,26.6
2026-02-11,ukmo,2,1.3,0.5,0.3,32.4
2026-02-11,ukmo,3,1.6,0.9,1.2,27.7
2026-02-11,ukmo,4,1.6,0.5,0.5,37.1
2026-02-11,ukmo,5,1.9,0.1,7.2,39.6
2026-02-11,ukmo,6,1.2,-0.3,3.5,41.4
2026-02-12,arpege,1,1.6,-0.4,6.1,
2026-02-12,arpege,2,1.4,-0.1,6.2,
2026-02-12,arpege,3,3.7,0,10.2,
2026-02-12,ecmwf,1,1.2,0.7,5.4,33.9
2026-02-12,ecmwf,2,1.5,0.6,3.3,36.2
2026-02-12,ecmwf,3,2.4,0.5,4.8,35.6
2026-02-12,ecmwf,4,3.6,0.4,11.4,30.3
2026-02-12,ecmwf,5,3.8,1,3.3,34.4
2026-02-12,ecmwf,6,2.2,-0.1,1.8,40.2
2026-02-12,ecmwf,7,0.9,-2,0,38.9
2026-02-12,gem,1,1.3,0.5,8.7,34.9
2026-02-12,gem,2,1.4,0.1,6,43.9
2026-02-12,gem,3,3.1,1.5,6.3,24.1
2026-02-12,gem,4,4.1,2.7,21.9,31.3
2026-02-12,gem,5,3.2,1.1,17.1,31.7
2026-02-12,gem,6,1.8,-3.2,6.6,46.8
2026-02-12,gem,7,4.1,0.2,17.4,45
2026-02-12,gfs,1,1.4,0.1,11.8,29.3
2026-02-12,gfs,2,1.4,0.8,7.7,30.3
2026-02-12,gfs,3,5.4,1.3,3.1,25.7
2026-02-12,gfs,4,5.1,3.1,3.7,31.9
2026-02-12,gfs,5,5.4,3.4,2.4,28.5
2026-02-12,gfs,6,4.5,-2.1,2.4,30.2
2026-02-12,gfs,7,3.1,-2.7,1.7,35.3
2026-02-12,icon,1,1.4,-0.3,12.1,27.9
2026-02-12,icon,2,1.5,0.4,11.8,24.6
2026-02-12,icon,3,1.7,0.6,7.3,29.3
2026-02-12,icon,4,2,0.7,4.1,26.6
2026-02-12,icon,5,1.4,-0.4,1.2,40.2
2026-02-12,icon,6,1.4,-1.2,8.1,45
2026-02-12,ukmo,1,1.3,-0.2,8.3,37.1
2026-02-12,ukmo,2,0.9,0.1,8.1,40.3
2026-02-12,ukmo,3,1.2,0.1,12,33.8
2026-02-12,ukmo,4,1.7,0.5,4.9,32.4
2026-02-12,ukmo,5,1.8,0.6,2.6,22.3
2026-02-12,ukmo,6,2.1,-0.4,8.2,42.8
2026-02-13,arpege,1,0.2,-1.6,0.4,
2026-02-13,arpege,2,-0.3,-1.9,3.3,
2026-02-13,arpege,3,0.3,-2,6.1,
2026-02-13,ecmwf,1,0.6,-1.4,0.9,31.1
2026-02-13,ecmwf,2,0.6,-2.2,1.8,34.9
2026-02-13,ecmwf,3,0.3,-2,0,37.5
2026-02-13,ecmwf,4,1.5,-1.8,2.1,43.6
2026-02-13,ecmwf,5,2.3,-0.6,0,40.1
2026-02-13,ecmwf,6,3.2,2.2,0,37.8
2026-02-13,ecmwf,7,-0.1,-2.5,3.3,43.7
2026-02-13,gem,1,0.4,-2.4,0,35.6
2026-02-13,gem,2,0.1,-2.9,0,37.1
2026-02-13,gem,3,0.9,-1.1,1.2,38.5
2026-02-13,gem,4,2.6,-1,5.4,33.8
2026-02-13,gem,5,3.2,-1.3,12.3,40.7
2026-02-13,gem,6,0.7,-1.3,0.6,42.1
2026-02-13,gem,7,1.1,-5.6,0,34.6
2026-02-13,gfs,1,0.1,-2.4,0.3,28.4
2026-02-13,gfs,2,1.5,-2.4,0.9,27.7
2026-02-13,gfs,3,1.5,-1.2,4,29.2
2026-02-13,gfs,4,3.9,-0.9,4.3,26.9
2026-02-13,gfs,5,4.8,3.7,1.9,37.8
2026-02-13,gfs,6,5,3.5,0.1,31
2026-02-13,gfs,7,3.1,-0.7,0.2,33.1
2026-02-13,icon,1,-0.4,-2.4,0,28
2026-02-13,icon,2,3.1,-3.8,5.5,31.5
2026-02-13,icon,3,0.5,-2.5,3.9,25.9
2026-02-13,icon,4,1.4,-1.8,11.9,27.5
2026-02-13,icon,5,3.2,-1.2,3.3,41.9
2026-02-13,icon,6,-0.7,-2,0.1,44.2
2026-02-13,ukmo,1,-0.3,-1.8,0.3,34.9
2026-02-13,ukmo,2,-0.1,-1.8,2.3,39.2
2026-02-13,ukmo,3,0.1,-2.4,1.4,40
2026-02-13,ukmo,4,0.4,-1.1,4.9,32.8
2026-02-13,ukmo,5,1.2,-0.4,6.3,36.4
2026-02-13,ukmo,6,1.5,0.4,3.2,31.7
2026-02-14,arpege,1,-0.2,-3.8,0,
2026-02-14,arpege,2,0.2,-3.6,0.1,
2026-02-14,arpege,3,-1,-5.6,0,
2026-02-14,ecmwf,1,-0.8,-1.7,0,28
2026-02-14,ecmwf,2,-1.4,-2.2,0,24.5
2026-02-14,ecmwf,3,-1.1,-3.3,0,27.2
2026-02-14,ecmwf,4,-1.5,-2.7,0,30.3
2026-02-14,ecmwf,5,-1,-4.5,0,38.8
2026-02-14,ecmwf,6,3.2,-2.4,0,32.9
2026-02-14,ecmwf,7,2.8,-1.3,0.6,48.7
2026-02-14,gem,1,-1.2,-2.7,0,26.6
2026-02-14,gem,2,-1.7,-2.7,0,28.4
2026-02-14,gem,3,-1,-3.5,0,34.2
2026-02-14,gem,4,0.2,-2.4,1.5,32.4
2026-02-14,gem,5,1.3,-2.6,0.6,43.2
2026-02-14,gem,6,0.9,-4,3,40.7
2026-02-14,gem,7,1.5,-4.8,0.6,34.6
2026-02-14,gfs,1,-0.9,-3.8,0,22.2
2026-02-14,gfs,2,-1.6,-7.1,0,23.7
2026-02-14,gfs,3,-1.3,-5.1,0.6,30.9
2026-02-14,gfs,4,0.1,-3.3,1.7,34.3
2026-02-14,gfs,5,3.7,-4.1,0.8,31.4
2026-02-14,gfs,6,4.3,-0.1,0.2,34.3
2026-02-14,gfs,7,3.8,-0.8,0.2,35.3
2026-02-14,icon,1,-1,-3.1,0,19.1
2026-02-14,icon,2,-0.9,-4.1,0,19.4
2026-02-14,icon,3,-0.8,-3.5,0,25.8
2026-02-14,icon,4,-1.3,-3.3,6.6,40.5
2026-02-14,icon,5,-1.3,-3.3,4.5,49.9
2026-02-14,icon,6,-0.2,-2.1,0.7,51.3
2026-02-14,ukmo,1,-0.9,-3.9,0,28.4
2026-02-14,ukmo,2,-1,-2.3,0,27
2026-02-14,ukmo,3,-1.4,-3.1,0,24.1
2026-02-14,ukmo,4,-0.9,-3.5,2.7,40
2026-02-14,ukmo,5,0.1,-1.9,0.3,38.9
2026-02-14,ukmo,6,0.2,-4.1,0,37.4
2026-02-15,arpege,1,-0.7,-4,0,
2026-02-15,arpege,2,0.4,-5,0,
2026-02-15,arpege,3,0.5,-5.7,0.2,
2026-02-15,ecmwf,1,-0.6,-2.2,0,41.4
2026-02-15,ecmwf,2,-0.7,-2.6,0,42
2026-02-15,ecmwf,3,0.1,-2.4,0.3,38.7
2026-02-15,ecmwf,4,1.5,-1.4,1.8,36.7
2026-02-15,ecmwf,5,0.4,-3.8,0,39.7
2026-02-15,ecmwf,6,0.9,-1.2,0.6,42.7
2026-02-15,ecmwf,7,2.7,0.6,0.3,43.5
2026-02-15,gem,1,-1.7,-3.1,0,47.9
2026-02-15,gem,2,-0.7,-3.1,0,46.4
2026-02-15,gem,3,-0.5,-3.4,1.2,46.8
2026-02-15,gem,4,-1.5,-4.5,0.3,48.2
2026-02-15,gem,5,0.4,-4.4,0,45.4
2026-02-15,gem,6,2.5,-0.2,0.9,47.5
2026-02-15,gem,7,1.8,-2.4,0.3,18.7
2026-02-15,gfs,1,-0.3,-3.3,0,37
2026-02-15,gfs,2,-0.4,-7.5,0,38.9
2026-02-15,gfs,3,-1,-5.3,0,35.3
2026-02-15,gfs,4,0.2,-4.8,0,28.2
2026-02-15,gfs,5,0.2,-4.9,0,28.6
2026-02-15,gfs,6,1.6,-9.5,0,23.3
2026-02-15,gfs,7,3.1,-0.8,0.4,47.7
2026-02-15,icon,1,-0.9,-3.2,0,32.1
2026-02-15,icon,2,-1,-2.9,0,32.4
2026-02-15,icon,3,-0.6,-2.7,0,34.2
2026-02-15,icon,4,1.3,-3.5,1.7,31.7
2026-02-15,icon,5,-0.5,-6.1,3.3,50.8
2026-02-15,icon,6,0.8,-4.7,4.6,27.8
2026-02-15,ukmo,1,-0.5,-2.8,0,38.2
2026-02-15,ukmo,2,-1.5,-2.9,0,48.2
2026-02-15,ukmo,3,-1.1,-2.9,0,48.2
2026-02-15,ukmo,4,-0.7,-3.1,0,46.1
2026-02-15,ukmo,5,0.8,-2.3,0,38.9
2026-02-15,ukmo,6,2,-3.7,0,33.8
2026-02-16,arpege,1,-1.5,-3.8,6.9,
2026-02-16,arpege,2,-1.2,-2.8,7.2,
2026-02-16,arpege,3,1.6,-2.3,3.9,
2026-02-16,ecmwf,1,-0.8,-2.2,4.5,42.1
2026-02-16,ecmwf,2,-0.4,-2.6,1.2,41.8
2026-02-16,ecmwf,3,2.5,-3.5,2.7,37.8
2026-02-16,ecmwf,4,0.8,-1.1,0.9,36.8
2026-02-16,ecmwf,5,1.3,-0.5,2.7,39.2
2026-02-16,ecmwf,6,3.8,-0.1,12.3,61.7
2026-02-16,ecmwf,7,2.7,0.7,10.2,44.6
2026-02-16,gem,1,-1.3,-4.6,3,49
2026-02-16,gem,2,3.4,-3.4,8.4,49.3
2026-02-16,gem,3,0.6,-1.5,3.6,45.4
2026-02-16,gem,4,2.8,-1.8,0.6,46.1
2026-02-16,gem,5,1.9,-4.4,2.7,41.8
2026-02-16,gem,6,0.9,-4.1,7.2,43.6
2026-02-16,gem,7,3.5,-0.8,0.9,34.6
2026-02-16,gfs,1,-0.8,-3,5.3,37.5
2026-02-16,gfs,2,1.3,-3.5,5.2,39.6
2026-02-16,gfs,3,0.5,-1.8,5.7,37.2
2026-02-16,gfs,4,2.6,-2,7.9,38.2
2026-02-16,gfs,5,2.1,-3.9,1,32.5
2026-02-16,gfs,6,2.9,-8.5,4,44.7
2026-02-16,gfs,7,1.8,-2.9,0.1,42.1
2026-02-16,icon,1,-0.3,-3.2,3.7,33.4
2026-02-16,icon,2,0.3,-3.3,7.4,32.7
2026-02-16,icon,3,0.2,-2.5,8.2,32.3
2026-02-16,icon,4,2.6,-1.8,7.8,31.6
2026-02-16,icon,5,2,-0.9,10.3,48.5
2026-02-16,icon,6,3.3,-6,0.8,34.4
2026-02-16,ukmo,1,-0.9,-3.4,6.3,36.4
2026-02-16,ukmo,2,0.3,-3,4.8,50
2026-02-16,ukmo,3,-0.9,-2.6,2.8,44.6
2026-02-16,ukmo,4,-1.5,-3.4,1.2,46.4
2026-02-16,ukmo,5,1.1,-2.2,7.4,55.1
2026-02-16,ukmo,6,1.6,-3.1,6.3,44.6
2026-02-17,arpege,1,0.9,-2.6,1.4,
2026-02-17,arpege,2,3,-1.8,3.3,
2026-02-17,arpege,3,2.6,-2,3.2,
2026-02-17,ecmwf,1,1.1,-1.7,0.6,27.8
2026-02-17,ecmwf,2,0,-2.2,3.9,30.4
2026-02-17,ecmwf,3,0.9,-3.3,6,36.8
2026-02-17,ecmwf,4,-0.2,-3.3,1.2,44.3
2026-02-17,ecmwf,5,2.9,-1.2,0.9,37.2
2026-02-17,ecmwf,6,2.5,0.7,1.8,42.1
2026-02-17,ecmwf,7,3.1,1.3,1.2,39.6
2026-02-17,gem,1,0.5,-2.2,0.9,32.4
2026-02-17,gem,2,2.5,-4.2,1.8,42.1
2026-02-17,gem,3,0.7,-2.4,0,50
2026-02-17,gem,4,3,-1.9,1.8,40.3
2026-02-17,gem,5,2.5,-4.3,0,43.9
2026-02-17,gem,6,3.2,-5,0.9,33.5
2026-02-17,gem,7,2.9,-0.3,13.5,57.6
2026-02-17,gfs,1,2.5,-1.6,3.2,23.2
2026-02-17,gfs,2,3.2,-3.4,0.4,29
2026-02-17,gfs,3,3.1,-0.5,0.3,40.1
2026-02-17,gfs,4,2.2,-0.9,0.6,34.3
2026-02-17,gfs,5,1.1,-1.5,0.4,31.4
2026-02-17,gfs,6,4.1,-2,0.9,31.9
2026-02-17,gfs,7,4.3,-0.9,1.2,35.2
2026-02-17,icon,1,0.1,-3.1,2.8,22.3
2026-02-17,icon,2,3.2,-2,2.3,30.7
2026-02-17,icon,3,2.5,-1.8,0.5,36.2
2026-02-17,icon,4,2.1,-2.3,0.9,28.8
2026-02-17,icon,5,2.2,-2.5,0.3,28.6
2026-02-17,icon,6,3.3,0.6,5.5,31.1
2026-02-17,ukmo,1,-0.2,-2.2,2.8,25.6
2026-02-17,ukmo,2,-0.2,-2.2,3,40.7
2026-02-17,ukmo,3,0.5,-2.2,0.1,39.6
2026-02-17,ukmo,4,-0.4,-2.8,0.4,31.3
2026-02-17,ukmo,5,0,-2.4,0.1,31.3
2026-02-17,ukmo,6,3.3,-1.1,3.5,39.6
2026-02-18,arpege,1,-0.2,-4,0.2,
2026-02-18,arpege,2,2.2,-4.1,0.3,
2026-02-18,arpege,3,2,-2.6,1.6,
2026-02-18,ecmwf,1,-0.8,-1.8,0,24.8
2026-02-18,ecmwf,2,-0.8,-2.1,0.6,28.9
2026-02-18,ecmwf,3,-1,-2.4,3.3,35.3
2026-02-18,ecmwf,4,0.9,-2.6,0,30.6
2026-02-18,ecmwf,5,0.6,-1.2,0,30.2
2026-02-18,ecmwf,6,2.7,0.9,1.5,44.8
2026-02-18,ecmwf,7,2.3,-0.3,7.8,42.5
2026-02-18,gem,1,-1.3,-3.3,0.3,29.2
2026-02-18,gem,2,-1.6,-3.8,0,40.3
2026-02-18,gem,3,1.5,-3.3,0.3,43.9
2026-02-18,gem,4,2.1,-2,0,23.8
2026-02-18,gem,5,2.1,-1.5,0.6,28.4
2026-02-18,gem,6,2.5,-7.1,0,33.1
2026-02-18,gem,7,0.5,-3.8,0.9,36
2026-02-18,gfs,1,-1.1,-5.8,0,21.5
2026-02-18,gfs,2,0,-4,0,23.6
2026-02-18,gfs,3,2.2,-3.7,1.4,29.3
2026-02-18,gfs,4,3.4,-1.3,1.8,50.8
2026-02-18,gfs,5,2.5,-1.4,0.2,24.7
2026-02-18,gfs,6,2.5,-2.8,0,24.8
2026-02-18,gfs,7,4.7,-1.3,1.2,38.2
2026-02-18,icon,1,-0.3,-4.7,0,22.2
2026-02-18,icon,2,1.6,-4.8,0.1,28.8
2026-02-18,icon,3,2.4,-2.1,0,22.7
2026-02-18,icon,4,2.8,-0.9,0.4,24.6
2026-02-18,icon,5,2.2,-1.3,9.4,40.3
2026-02-18,icon,6,1.7,-0.7,0,36.2
2026-02-18,ukmo,1,-1.1,-2.6,0,26.6
2026-02-18,ukmo,2,0.7,-2.1,0,27
2026-02-18,ukmo,3,1.2,-1.9,0,34.9
2026-02-18,ukmo,4,0.6,-2.8,0,31.7
2026-02-18,ukmo,5,0,-2.6,0,29.2
2026-02-18,ukmo,6,1.6,-2.3,0.3,30.2
2026-02-19,arpege,1,0.5,-7.1,0,
2026-02-19,arpege,2,0.2,-5.2,0,
2026-02-19,arpege,3,0.8,-4.1,0,
2026-02-19,ecmwf,1,-0.6,-4.2,0,33.9
2026-02-19,ecmwf,2,-0.5,-3.7,0,29.9
2026-02-19,ecmwf,3,-1.3,-3.9,0,35.4
2026-02-19,ecmwf,4,-1.2,-3.6,0,33
2026-02-19,ecmwf,5,-0.7,-5.1,0,38.3
2026-02-19,ecmwf,6,3.2,-0.2,8.4,38.5
2026-02-19,ecmwf,7,4.6,-0.7,7.8,33.9
2026-02-19,gem,1,-1.6,-5.2,0,35.6
2026-02-19,gem,2,-1.3,-5.9,0,39.2
2026-02-19,gem,3,-2.5,-4.8,0,35.6
2026-02-19,gem,4,0.2,-6.2,0,34.6
2026-02-19,gem,5,0.2,-3.2,0,40.3
2026-02-19,gem,6,1.6,-1,4.8,45
2026-02-19,gem,7,2.2,-3.1,1.8,47.9
2026-02-19,gfs,1,-1.1,-5.9,0,28.9
2026-02-19,gfs,2,-0.6,-7.1,0,30.4
2026-02-19,gfs,3,-1.9,-6.5,0,23.6
2026-02-19,gfs,4,-1.6,-4.6,0,20.3
2026-02-19,gfs,5,1.4,-3.3,0,25.9
2026-02-19,gfs,6,3.8,-4.3,2.2,36.5
2026-02-19,gfs,7,2.7,-0.7,1.6,35.9
2026-02-19,icon,1,0.2,-5.2,0,26.7
2026-02-19,icon,2,0.8,-2.8,0,26.5
2026-02-19,icon,3,-1.2,-4.1,0,19.1
2026-02-19,icon,4,-0.7,-3.4,0,17.7
2026-02-19,icon,5,2.6,-2.1,0.6,33.7
2026-02-19,icon,6,2.5,-3.7,0.9,39.9
2026-02-19,ukmo,1,-1.3,-6.7,0,29.5
2026-02-19,ukmo,2,0.2,-2.5,0,36
2026-02-19,ukmo,3,0.7,-3,0,28.1
2026-02-19,ukmo,4,0.3,-5.3,0,24.5
2026-02-19,ukmo,5,2,-3.4,0,36.7
2026-02-19,ukmo,6,1.6,-2.7,5,54.4
2026-02-20,arpege,1,2.5,-3.5,1.9,
2026-02-20,arpege,2,2.7,-3.3,3.9,
2026-02-20,arpege,3,2.8,-4,3.2,
2026-02-20,ecmwf,1,2.2,-2.2,1.8,37.9
2026-02-20,ecmwf,2,2.1,-2.4,1.8,38.5
2026-02-20,ecmwf,3,2.6,-3,2.1,39.4
2026-02-20,ecmwf,4,0.3,-4,0,41
2026-02-20,ecmwf,5,-0.5,-3.1,0,33.8
2026-02-20,ecmwf,6,1.8,-2.2,0,34.5
2026-02-20,ecmwf,7,4.5,0,9.6,47.1
2026-02-20,gem,1,2.7,-3.1,3,42.8
2026-02-20,gem,2,2.5,-3.3,1.8,44.6
2026-02-20,gem,3,2.4,-4,3.9,41
2026-02-20,gem,4,0.2,-5.9,0,40
2026-02-20,gem,5,-0.8,-8,0,28.8
2026-02-20,gem,6,1,-2.1,4.5,47.2
2026-02-20,gem,7,3.7,1.4,7.8,67.3
2026-02-20,gfs,1,2.6,-3.5,1.3,39.1
2026-02-20,gfs,2,2.9,-3.1,2.8,42.6
2026-02-20,gfs,3,2.4,-7.3,2.4,35.5
2026-02-20,gfs,4,1,-3.3,0,39
2026-02-20,gfs,5,2.5,-3.7,0,46.7
2026-02-20,gfs,6,3.1,-2.1,0,25.8
2026-02-20,gfs,7,4.5,-3.7,0.4,40.7
2026-02-20,icon,1,1.8,-4.3,1.1,32.2
2026-02-20,icon,2,2,-2.3,4,32.7
2026-02-20,icon,3,3.5,-4.4,2.9,36.6
2026-02-20,icon,4,1.8,-4,0,37.5
2026-02-20,icon,5,3,-1,0,37.5
2026-02-20,icon,6,2.9,-4,0.2,25.3
2026-02-20,ukmo,1,1.6,-4.1,3.5,41
2026-02-20,ukmo,2,1.5,-2.6,3.9,43.6
2026-02-20,ukmo,3,1.2,-2.7,3,40
2026-02-20,ukmo,4,1.1,-1.6,0,47.5
2026-02-20,ukmo,5,2,-0.1,0,42.5
2026-02-20,ukmo,6,2,-2.9,1.2,52.6
2026-02-21,arpege,1,3.5,2.6,8.1,
2026-02-21,arpege,2,3.6,1.9,2.8,
2026-02-21,arpege,3,4.2,2.7,5.1,
2026-02-21,ecmwf,1,3.9,2.4,6,38.7
2026-02-21,ecmwf,2,3.6,2.2,3.9,40.1
2026-02-21,ecmwf,3,4.3,2.7,6.9,49.7
2026-02-21,ecmwf,4,4.3,0.8,9,41
2026-02-21,ecmwf,5,3.8,-0.9,3.6,41.1
2026-02-21,ecmwf,6,3.7,1.8,5.7,40.3
2026-02-21,ecmwf,7,4.2,-2.4,6.3,44.5
2026-02-21,gem,1,4.2,2.9,4.8,41.8
2026-02-21,gem,2,4.1,2.2,4.5,43.2
2026-02-21,gem,3,3.9,2.1,5.4,38.5
2026-02-21,gem,4,3.8,0.8,4.2,42.5
2026-02-21,gem,5,3.5,-2.1,8.4,46.1
2026-02-21,gem,6,0.1,-4.1,0.6,51.1
2026-02-21,gem,7,2.7,-2.2,2.7,29.9
2026-02-21,gfs,1,4.9,2.7,5.9,41.9
2026-02-21,gfs,2,4.4,2.9,5.6,41.4
2026-02-21,gfs,3,5.5,2.8,4.4,56.9
2026-02-21,gfs,4,5.2,-0.3,7.8,45.2
2026-02-21,gfs,5,5.4,-0.1,4.2,49.1
2026-02-21,gfs,6,5.2,1.4,1,50.6
2026-02-21,gfs,7,5.9,0,2.5,44.9
2026-02-21,icon,1,4.4,1.6,6.1,29.9
2026-02-21,icon,2,4.5,2.3,2.6,30.3
2026-02-21,icon,3,5.8,3.2,12.6,45.2
2026-02-21,icon,4,5.3,1.1,6.6,44.1
2026-02-21,icon,5,4.1,1.2,9.9,44
2026-02-21,icon,6,4.3,2.1,1.1,47.9
2026-02-21,ukmo,1,3.4,1.8,4.2,40.7
2026-02-21,ukmo,2,3.2,1.7,3.7,41.4
2026-02-21,ukmo,3,3,1.4,3.7,44.3
2026-02-21,ukmo,4,3,-0.5,5.2,49.7
2026-02-21,ukmo,5,3,0.5,4.7,51.8
2026-02-21,ukmo,6,3,0.2,5.1,42.8
2026-02-22,arpege,1,4.2,2.7,7.3,
2026-02-22,arpege,2,4.1,1.7,7.7,
2026-02-22,arpege,3,4.1,2.9,8.7,
2026-02-22,ecmwf,1,4.3,3.2,6,39.1
2026-02-22,ecmwf,2,4.4,3.1,10.8,38.3
2026-02-22,ecmwf,3,4.2,3.1,7.8,41.3
2026-02-22,ecmwf,4,4.7,3.8,6.3,41.5
2026-02-22,ecmwf,5,4.8,3.2,0,43.3
2026-02-22,ecmwf,6,4.1,1.7,1.8,39.2
2026-02-22,ecmwf,7,4.3,3.8,12,36.5
2026-02-22,gem,1,4.5,3.1,12.3,37.4
2026-02-22,gem,2,4.7,2.4,13.8,40.7
2026-02-22,gem,3,4.7,2.3,11.4,38.9
2026-02-22,gem,4,4.5,2,10.8,38.5
2026-02-22,gem,5,4.6,1.8,4.5,43.9
2026-02-22,gem,6,3.3,1,1.8,51.5
2026-02-22,gem,7,3.1,-1.3,1.2,30.6
2026-02-22,gfs,1,5.6,3.5,13.9,36.4
2026-02-22,gfs,2,5.4,3.3,10.8,38.7
2026-02-22,gfs,3,5.6,3.5,5.4,32.9
2026-02-22,gfs,4,5.4,3.5,1.2,34.4
2026-02-22,gfs,5,6.2,4.6,4.2,41.9
2026-02-22,gfs,6,6.2,3.7,0.3,44.6
2026-02-22,gfs,7,6.1,4.8,2.4,42.5
2026-02-22,icon,1,4.2,2.4,8.7,27.9
2026-02-22,icon,2,5,3.2,10.2,27.1
2026-02-22,icon,3,5.8,2.3,13,39.1
2026-02-22,icon,4,6.1,3.1,2.7,37.1
2026-02-22,icon,5,4.9,3.6,3.8,41.5
2026-02-22,icon,6,4.9,2.5,5.1,44.8
2026-02-22,ukmo,1,3.9,1.7,2.6,33.5
2026-02-22,ukmo,2,3.7,2.8,6.9,38.2
2026-02-22,ukmo,3,4,2.3,6.3,42.8
2026-02-22,ukmo,4,3.6,2.3,2.7,36.7
2026-02-22,ukmo,5,3.5,2.1,2.9,36.4
2026-02-22,ukmo,6,3.2,0.3,3.1,32.4
2026-02-23,arpege,1,3.6,2.6,6.9,
2026-02-23,arpege,2,3.8,2.5,3.3,
2026-02-23,arpege,3,3.6,2.7,0.4,
2026-02-23,ecmwf,1,3.9,3.4,4.2,37.1
2026-02-23,ecmwf,2,4.3,3.5,3.6,37.4
2026-02-23,ecmwf,3,4.2,3.7,1.8,43.2
2026-02-23,ecmwf,4,4.4,3.4,7.5,41.2
2026-02-23,ecmwf,5,4.6,4,1.8,44.7
2026-02-23,ecmwf,6,4.9,2.3,6.6,42.4
2026-02-23,ecmwf,7,5.2,4,4.2,54.5
2026-02-23,gem,1,4.3,3.7,2.7,36.7
2026-02-23,gem,2,4.2,3.8,5.1,37.4
2026-02-23,gem,3,4.3,3.5,4.5,40.7
2026-02-23,gem,4,4.3,3.5,5.1,46.8
2026-02-23,gem,5,4,2.7,0.6,41.8
2026-02-23,gem,6,4.3,2.6,5.1,40
2026-02-23,gem,7,2.7,0.3,0,34.2
2026-02-23,gfs,1,5,3.6,3.5,34.1
2026-02-23,gfs,2,4.9,4,5.1,36.1
2026-02-23,gfs,3,5.3,4,4.6,37.2
2026-02-23,gfs,4,5.5,4,1,38.1
2026-02-23,gfs,5,6,4.4,0.9,47
2026-02-23,gfs,6,6.3,4.4,2.7,50.2
2026-02-23,gfs,7,6.2,3.7,0.5,55.1
2026-02-23,icon,1,4.6,3.3,4.2,31.1
2026-02-23,icon,2,4.7,3.9,2.3,27
2026-02-23,icon,3,4.5,3.4,4,29.7
2026-02-23,icon,4,4.8,3.2,4,29.2
2026-02-23,icon,5,4,3.1,1.2,32.4
2026-02-23,icon,6,5.6,3.9,6.9,53.4
2026-02-23,ukmo,1,3.7,3.2,1.9,34.6
2026-02-23,ukmo,2,3.9,3.1,4.1,37.4
2026-02-23,ukmo,3,3.7,3,6.2,40.7
2026-02-23,ukmo,4,3.4,2.9,2.6,39.2
2026-02-23,ukmo,5,3.2,1.8,6.9,33.5
2026-02-23,ukmo,6,4.1,2.4,14.1,49
2026-02-24,arpege,1,5.4,1.8,0.1,
2026-02-24,arpege,2,5.4,2,0,
2026-02-24,arpege,3,5.8,1.7,0.2,
2026-02-24,ecmwf,1,3.7,1.8,0,29.6
2026-02-24,ecmwf,2,4,1.9,0.3,28.4
2026-02-24,ecmwf,3,3.8,2.6,0.6,26.9
2026-02-24,ecmwf,4,3.7,3.4,2.1,31.4
2026-02-24,ecmwf,5,4.5,2.2,0.9,45.1
2026-02-24,ecmwf,6,5.5,3.2,4.8,41.5
2026-02-24,ecmwf,7,4.1,3.5,3.9,28.4
2026-02-24,gem,1,3.7,2.4,0,26.3
2026-02-24,gem,2,4.5,2.5,0.3,28.4
2026-02-24,gem,3,4.6,2.8,0.3,30.2
2026-02-24,gem,4,4.9,3.2,4.8,28.1
2026-02-24,gem,5,5.4,2.7,0.3,27
2026-02-24,gem,6,4.7,1.8,1.5,26.3
2026-02-24,gem,7,4,1.3,2.1,33.1
2026-02-24,gfs,1,6,3.3,0.3,25.3
2026-02-24,gfs,2,5.9,3.2,0,24.5
2026-02-24,gfs,3,5.4,3,0.5,31.7
2026-02-24,gfs,4,6.1,3.5,4.1,31.8
2026-02-24,gfs,5,5.7,3.5,1,31.9
2026-02-24,gfs,6,5.8,4.3,1.2,31.2
2026-02-24,gfs,7,7.5,3.5,0,49
2026-02-24,icon,1,4.2,1.8,0,15.7
2026-02-24,icon,2,4.4,2.4,0,16.5
2026-02-24,icon,3,4.6,3.2,1.7,15.3
2026-02-24,icon,4,5.2,3.1,2.6,25.8
2026-02-24,icon,5,4.3,3,14.2,34.6
2026-02-24,icon,6,4.4,2.3,11.6,35.7
2026-02-24,ukmo,1,3.5,1.7,0,24.8
2026-02-24,ukmo,2,4.3,2.5,0.3,27.4
2026-02-24,ukmo,3,3.6,2.4,0.9,28.1
2026-02-24,ukmo,4,3.4,0.9,0,29.9
2026-02-24,ukmo,5,4.2,3.1,12.7,36.4
2026-02-24,ukmo,6,4.2,2,2.6,40.7
2026-02-25,arpege,1,10.4,4.5,0,
2026-02-25,arpege,2,9.6,4.7,0,
2026-02-25,arpege,3,8.9,4.4,0,
2026-02-25,ecmwf,1,6.4,3.3,0,29.6
2026-02-25,ecmwf,2,6.3,3.5,0,27.8
2026-02-25,ecmwf,3,5.9,3.7,0,27.6
2026-02-25,ecmwf,4,5.9,2.9,0,29.2
2026-02-25,ecmwf,5,6.9,1.8,0,30.9
2026-02-25,ecmwf,6,7.1,4.4,0,33.2
2026-02-25,ecmwf,7,5.8,4.5,1.8,39.1
2026-02-25,gem,1,6.1,3.8,0.6,27.4
2026-02-25,gem,2,6.5,4.3,1.2,24.5
2026-02-25,gem,3,5.9,3.7,2.4,21.2
2026-02-25,gem,4,5.8,4.3,1.2,22.7
2026-02-25,gem,5,6.4,3.7,0,25.9
2026-02-25,gem,6,4.7,1.7,0,32.4
2026-02-25,gem,7,5.4,2.8,0,32.4
2026-02-25,gfs,1,7.7,4.1,0,23.4
2026-02-25,gfs,2,7.2,4.8,0,23.4
2026-02-25,gfs,3,8.4,4.4,0,27.5
2026-02-25,gfs,4,8,3.1,0,25.9
2026-02-25,gfs,5,7,4.1,0,27.9
2026-02-25,gfs,6,7.7,5,0,32.5
2026-02-25,gfs,7,8.6,5.2,0.2,33.2
2026-02-25,icon,1,8.1,4,0,21
2026-02-25,icon,2,7.3,3.3,0,17.9
2026-02-25,icon,3,8.4,4.3,0.1,16.6
2026-02-25,icon,4,6.9,4.1,0,21
2026-02-25,icon,5,6.1,4,0,28.2
2026-02-25,icon,6,4.8,3.9,0,30.8
2026-02-25,ukmo,1,6.2,3.3,0,28.1
2026-02-25,ukmo,2,5.1,3.5,0,26.6
2026-02-25,ukmo,3,5.5,3.1,0,25.9
2026-02-25,ukmo,4,5,3.1,0.2,25.9
2026-02-25,ukmo,5,5.4,1.2,0.1,36.4
2026-02-25,ukmo,6,5.1,3.7,1.4,31.3
2026-02-26,arpege,1,6,4.3,0,
2026-02-26,arpege,2,6.3,5,0.2,
2026-02-26,arpege,3,5.9,4.8,0.4,
2026-02-26,ecmwf,1,5.8,4.2,0.3,34
2026-02-26,ecmwf,2,5.1,4.5,0.3,32.4
2026-02-26,ecmwf,3,5.1,4.4,0,38.8
2026-02-26,ecmwf,4,5.7,4.7,1.2,37.2
2026-02-26,ecmwf,5,5.5,4.6,0.3,40.5
2026-02-26,ecmwf,6,6,4.3,0.9,47.4
2026-02-26,ecmwf,7,5.7,5.1,1.8,37.1
2026-02-26,gem,1,5.8,4.3,0,28.8
2026-02-26,gem,2,5.9,4.8,0.3,28.8
2026-02-26,gem,3,5.7,4.9,0.3,29.9
2026-02-26,gem,4,5.5,4.5,0.9,30.2
2026-02-26,gem,5,5.8,4.5,0,31
2026-02-26,gem,6,5.8,4.8,2.4,41.4
2026-02-26,gem,7,4.6,3.7,0.3,40
2026-02-26,gfs,1,7.9,5.6,0.1,27.6
2026-02-26,gfs,2,7.9,5.3,0,28.9
2026-02-26,gfs,3,7.8,4.2,0,31.3
2026-02-26,gfs,4,7.4,5.2,0.4,27.8
2026-02-26,gfs,5,7.6,3.8,0,26.9
2026-02-26,gfs,6,7.2,4.1,0,24.7
2026-02-26,gfs,7,7.9,4,0.2,36.3
2026-02-26,icon,1,6.8,4.7,0,24.9
2026-02-26,icon,2,6.5,4.9,0.2,28.8
2026-02-26,icon,3,6.3,4.7,0,30.4
2026-02-26,icon,4,6.5,4,0.9,31
2026-02-26,icon,5,5.6,3.7,1.3,38.5
2026-02-26,icon,6,5.3,3.6,4.8,35.7
2026-02-26,ukmo,1,5.4,3.3,0,30.2
2026-02-26,ukmo,2,5.2,3.8,0,34.2
2026-02-26,ukmo,3,5.7,4.6,0.1,37.1
2026-02-26,ukmo,4,5.4,2.9,2.2,36
2026-02-26,ukmo,5,5.1,3,0,36
2026-02-26,ukmo,6,4.6,2.1,0,36.7
2026-02-27,arpege,1,8.1,5.1,10,
2026-02-27,arpege,2,7.6,4.6,4.3,
2026-02-27,arpege,3,7.8,4.6,1.4,
2026-02-27,ecmwf,1,6.1,5,7.5,35.3
2026-02-27,ecmwf,2,5.6,4.6,6,36.1
2026-02-27,ecmwf,3,6.5,3.8,1.2,35.9
2026-02-27,ecmwf,4,6.2,4.9,2.1,44.5
2026-02-27,ecmwf,5,6.9,5.4,0.3,46.9
2026-02-27,ecmwf,6,6.9,5,5.4,50.7
2026-02-27,ecmwf,7,6.1,4.8,3.9,74.7
2026-02-27,gem,1,6.2,4.7,9.6,33.8
2026-02-27,gem,2,6.2,4.8,6.3,32
2026-02-27,gem,3,6.1,3.5,2.1,33.5
2026-02-27,gem,4,6.2,4.9,6.6,38.5
2026-02-27,gem,5,7.5,4.6,0,31.7
2026-02-27,gem,6,6.2,4.4,3.6,44.6
2026-02-27,gem,7,6,4.4,7.2,62.6
2026-02-27,gfs,1,8.4,6.1,8.2,30.8
2026-02-27,gfs,2,7.2,5.9,8.9,28.7
2026-02-27,gfs,3,8.4,5.5,0,28.1
2026-02-27,gfs,4,8.7,4.8,0,32.1
2026-02-27,gfs,5,7.8,5.2,4.1,32.9
2026-02-27,gfs,6,8,4.8,0.4,32
2026-02-27,gfs,7,8.2,5.1,0.5,41.2
2026-02-27,icon,1,7.3,5.5,4.1,28.1
2026-02-27,icon,2,7.2,4.8,4,30.2
2026-02-27,icon,3,7.6,4.4,1.8,29.9
2026-02-27,icon,4,7,4.3,5.7,34.9
2026-02-27,icon,5,6.3,4.1,3,41.4
2026-02-27,icon,6,4.7,3.6,1.7,36.2
2026-02-27,ukmo,1,5,3.9,7.2,34.6
2026-02-27,ukmo,2,5.2,4.2,7.6,34.6
2026-02-27,ukmo,3,5.1,4.6,8.9,34.6
2026-02-27,ukmo,4,5.9,4.3,7.5,43.9
2026-02-27,ukmo,5,5.7,3.9,2.5,39.2
2026-02-27,ukmo,6,5.1,4.3,0.9,38.5
2026-02-28,arpege,1,7.5,4.1,10.2,
2026-02-28,arpege,2,7.8,3.7,7.4,
2026-02-28,arpege,3,8.6,4,7,
2026-02-28,ecmwf,1,5.7,4.3,9.3,51.8
2026-02-28,ecmwf,2,5.9,4.3,2.1,50.1
2026-02-28,ecmwf,3,5.2,3.6,0.9,47.2
2026-02-28,ecmwf,4,5.3,2.3,5.4,35
2026-02-28,ecmwf,5,5.1,2.2,0,37.5
2026-02-28,ecmwf,6,6,1.3,0.3,46
2026-02-28,ecmwf,7,5.2,3.2,1.2,59.6
2026-02-28,gem,1,5.8,5,7.5,41
2026-02-28,gem,2,6,2.6,9.9,27.4
2026-02-28,gem,3,5.5,3.6,10.5,17.3
2026-02-28,gem,4,5.3,2.9,1.8,26.6
2026-02-28,gem,5,6.2,2,3.6,39.6
2026-02-28,gem,6,6,3.3,0,26.6
2026-02-28,gem,7,5,4.1,0.6,41.4
2026-02-28,gfs,1,7.7,5.6,6.3,40.2
2026-02-28,gfs,2,6.6,5.1,3.4,21.4
2026-02-28,gfs,3,6.8,3,1.3,24.9
2026-02-28,gfs,4,7.5,5.6,0,32.7
2026-02-28,gfs,5,6.7,3.4,0.5,29
2026-02-28,gfs,6,6.6,3.3,0,23
2026-02-28,gfs,7,6.8,3.2,0,23.3
2026-02-28,icon,1,7.7,5,7.9,35.6
2026-02-28,icon,2,7.7,4.2,4.3,55.1
2026-02-28,icon,3,7,2.4,0.3,37.2
2026-02-28,icon,4,6.4,3.3,2.3,36.7
2026-02-28,icon,5,6,2.9,0.2,45
2026-02-28,icon,6,4.7,1.9,1.4,37.7
2026-02-28,ukmo,1,6.3,3.5,4.2,52.9
2026-02-28,ukmo,2,6,4.4,7.6,38.9
2026-02-28,ukmo,3,6.1,3.8,1.4,59.8
2026-02-28,ukmo,4,5,2.9,1.6,60.8
2026-02-28,ukmo,5,4.8,3.3,0.1,34.6
2026-02-28,ukmo,6,4.9,3.2,0,37.1
2026-03-01,arpege,1,6.8,2.6,0.8,
2026-03-01,arpege,2,6.7,3,0.4,
2026-03-01,arpege,3,6.1,2.2,1,
2026-03-01,ecmwf,1,5.8,3.4,0.3,46.5
2026-03-01,ecmwf,2,5.4,3.3,0.6,50.1
2026-03-01,ecmwf,3,5.4,1.2,3.6,33.2
2026-03-01,ecmwf,4,5.7,2.3,2.4,33.4
2026-03-01,ecmwf,5,5.2,0.7,5.7,27.3
2026-03-01,ecmwf,6,6,1.9,0,30.2
2026-03-01,ecmwf,7,6.5,3.1,0.9,27.8
2026-03-01,gem,1,5.1,3.2,0.6,42.5
2026-03-01,gem,2,5,2.8,0.3,31.7
2026-03-01,gem,3,4.6,2.8,0.3,31.7
2026-03-01,gem,4,5,3,0,30.2
2026-03-01,gem,5,5,2.5,16.5,39.6
2026-03-01,gem,6,5.2,3.1,3.9,34.2
2026-03-01,gem,7,5.2,3.1,1.5,36.4
2026-03-01,gfs,1,6.1,3.2,0.3,42.9
2026-03-01,gfs,2,6,2.6,0.1,26.8
2026-03-01,gfs,3,5.8,1.6,0.2,28
2026-03-01,gfs,4,6,2.7,0,37.6
2026-03-01,gfs,5,6.2,2.7,0.9,22.3
2026-03-01,gfs,6,6.7,4.6,0,34.2
2026-03-01,gfs,7,8.1,2.8,0.3,22.9
2026-03-01,icon,1,6.1,3,0.7,38
2026-03-01,icon,2,6.1,3.4,0.1,47.3
2026-03-01,icon,3,6.2,3.3,0,34.1
2026-03-01,icon,4,5.4,2.6,3,29.4
2026-03-01,icon,5,4.7,1.9,0,31
2026-03-01,icon,6,6.6,1.7,0,27.8
2026-03-01,ukmo,1,5.2,3.3,0,47.9
2026-03-01,ukmo,2,6.3,3.8,0.2,44.6
2026-03-01,ukmo,3,6.1,3.6,0.3,42.1
2026-03-01,ukmo,4,4.2,3.2,0,35.3
2026-03-01,ukmo,5,5.2,3.3,3.1,50.8
2026-03-01,ukmo,6,4.7,2.9,2.5,29.9
2026-03-02,arpege,1,10.4,4.6,1,
2026-03-02,arpege,2,10,4.9,0.2,
2026-03-02,arpege,3,10.3,4.6,1.2,
2026-03-02,ecmwf,1,7,4.8,0.9,29.8
2026-03-02,ecmwf,2,6.8,5.1,0,29.6
2026-03-02,ecmwf,3,6.4,4.5,0.6,32.7
2026-03-02,ecmwf,4,6.9,4.6,0,31.6
2026-03-02,ecmwf,5,6.4,3.6,0,25.6
2026-03-02,ecmwf,6,5.1,2.3,0,32.1
2026-03-02,ecmwf,7,5.9,3.6,5.1,20.7
2026-03-02,gem,1,6.3,4.7,0.3,26.6
2026-03-02,gem,2,6.3,4.7,0.6,26.3
2026-03-02,gem,3,6.2,4.5,1.2,26.6
2026-03-02,gem,4,5.7,4.6,0.6,31.7
2026-03-02,gem,5,5.1,4,0,37.1
2026-03-02,gem,6,5.7,3,1.8,25.9
2026-03-02,gem,7,6.7,1.5,0.9,38.2
2026-03-02,gfs,1,8.2,5.4,0.9,24.9
2026-03-02,gfs,2,8.3,5.2,0.3,26
2026-03-02,gfs,3,8.4,5,0.5,28.1
2026-03-02,gfs,4,8,3.2,0,18.9
2026-03-02,gfs,5,8.1,3,0,17.2
2026-03-02,gfs,6,9.1,4.5,0,23.7
2026-03-02,gfs,7,8.4,3.8,0,21
2026-03-02,icon,1,8.7,4.9,0.4,24.2
2026-03-02,icon,2,7.9,5.1,0.4,23.9
2026-03-02,icon,3,7.4,5,0.6,27.8
2026-03-02,icon,4,8.6,3.4,2,17.5
2026-03-02,icon,5,7.8,2.9,0,22.2
2026-03-02,icon,6,7,3.4,0,19.2
2026-03-02,ukmo,1,6.5,4.2,0.1,27
2026-03-02,ukmo,2,6.7,5.2,0,33.5
2026-03-02,ukmo,3,7.1,4.6,0.2,36.4
2026-03-02,ukmo,4,6.9,4.1,0,32
2026-03-02,ukmo,5,5.7,3.7,0,29.5
2026-03-02,ukmo,6,5.4,4.2,1.9,32.8
2026-03-03,arpege,1,6.4,2.2,0,
2026-03-03,arpege,2,6.7,2.9,0,
2026-03-03,arpege,3,7.4,3,0,
2026-03-03,ecmwf,1,6.3,3.9,0,27.7
2026-03-03,ecmwf,2,6.2,3.6,0,25.6
2026-03-03,ecmwf,3,5.7,3.6,0,25.8
2026-03-03,ecmwf,4,6,3.4,0,24.1
2026-03-03,ecmwf,5,5.7,3.8,0,23.7
2026-03-03,ecmwf,6,4.4,3.1,0,19.8
2026-03-03,ecmwf,7,5.2,2.5,0,26.8
2026-03-03,gem,1,5.8,2.8,0,26.3
2026-03-03,gem,2,5.7,3.1,0,23
2026-03-03,gem,3,5.4,3.8,0,22
2026-03-03,gem,4,5.2,3.5,0,21.2
2026-03-03,gem,5,5.1,2.7,0,26.6
2026-03-03,gem,6,5.4,3.1,0,24.1
2026-03-03,gem,7,5.6,-0.2,0,35.3
2026-03-03,gfs,1,6.9,3.1,0,22.9
2026-03-03,gfs,2,7.1,3.6,0,18
2026-03-03,gfs,3,8,4.3,0,18.9
2026-03-03,gfs,4,7.8,4.1,0,15
2026-03-03,gfs,5,7.3,3.4,0,17.4
2026-03-03,gfs,6,8.1,4.2,0,18.2
2026-03-03,gfs,7,8.6,3.6,0,13.6
2026-03-03,icon,1,6.5,3.1,0,21.2
2026-03-03,icon,2,6.8,3,0,17
2026-03-03,icon,3,6.3,3.5,0,16.3
2026-03-03,icon,4,6,3.3,0,19.1
2026-03-03,icon,5,7.3,4.3,0,24.4
2026-03-03,icon,6,7.3,2.5,0,19.2
2026-03-03,ukmo,1,5.7,3.3,0,24.8
2026-03-03,ukmo,2,6.2,4.2,0,24.5
2026-03-03,ukmo,3,6.5,4.4,0,29.2
2026-03-03,ukmo,4,6.2,4.2,0,27.7
2026-03-03,ukmo,5,6.2,4.2,1.7,33.5
2026-03-03,ukmo,6,5.1,3.1,3.9,22.7
2026-03-04,arpege,1,4.3,-0.5,0,
2026-03-04,arpege,2,7.7,-0.6,0,
2026-03-04,arpege,3,5.9,1,0,
2026-03-04,ecmwf,1,3.9,2.5,0,18.4
2026-03-04,ecmwf,2,3.4,1.5,0,19.1
2026-03-04,ecmwf,3,3.7,2.5,0,22
2026-03-04,ecmwf,4,4.3,2.5,0,19.9
2026-03-04,ecmwf,5,4.5,1.4,0,18.2
2026-03-04,ecmwf,6,7.3,1.6,0,29.3
2026-03-04,ecmwf,7,3.3,2.4,0,24.5
2026-03-04,gem,1,3.1,1.9,0,14.4
2026-03-04,gem,2,3.1,1.7,0,18
2026-03-04,gem,3,3.8,1.7,0,20.5
2026-03-04,gem,4,3.9,2.1,0,13
2026-03-04,gem,5,4.6,1.7,0,16.6
2026-03-04,gem,6,4.2,2.6,0,22.7
2026-03-04,gem,7,4.2,1.6,0,19.4
2026-03-04,gfs,1,6.9,2.1,0,11.5
2026-03-04,gfs,2,6.4,2.6,0,15.5
2026-03-04,gfs,3,6.1,2.6,0,13.1
2026-03-04,gfs,4,10.2,4.1,0,11.5
2026-03-04,gfs,5,7.1,1.9,0,14.1
2026-03-04,gfs,6,7.1,2.5,0,14.2
2026-03-04,gfs,7,6,3.8,0,31.9
2026-03-04,icon,1,7.9,1.6,0,13.5
2026-03-04,icon,2,7.7,1.6,0,11.6
2026-03-04,icon,3,8.1,1.5,0,11.6
2026-03-04,icon,4,8.3,2.1,0,13.5
2026-03-04,icon,5,5,2.5,0,15
2026-03-04,icon,6,5.7,3,10.5,17.1
2026-03-04,ukmo,1,4,2.7,0,13.7
2026-03-04,ukmo,2,4.6,3.5,0,20.9
2026-03-04,ukmo,3,4.6,3,0,23
2026-03-04,ukmo,4,5.7,4.2,0,27
2026-03-04,ukmo,5,5.5,2,0.6,30.2
2026-03-04,ukmo,6,4.8,4.1,1,33.1
2026-03-05,arpege,1,11.5,1,0,
2026-03-05,arpege,2,10.4,1.7,0,
2026-03-05,arpege,3,9.4,0.7,0,
2026-03-05,ecmwf,1,8,3.5,0,26.5
2026-03-05,ecmwf,2,7.7,2.5,0,27.6
2026-03-05,ecmwf,3,7.6,1.3,0,25.2
2026-03-05,ecmwf,4,6.4,2.9,0,26
2026-03-05,ecmwf,5,7.3,2.2,0,29.3
2026-03-05,ecmwf,6,5.8,3.5,0,24.5
2026-03-05,ecmwf,7,7.8,3.6,0,25.9
2026-03-05,gem,1,7,2.5,0,23.8
2026-03-05,gem,2,6.9,2.3,0,25.6
2026-03-05,gem,3,6.8,1.7,0,24.8
2026-03-05,gem,4,6.2,1.7,0,22
2026-03-05,gem,5,6.6,3.3,0,30.2
2026-03-05,gem,6,6.7,2,0,18.4
2026-03-05,gem,7,5.4,2.6,0,20.5
2026-03-05,gfs,1,10.3,3.1,0,16.9
2026-03-05,gfs,2,10.3,2.6,0,18.3
2026-03-05,gfs,3,9.1,1.6,0,17.7
2026-03-05,gfs,4,10.1,2.3,0,22.2
2026-03-05,gfs,5,11.5,4.9,0,25.2
2026-03-05,gfs,6,10,2.3,0,23.7
2026-03-05,gfs,7,10.3,1.2,0,17.2
2026-03-05,icon,1,11.7,2.2,0,18.3
2026-03-05,icon,2,10.8,3,0,18.1
2026-03-05,icon,3,10.4,2.2,0,21
2026-03-05,icon,4,9.6,1.1,0,17.1
2026-03-05,icon,5,8.5,2.1,0,26
2026-03-05,icon,6,7.6,2.5,0,20.4
2026-03-05,ukmo,1,7.5,3.6,0,22.7
2026-03-05,ukmo,2,7.4,3.1,0,25.2
2026-03-05,ukmo,3,7,3.7,0,25.6
2026-03-05,ukmo,4,6.5,3.7,0,25.2
2026-03-05,ukmo,5,6.8,1.9,0,24.5
2026-03-05,ukmo,6,5.4,2.9,0,35.6
2026-03-06,arpege,1,11,2.4,0,
2026-03-06,arpege,2,9.3,2.2,0,
2026-03-06,arpege,3,8.8,1.4,0,
2026-03-06,ecmwf,1,7.9,4.4,0,25.2
2026-03-06,ecmwf,2,7.1,4.2,0,26.6
2026-03-06,ecmwf,3,5.9,4.1,0,23.6
2026-03-06,ecmwf,4,5,3.8,0,24.9
2026-03-06,ecmwf,5,6,4,0,27.8
2026-03-06,ecmwf,6,4.9,2.9,0,28.9
2026-03-06,ecmwf,7,7.3,2.8,0,25.4
2026-03-06,gem,1,5.9,4,0,23.4
2026-03-06,gem,2,5.5,3.7,0,24.5
2026-03-06,gem,3,5,3.3,0,24.1
2026-03-06,gem,4,4.5,2.6,0,20.9
2026-03-06,gem,5,5.8,3.1,0,27.7
2026-03-06,gem,6,7.2,4,0,23.4
2026-03-06,gem,7,5.7,3.6,0,16.9
2026-03-06,gfs,1,9.8,5.1,0,15.8
2026-03-06,gfs,2,10.3,5.2,0,17.8
2026-03-06,gfs,3,9.7,4.1,0,18.1
2026-03-06,gfs,4,9.7,2.4,0,21.8
2026-03-06,gfs,5,10.8,4.7,0,25.1
2026-03-06,gfs,6,10,5.3,0,30.1
2026-03-06,gfs,7,11,2.7,0,39.7
2026-03-06,icon,1,11.4,4.1,0,16.1
2026-03-06,icon,2,10.7,4.6,0,15.2
2026-03-06,icon,3,10.1,4.6,0,14.5
2026-03-06,icon,4,9.7,4.3,0,18.4
2026-03-06,icon,5,8,4.4,0,26.5
2026-03-06,icon,6,5.3,2.7,0,23.5
2026-03-06,ukmo,1,6.5,4.3,0,21.2
2026-03-06,ukmo,2,6.1,4.7,0,22.7
2026-03-06,ukmo,3,5.9,4.5,0,22.7
2026-03-06,ukmo,4,5.8,4.4,0,23.8
2026-03-06,ukmo,5,6.2,4.3,0,30.2
2026-03-06,ukmo,6,6.6,5.2,0,24.1
2026-03-07,arpege,1,10.2,3.2,0,
2026-03-07,arpege,2,6.9,2.6,0,
2026-03-07,arpege,3,7.3,1,0,
2026-03-07,ecmwf,1,6.3,3.7,0,14.8
2026-03-07,ecmwf,2,6.5,2.9,0,13.2
2026-03-07,ecmwf,3,6.3,3.9,2.1,22.1
2026-03-07,ecmwf,4,6.7,2.8,1.8,22
2026-03-07,ecmwf,5,5.8,3,0,32.8
2026-03-07,ecmwf,6,3.9,2.6,0,23.7
2026-03-07,ecmwf,7,6.1,1.5,0,29.5
2026-03-07,gem,1,4.9,3.8,0,12.2
2026-03-07,gem,2,4.6,3.7,0,12.2
2026-03-07,gem,3,4.9,3.2,1.5,27.4
2026-03-07,gem,4,3.9,2.6,0,17.3
2026-03-07,gem,5,5.3,1.2,0,20.9
2026-03-07,gem,6,5.6,3.1,0,19.4
2026-03-07,gem,7,4.8,3.4,0,19.8
2026-03-07,gfs,1,8.9,5.9,0,12.3
2026-03-07,gfs,2,9.3,4.9,0.2,11
2026-03-07,gfs,3,9.9,5.6,0,17
2026-03-07,gfs,4,10.3,3.7,0,15
2026-03-07,gfs,5,9.9,3.5,0,17
2026-03-07,gfs,6,9.6,3.6,0,28.8
2026-03-07,gfs,7,6.7,4.2,0,19.9
2026-03-07,icon,1,6.6,3.9,0,11.8
2026-03-07,icon,2,7.9,4.1,0,12.7
2026-03-07,icon,3,10.1,5.2,0,7.2
2026-03-07,icon,4,11.2,4.9,0,13.1
2026-03-07,icon,5,6.4,3.7,0,14.8
2026-03-07,icon,6,8.9,2.4,0,19.8
2026-03-07,ukmo,1,5.5,2.7,0,16.2
2026-03-07,ukmo,2,5.6,2.7,0,13
2026-03-07,ukmo,3,5.5,3.8,0,27.4
2026-03-07,ukmo,4,6.8,3.9,0,24.5
2026-03-07,ukmo,5,6.6,3.5,0,36.7
2026-03-07,ukmo,6,5.8,4.1,0,27
2026-03-08,arpege,1,13.6,3.7,5.7,
2026-03-08,arpege,2,8.5,2.3,0.6,
2026-03-08,arpege,3,8.4,3.2,0,
2026-03-08,ecmwf,1,8.7,3.7,0.3,21.6
2026-03-08,ecmwf,2,7.9,2.1,0,22.8
2026-03-08,ecmwf,3,7.6,3.6,0,21.4
2026-03-08,ecmwf,4,7.8,4.1,0,21.9
2026-03-08,ecmwf,5,8.2,3.2,0,26
2026-03-08,ecmwf,6,3.8,3.3,0,16.8
2026-03-08,ecmwf,7,4.8,2.7,0,23.2
2026-03-08,gem,1,7.5,3.4,0,16.9
2026-03-08,gem,2,8,3.5,0,20.2
2026-03-08,gem,3,7,3.6,1.5,13.7
2026-03-08,gem,4,5.4,3.3,0.9,14.4
2026-03-08,gem,5,7.3,3.7,0,28.1
2026-03-08,gem,6,7.2,1.8,0,26.6
2026-03-08,gem,7,5.4,3.2,3.3,30.6
2026-03-08,gfs,1,11.9,6.1,0.7,14.9
2026-03-08,gfs,2,10.3,4.7,0.8,15.6
2026-03-08,gfs,3,10.6,4.1,0,17.1
2026-03-08,gfs,4,11,1.5,0,19.4
2026-03-08,gfs,5,12.3,3.2,0,20.2
2026-03-08,gfs,6,11.1,3.4,0,21.1
2026-03-08,gfs,7,9.8,4,0,15.3
2026-03-08,icon,1,14.8,4,0.1,13
2026-03-08,icon,2,7.2,4,0,11.9
2026-03-08,icon,3,7.3,3,0,9.7
2026-03-08,icon,4,13.8,3.7,0,17.2
2026-03-08,icon,5,10.8,3,0,25.9
2026-03-08,icon,6,9.9,3.2,4.5,21.3
2026-03-08,ukmo,1,7.6,3.6,8.1,17.3
2026-03-08,ukmo,2,5.8,3.1,0,14.4
2026-03-08,ukmo,3,5.4,3.6,0,14
2026-03-08,ukmo,4,7.8,4.2,0,23
2026-03-08,ukmo,5,8.2,3.2,0,23.8
2026-03-08,ukmo,6,7.2,3.7,0,26.3
2026-03-09,arpege,1,8.9,2.2,0,
2026-03-09,arpege,2,10.4,3.3,0,
2026-03-09,arpege,3,9.6,0.6,0,
2026-03-09,ecmwf,1,7,4.5,0,21.6
2026-03-09,ecmwf,2,7.6,4.4,0,22.2
2026-03-09,ecmwf,3,6.6,3.4,0,17.8
2026-03-09,ecmwf,4,8,4.5,0,19.2
2026-03-09,ecmwf,5,6.5,2.5,0,23.1
2026-03-09,ecmwf,6,6.9,3.2,0,23.9
2026-03-09,ecmwf,7,5.6,3.8,0,23.9
2026-03-09,gem,1,5.9,3.9,0,16.6
2026-03-09,gem,2,6.3,3.6,0,19.8
2026-03-09,gem,3,6,3.7,0,16.9
2026-03-09,gem,4,6.7,3.5,0,13.7
2026-03-09,gem,5,5,2.5,0,23.4
2026-03-09,gem,6,6,3.5,0,25.2
2026-03-09,gem,7,5.6,2.5,0,28.1
2026-03-09,gfs,1,9.5,4.8,0,13.4
2026-03-09,gfs,2,9.5,5.2,0,15.6
2026-03-09,gfs,3,10.2,4.1,0,12.3
2026-03-09,gfs,4,10.8,4.2,0,11.8
2026-03-09,gfs,5,8.8,2.9,0,18.4
2026-03-09,gfs,6,11.1,4.9,0,20.4
2026-03-09,gfs,7,11,4.1,0,22.7
2026-03-09,icon,1,10.1,4.1,0,12.1
2026-03-09,icon,2,10.5,3.5,0,13.8
2026-03-09,icon,3,11.2,2.6,0,11.1
2026-03-09,icon,4,11.9,2.1,0,14.8
2026-03-09,icon,5,10.5,4.5,0,25.4
2026-03-09,icon,6,10.6,3.3,0,23.4
2026-03-09,ukmo,1,7.3,2.9,0,18
2026-03-09,ukmo,2,6,4.1,0,16.6
2026-03-09,ukmo,3,5.3,1.3,0,10.4
2026-03-09,ukmo,4,6.8,1.9,0,22.7
2026-03-09,ukmo,5,6.7,5,3.6,23.8
2026-03-09,ukmo,6,6.6,5.2,0,26.3
2026-03-10,arpege,1,6.2,2.9,1.5,
2026-03-10,arpege,2,7,2.2,0.7,
2026-03-10,arpege,3,5.7,1.8,0,
2026-03-10,ecmwf,1,5.1,3.6,0.3,17.7
2026-03-10,ecmwf,2,5.2,2.3,0.9,17.2
2026-03-10,ecmwf,3,5.9,1.6,0,18.1
2026-03-10,ecmwf,4,6.6,3.6,0,18.4
2026-03-10,ecmwf,5,4.9,3,0,14.5
2026-03-10,ecmwf,6,6.8,2,0,18.4
2026-03-10,ecmwf,7,6.6,-0.3,0,21.6
2026-03-10,gem,1,5.2,2.2,2.7,16.2
2026-03-10,gem,2,5.5,2.3,0.3,11.5
2026-03-10,gem,3,4.5,2.9,0,9.7
2026-03-10,gem,4,5.6,3.2,0.6,15.5
2026-03-10,gem,5,5.2,2.7,0,23
2026-03-10,gem,6,6.2,2.6,0,22.7
2026-03-10,gem,7,4.5,3.5,0.3,17.3
2026-03-10,gfs,1,7.5,3.2,0,13.3
2026-03-10,gfs,2,8.1,4.3,0,15.4
2026-03-10,gfs,3,8.7,5.2,0,16.4
2026-03-10,gfs,4,8.4,5.5,0.1,16.5
2026-03-10,gfs,5,8.6,5.5,0.8,17.4
2026-03-10,gfs,6,8.7,5.3,0.2,12.7
2026-03-10,gfs,7,8.4,4.3,0,12.2
2026-03-10,icon,1,6.3,2.1,0.5,15.3
2026-03-10,icon,2,7.1,3.1,0,15
2026-03-10,icon,3,6.2,3,0,14.5
2026-03-10,icon,4,8.3,3.3,0,14.4
2026-03-10,icon,5,7.3,1.9,0,9.1
2026-03-10,icon,6,6.4,4.6,1.6,18.1
2026-03-10,ukmo,1,6.6,3.7,7,19.4
2026-03-10,ukmo,2,5.3,3.2,0.7,18.4
2026-03-10,ukmo,3,5.2,1.3,0.6,10.8
2026-03-10,ukmo,4,5.1,1.7,0,17.6
2026-03-10,ukmo,5,5.8,2.5,0,22.7
2026-03-10,ukmo,6,5.4,3.2,0,24.5
2026-03-11,arpege,1,7.7,4.8,4.4,
2026-03-11,arpege,2,7.5,4.4,3.8,
2026-03-11,arpege,3,7.9,4.9,5.5,
2026-03-11,ecmwf,1,7,5.2,6.9,38.9
2026-03-11,ecmwf,2,7.2,4.7,4.2,39.7
2026-03-11,ecmwf,3,7.3,5.1,3,33.8
2026-03-11,ecmwf,4,6.8,5,0.3,28.7
2026-03-11,ecmwf,5,6.7,4.4,0.9,28.1
2026-03-11,ecmwf,6,6.3,5.3,0,24.6
2026-03-11,ecmwf,7,6.9,5.3,0,23.6
2026-03-11,gem,1,6.7,4.9,3.9,35.6
2026-03-11,gem,2,6.9,4.9,4.5,38.2
2026-03-11,gem,3,7.2,4.6,3.3,39.6
2026-03-11,gem,4,7.6,3.8,4.8,31.7
2026-03-11,gem,5,7,4.7,3.3,41
2026-03-11,gem,6,6.2,5.2,3,37.8
2026-03-11,gem,7,7.6,4.4,3,33.5
2026-03-11,gfs,1,7.6,5.1,2,33.3
2026-03-11,gfs,2,7.7,5,1.9,37.5
2026-03-11,gfs,3,8.5,4.9,1.7,32.4
2026-03-11,gfs,4,9.1,5.4,1.9,30.7
2026-03-11,gfs,5,9.2,6.1,1,27.1
2026-03-11,gfs,6,9.5,5.8,0,25.2
2026-03-11,gfs,7,9.1,4.6,0.6,22.5
2026-03-11,icon,1,8.2,4.9,3.3,30.8
2026-03-11,icon,2,8.5,5.8,3.4,32.8
2026-03-11,icon,3,8.9,5.5,4.2,32.3
2026-03-11,icon,4,10.1,5.5,0.3,24.2
2026-03-11,icon,5,9.1,6.3,1.2,21.9
2026-03-11,icon,6,7.1,4.6,0,15.6
2026-03-11,ukmo,1,6.8,4.5,3.4,38.5
2026-03-11,ukmo,2,6.9,5.2,2.8,38.9
2026-03-11,ukmo,3,7.3,5,2.6,37.1
2026-03-11,ukmo,4,8,4.3,2.1,31
2026-03-11,ukmo,5,8,6,0.6,29.5
2026-03-11,ukmo,6,7.4,1.4,0.3,23.8
2026-03-12,arpege,1,7.6,4.2,0,
2026-03-12,arpege,2,7.4,4.3,0,
2026-03-12,arpege,3,7.2,4.3,0.1,
2026-03-12,ecmwf,1,7.8,5.1,0.6,44.7
2026-03-12,ecmwf,2,7.9,5.2,0,47.8
2026-03-12,ecmwf,3,8,5,0,49.3
2026-03-12,ecmwf,4,7.3,4.7,0.6,45.3
2026-03-12,ecmwf,5,8,6.1,0,44.3
2026-03-12,ecmwf,6,8.2,6.1,1.8,44.8
2026-03-12,ecmwf,7,6.7,5.9,0.3,26.8
2026-03-12,gem,1,6.9,4.8,0,45.7
2026-03-12,gem,2,6.9,4.9,0,46.4
2026-03-12,gem,3,6.7,4.6,0,54
2026-03-12,gem,4,7.1,4.4,0.6,47.2
2026-03-12,gem,5,6.6,4.7,0,39.2
2026-03-12,gem,6,6.4,5.1,4.2,45.4
2026-03-12,gem,7,5.9,2.2,0,29.9
2026-03-12,gfs,1,7.8,4.5,0,43.8
2026-03-12,gfs,2,7.8,4.2,0,45.2
2026-03-12,gfs,3,7.6,4.2,0,45.1
2026-03-12,gfs,4,7.5,4.3,0,43
2026-03-12,gfs,5,7.4,4.6,0.3,41
2026-03-12,gfs,6,7.7,5.4,0,20.1
2026-03-12,gfs,7,8.6,4.6,0.9,31.9
2026-03-12,icon,1,8.8,4.9,0,41.3
2026-03-12,icon,2,9,5.5,0,39.8
2026-03-12,icon,3,8.5,5.1,0,39.7
2026-03-12,icon,4,8.1,5.1,0,39.3
2026-03-12,icon,5,7.1,5.7,0.5,39.8
2026-03-12,icon,6,9.1,5.7,0.9,26.8
2026-03-12,ukmo,1,7.4,5,0,47.9
2026-03-12,ukmo,2,7.5,5.2,0,55.4
2026-03-12,ukmo,3,7.5,5,0,49.3
2026-03-12,ukmo,4,7.4,5.5,0,42.5
2026-03-12,ukmo,5,7.7,6,1.8,46.1
2026-03-12,ukmo,6,7,5,0.3,27.4
2026-03-13,arpege,1,6.9,4.7,2.9,
2026-03-13,arpege,2,6.5,4.7,1.5,
2026-03-13,arpege,3,8.1,4.5,2.2,
2026-03-13,ecmwf,1,7.6,5.8,2.7,57.5
2026-03-13,ecmwf,2,7.5,5.5,2.1,55
2026-03-13,ecmwf,3,7.7,5.2,3.9,53.3
2026-03-13,ecmwf,4,7.5,5.3,7.5,54.8
2026-03-13,ecmwf,5,7.2,5.7,4.2,49.9
2026-03-13,ecmwf,6,8.4,5.4,3,53.4
2026-03-13,ecmwf,7,8,5.7,3.3,45.7
2026-03-13,gem,1,7,5,1.8,54.4
2026-03-13,gem,2,7.3,5,3.6,51.1
2026-03-13,gem,3,7,4.8,7.5,53.6
2026-03-13,gem,4,7.6,5.1,1.8,55.8
2026-03-13,gem,5,8.4,6.4,3,62.3
2026-03-13,gem,6,8.4,6.2,0.6,51.1
2026-03-13,gem,7,7.1,3.3,6,45.4
2026-03-13,gfs,1,7.6,4.2,1.5,53.2
2026-03-13,gfs,2,7.7,4.4,7.1,52.2
2026-03-13,gfs,3,7.9,4,6.6,53
2026-03-13,gfs,4,7.1,3.8,5.4,52.9
2026-03-13,gfs,5,7.9,2.8,2.2,49.7
2026-03-13,gfs,6,9.3,5.6,0.6,46.9
2026-03-13,gfs,7,10.2,4.2,0.2,34.7
2026-03-13,icon,1,7.6,4.9,5.5,48.4
2026-03-13,icon,2,8.5,5.8,3.1,47.2
2026-03-13,icon,3,9.3,5.6,3.5,52.9
2026-03-13,icon,4,8.8,5.4,6.3,47.9
2026-03-13,icon,5,9.5,5,3,46.5
2026-03-13,icon,6,9.4,5.1,4.5,45.4
2026-03-13,ukmo,1,7.3,5.4,2.5,53.6
2026-03-13,ukmo,2,7.4,5.3,2.5,57.2
2026-03-13,ukmo,3,7.7,5,0.4,58.3
2026-03-13,ukmo,4,7.4,5,4.1,55.1
2026-03-13,ukmo,5,8.5,7.1,6.7,54.4
2026-03-13,ukmo,6,10.9,5.9,0.6,46.8
2026-03-14,arpege,1,5.8,2.3,0.2,
2026-03-14,arpege,2,4.8,2.9,0.2,
2026-03-14,arpege,3,5.1,2.5,0,
2026-03-14,ecmwf,1,5.6,4.4,0,27.3
2026-03-14,ecmwf,2,5.5,4.8,0.6,28
2026-03-14,ecmwf,3,5.2,4.8,0.3,29.3
2026-03-14,ecmwf,4,5.6,4.9,0.9,29.4
2026-03-14,ecmwf,5,5.8,4.2,0,35.2
2026-03-14,ecmwf,6,5.6,4.8,0.3,31.2
2026-03-14,ecmwf,7,8.2,4.9,3.9,31.4
2026-03-14,gem,1,4.9,3.5,4.5,18.7
2026-03-14,gem,2,4.8,4.1,0.9,15.5
2026-03-14,gem,3,4.8,4.1,0.3,27
2026-03-14,gem,4,5.2,4.2,0.3,27.4
2026-03-14,gem,5,6.8,4.3,0,33.1
2026-03-14,gem,6,5.5,3.7,1.2,18
2026-03-14,gem,7,7.7,3.6,7.2,37.8
2026-03-14,gfs,1,5.8,3.9,0.6,23.5
2026-03-14,gfs,2,5,3.5,2.8,14
2026-03-14,gfs,3,5.2,3.3,0.3,15.5
2026-03-14,gfs,4,5.7,3.3,0,31.4
2026-03-14,gfs,5,5.6,3,0.3,22.9
2026-03-14,gfs,6,9,3.1,0.2,38.5
2026-03-14,gfs,7,9.3,3.6,0,31.3
2026-03-14,icon,1,5.7,3.8,0.6,23.3
2026-03-14,icon,2,5.7,4.4,0,14.8
2026-03-14,icon,3,6.6,4.5,0,26.1
2026-03-14,icon,4,6.8,4.4,0,26.1
2026-03-14,icon,5,6.7,4.6,0,37.1
2026-03-14,icon,6,6.3,4.9,0.9,27.8
2026-03-14,ukmo,1,5.5,4.7,0.1,16.6
2026-03-14,ukmo,2,5.7,4.3,0,25.9
2026-03-14,ukmo,3,5.3,3.1,4.9,23.4
2026-03-14,ukmo,4,5.5,4.7,0,23
2026-03-14,ukmo,5,6.6,5,0.4,32
2026-03-14,ukmo,6,6.8,4.9,1.5,28.1
2026-03-15,arpege,1,6.6,3.5,0.2,
2026-03-15,arpege,2,7.4,1.9,0,
2026-03-15,arpege,3,6.7,1.9,0,
2026-03-15,ecmwf,1,6.6,3,0,40.4
2026-03-15,ecmwf,2,6.7,4.1,0,36.8
2026-03-15,ecmwf,3,7.2,4.4,0,37.8
2026-03-15,ecmwf,4,7.3,4.3,0,42.9
2026-03-15,ecmwf,5,6.8,4.5,3.3,43.1
2026-03-15,ecmwf,6,6.3,4.1,2.1,47.9
2026-03-15,ecmwf,7,5.6,3.1,0,16.1
2026-03-15,gem,1,5.6,2.7,0,37.1
2026-03-15,gem,2,5.7,4.1,0,42.1
2026-03-15,gem,3,5.7,3.3,1.5,33.8
2026-03-15,gem,4,5.5,4.2,0,32.4
2026-03-15,gem,5,5.7,4.1,0,33.5
2026-03-15,gem,6,5.1,2.9,0,18.4
2026-03-15,gem,7,5,4,0,22.3
2026-03-15,gfs,1,6.4,3.9,0,37
2026-03-15,gfs,2,6.5,3.5,0,33.5
2026-03-15,gfs,3,6.3,3.5,0,37.6
2026-03-15,gfs,4,6.3,3.4,0,27.8
2026-03-15,gfs,5,6.3,3.4,0,25.6
2026-03-15,gfs,6,6.6,3.2,0.4,38.4
2026-03-15,gfs,7,6.4,2.3,1.8,42.7
2026-03-15,icon,1,7.3,3.6,0,32.9
2026-03-15,icon,2,7,4,0,30.2
2026-03-15,icon,3,6.9,4.2,0,33.2
2026-03-15,icon,4,7.9,4.2,1,38.9
2026-03-15,icon,5,6.7,4.4,3.1,45.8
2026-03-15,icon,6,6.6,4.4,0.6,41.6
2026-03-15,ukmo,1,6.6,4.5,0,41
2026-03-15,ukmo,2,6.9,4.9,0,43.6
2026-03-15,ukmo,3,7.1,4.7,0,31
2026-03-15,ukmo,4,6.2,4.8,0,24.1
2026-03-15,ukmo,5,6.9,4.4,0,37.8
2026-03-15,ukmo,6,6.2,4.9,0,33.5
2026-03-16,arpege,1,6,4.2,5.1,
2026-03-16,arpege,2,7,4.5,8.8,
2026-03-16,arpege,3,7.1,4,7.5,
2026-03-16,ecmwf,1,6.1,4.2,6.3,47.5
2026-03-16,ecmwf,2,6.3,4.8,3.3,47.2
2026-03-16,ecmwf,3,6.4,4.8,4.5,47.8
2026-03-16,ecmwf,4,6.5,5.4,8.4,47.1
2026-03-16,ecmwf,5,6.3,4.6,6.9,48.9
2026-03-16,ecmwf,6,6.4,5,1.8,39.6
2026-03-16,ecmwf,7,6.4,3.6,3.9,46.4
2026-03-16,gem,1,5.3,3.4,10.5,47.5
2026-03-16,gem,2,5.2,3.4,6.3,47.2
2026-03-16,gem,3,5.4,4.8,5.1,51.8
2026-03-16,gem,4,5.5,4.8,5.1,47.9
2026-03-16,gem,5,5.6,4.9,6.3,42.1
2026-03-16,gem,6,5.4,4.5,4.5,34.6
2026-03-16,gem,7,4.9,4.1,2.7,43.2
2026-03-16,gfs,1,6,4.1,6.9,44.4
2026-03-16,gfs,2,5.8,4.1,4,44.3
2026-03-16,gfs,3,6.1,3.9,5.6,47.2
2026-03-16,gfs,4,5.8,4.1,3.1,38.5
2026-03-16,gfs,5,5.6,3.8,1.4,40.5
2026-03-16,gfs,6,6.1,4.2,1.6,44.4
2026-03-16,gfs,7,5.6,4.2,0.8,37.4
2026-03-16,icon,1,7,4.3,6.1,40.6
2026-03-16,icon,2,6.4,4.8,6.8,38.4
2026-03-16,icon,3,6.3,4.6,7.7,39.8
2026-03-16,icon,4,6.6,4.9,3.7,31.3
2026-03-16,icon,5,5.7,4.9,0.5,31.6
2026-03-16,icon,6,6.5,5.2,1.6,37.6
2026-03-16,ukmo,1,6.3,4.4,8.2,47.9
2026-03-16,ukmo,2,6.7,4.6,7.2,53.3
2026-03-16,ukmo,3,7.1,4.1,3.1,51.5
2026-03-16,ukmo,4,6.2,4.3,6.8,51.8
2026-03-16,ukmo,5,6.2,4.5,4.9,42.8
2026-03-16,ukmo,6,5.9,3.6,1,34.9
2026-03-17,arpege,1,8.7,3.7,0,
2026-03-17,arpege,2,6.8,4.3,1.2,
2026-03-17,arpege,3,8.6,3.1,0,
2026-03-17,ecmwf,1,7.1,5.2,0,27.5
2026-03-17,ecmwf,2,7.5,5.3,0.6,30
2026-03-17,ecmwf,3,7,4.9,0.9,30.4
2026-03-17,ecmwf,4,7.3,4.8,0,28.9
2026-03-17,ecmwf,5,6.8,4.9,0,27.9
2026-03-17,ecmwf,6,8.4,5.7,0,35
2026-03-17,ecmwf,7,6.9,4.8,0,31.8
2026-03-17,gem,1,7,4.4,0,28.4
2026-03-17,gem,2,6.7,4.7,0,29.9
2026-03-17,gem,3,6.6,4.2,0,28.8
2026-03-17,gem,4,6.6,4.4,0,30.6
2026-03-17,gem,5,7.6,4.4,0,28.8
2026-03-17,gem,6,6.7,4.4,0,32.4
2026-03-17,gem,7,5.8,4.3,0,26.6
2026-03-17,gfs,1,6.6,3.7,0,22.1
2026-03-17,gfs,2,6.2,4.3,0.7,23.7
2026-03-17,gfs,3,8.1,3.7,0.5,25.6
2026-03-17,gfs,4,6.1,3.2,0.1,26.3
2026-03-17,gfs,5,7.6,3.9,0.1,26.4
2026-03-17,gfs,6,6.3,3.1,0,26.3
2026-03-17,gfs,7,6.9,2.8,0,33.5
2026-03-17,icon,1,7.5,4.3,0.4,23.1
2026-03-17,icon,2,7.8,4.9,1,23.3
2026-03-17,icon,3,7.6,4.6,0.1,22
2026-03-17,icon,4,7.6,4.8,0.7,23.1
2026-03-17,icon,5,7.6,4.8,0.3,31.8
2026-03-17,icon,6,7.6,5,0.7,35.7
2026-03-17,ukmo,1,7.5,4.9,0.1,27.4
2026-03-17,ukmo,2,7.5,5.2,1.7,34.9
2026-03-17,ukmo,3,7.5,4.7,0,27.7
2026-03-17,ukmo,4,7.2,5.5,0,33.8
2026-03-17,ukmo,5,6.9,5,0,33.1
2026-03-17,ukmo,6,7.5,4.6,0,26.6
2026-03-18,arpege,1,10.8,3.3,0,
2026-03-18,arpege,2,9.7,2.7,0,
2026-03-18,arpege,3,10.2,4.1,0,
2026-03-18,ecmwf,1,7.9,5.7,0,29
2026-03-18,ecmwf,2,7.6,5.1,0,28.6
2026-03-18,ecmwf,3,7.5,6.2,0,26.2
2026-03-18,ecmwf,4,7,5.1,0,26.5
2026-03-18,ecmwf,5,8,5.8,0,23.8
2026-03-18,ecmwf,6,7.9,6,0,26.8
2026-03-18,ecmwf,7,7,5.6,0,15.8
2026-03-18,gem,1,7.1,5.2,0,28.8
2026-03-18,gem,2,7,5,0,29.2
2026-03-18,gem,3,7.5,5.4,0,28.1
2026-03-18,gem,4,6.9,4.5,0,29.5
2026-03-18,gem,5,7.4,5.7,0,30.2
2026-03-18,gem,6,8.4,5,0,31
2026-03-18,gem,7,7.1,4.7,0,32
2026-03-18,gfs,1,9.3,4.4,0,23.7
2026-03-18,gfs,2,9.6,4.1,0,24.3
2026-03-18,gfs,3,9.1,5.5,0,22.7
2026-03-18,gfs,4,9.4,4.1,0,20.6
2026-03-18,gfs,5,9.5,4.3,0,26.3
2026-03-18,gfs,6,11.2,2.3,0,20.8
2026-03-18,gfs,7,9.5,0.9,0,22.3
2026-03-18,icon,1,10.8,5.2,0,25
2026-03-18,icon,2,10,5.7,0,21
2026-03-18,icon,3,10.5,6.5,0,19.1
2026-03-18,icon,4,10.5,4.8,0,20.2
2026-03-18,icon,5,10.7,6.2,0,25.1
2026-03-18,icon,6,10.9,6.3,0,25.5
2026-03-18,ukmo,1,7.9,5.4,0,28.4
2026-03-18,ukmo,2,7.8,5.9,0,30.6
2026-03-18,ukmo,3,8,6.8,0,29.5
2026-03-18,ukmo,4,8.2,4.5,0,31.3
2026-03-18,ukmo,5,7.8,3.7,0,28.1
2026-03-18,ukmo,6,7.5,5.1,0,32.4
2026-03-19,arpege,1,7.3,1.3,0,
2026-03-19,arpege,2,9.2,0.6,0.3,
2026-03-19,arpege,3,8.8,-0.2,0,
2026-03-19,ecmwf,1,7.2,4.8,0,26.1
2026-03-19,ecmwf,2,7,5.1,0,18.8
2026-03-19,ecmwf,3,6.4,4.7,0,19.5
2026-03-19,ecmwf,4,7.1,5.4,0.3,25.5
2026-03-19,ecmwf,5,6.8,4,0,20.9
2026-03-19,ecmwf,6,7.4,5.3,0,18.6
2026-03-19,ecmwf,7,6.9,5.1,0,23.1
2026-03-19,gem,1,5.9,3.8,0,21.2
2026-03-19,gem,2,5.8,3.8,0,15.5
2026-03-19,gem,3,5.6,3.5,0,18.4
2026-03-19,gem,4,6,4,0,20.5
2026-03-19,gem,5,6.5,3,0,22
2026-03-19,gem,6,7.8,5.2,0,18.4
2026-03-19,gem,7,6.8,4.5,0,29.5
2026-03-19,gfs,1,8.9,5,0,19.4
2026-03-19,gfs,2,8.9,4.5,0,18.4
2026-03-19,gfs,3,8.9,4.1,0,15.2
2026-03-19,gfs,4,8.2,4.3,0,20.8
2026-03-19,gfs,5,6.7,4.2,0.7,26.8
2026-03-19,gfs,6,9.7,3.3,0,17.6
2026-03-19,gfs,7,10.2,2.5,0,22.9
2026-03-19,icon,1,9.3,4.8,0,17.7
2026-03-19,icon,2,8.7,5.1,0,12.7
2026-03-19,icon,3,8.3,5.2,0.3,13.5
2026-03-19,icon,4,7.1,4.6,0.3,17.2
2026-03-19,icon,5,8.3,4.1,0.6,17.7
2026-03-19,icon,6,9.8,5,0,20.3
2026-03-19,ukmo,1,7.1,5.6,0,19.4
2026-03-19,ukmo,2,7.1,5.6,0,15.5
2026-03-19,ukmo,3,7.2,5.7,0,20.5
2026-03-19,ukmo,4,7.4,5.8,1.5,24.8
2026-03-19,ukmo,5,6.4,2.1,0,26.3
2026-03-19,ukmo,6,6.2,4,0,27.7
2026-03-20,arpege,1,7.4,2.1,0,
2026-03-20,arpege,2,5.7,0.5,0.9,
2026-03-20,arpege,3,6.8,2.6,0,
2026-03-20,ecmwf,1,6.5,4.4,0,24.9
2026-03-20,ecmwf,2,6,3.3,0,20.3
2026-03-20,ecmwf,3,5.9,4.6,0,21.1
2026-03-20,ecmwf,4,5.6,4.5,0,26.9
2026-03-20,ecmwf,5,7.5,4.7,0,27
2026-03-20,ecmwf,6,5.9,4.6,0,18.5
2026-03-20,ecmwf,7,6.9,3.7,1.8,22.7
2026-03-20,gem,1,5.3,3.9,0,21.2
2026-03-20,gem,2,5.1,3.2,0,17.6
2026-03-20,gem,3,4.8,3.3,0,18
2026-03-20,gem,4,5.3,2.4,0,15.5
2026-03-20,gem,5,5.4,3.7,0,23.4
2026-03-20,gem,6,7.6,4.1,0.9,26.6
2026-03-20,gem,7,7.7,4.2,0,29.9
2026-03-20,gfs,1,7.2,3.6,0,18.8
2026-03-20,gfs,2,6.9,3.7,0,17.8
2026-03-20,gfs,3,7,3.1,0,16.3
2026-03-20,gfs,4,8.7,4.3,0,19.6
2026-03-20,gfs,5,9.6,3.1,0,29
2026-03-20,gfs,6,8.9,2.2,0,30.3
2026-03-20,gfs,7,8.8,3.6,0,20.4
2026-03-20,icon,1,6.1,2.8,0,18.4
2026-03-20,icon,2,6.3,2.6,0.1,15.5
2026-03-20,icon,3,6.6,1.8,0,14.4
2026-03-20,icon,4,6.6,2.5,0,18.7
2026-03-20,icon,5,8.3,3.8,0,27.4
2026-03-20,icon,6,8.2,3.1,0,26.8
2026-03-20,ukmo,1,6.2,3.5,0,21.2
2026-03-20,ukmo,2,6.7,3.2,0,20.9
2026-03-20,ukmo,3,6.3,3.9,0,22.7
2026-03-20,ukmo,4,7.2,3.4,0.5,22.3
2026-03-20,ukmo,5,7.1,2.5,0,31
2026-03-20,ukmo,6,6,1.1,0,29.9
2026-03-21,arpege,1,8.6,-0.2,0,
2026-03-21,arpege,2,8.2,1.6,0,
2026-03-21,arpege,3,8.6,1,0,
2026-03-21,ecmwf,1,7,2.3,0,19.8
2026-03-21,ecmwf,2,6.9,2.3,0,21.7
2026-03-21,ecmwf,3,5.3,2.2,0,13.8
2026-03-21,ecmwf,4,4.7,3.2,0,20.1
2026-03-21,ecmwf,5,6.4,3.1,0,21.3
2026-03-21,ecmwf,6,7,3.3,0,31.3
2026-03-21,ecmwf,7,7,4.1,0,21.7
2026-03-21,gem,1,6.1,1.5,0,23.4
2026-03-21,gem,2,5.1,1.3,0,14.8
2026-03-21,gem,3,4.9,1.8,0,14.8
2026-03-21,gem,4,7.1,1.8,0,16.9
2026-03-21,gem,5,7.5,3,0,24.5
2026-03-21,gem,6,6.8,3.5,0,33.5
2026-03-21,gem,7,8.3,3.4,0,29.9
2026-03-21,gfs,1,10.3,2.8,0,15.8
2026-03-21,gfs,2,9.4,3,0,14.6
2026-03-21,gfs,3,9.4,2.2,0,17.5
2026-03-21,gfs,4,10.2,1.6,0,23.5
2026-03-21,gfs,5,9.6,2.6,0,22.2
2026-03-21,gfs,6,8.1,1.6,0,28.6
2026-03-21,gfs,7,9.1,1.5,0,38.7
2026-03-21,icon,1,7.9,1,0,17
2026-03-21,icon,2,8.3,1.8,0,13.7
2026-03-21,icon,3,9.1,1.8,0,10.1
2026-03-21,icon,4,9.1,0.3,0,15.3
2026-03-21,icon,5,9.1,3.2,0,23.1
2026-03-21,icon,6,9.1,3.2,0,30.8
2026-03-21,ukmo,1,5.8,1.5,0,19.8
2026-03-21,ukmo,2,6.8,1.1,0,22
2026-03-21,ukmo,3,8.1,2,0,22.3
2026-03-21,ukmo,4,7.6,2.5,0,22.3
2026-03-21,ukmo,5,8,3.7,0,37.1
2026-03-21,ukmo,6,7.5,2.9,0,32
2026-03-22,arpege,1,12.2,-0.3,0,
2026-03-22,arpege,2,11.3,1.8,0,
2026-03-22,arpege,3,10,1,0,
2026-03-22,ecmwf,1,8.7,4.8,0,19.2
2026-03-22,ecmwf,2,8.6,4.7,0,21.1
2026-03-22,ecmwf,3,7.1,3.8,0,17.6
2026-03-22,ecmwf,4,7,4,0,22.5
2026-03-22,ecmwf,5,7.4,3.9,0,21.7
2026-03-22,ecmwf,6,5.3,3.2,0,25.2
2026-03-22,ecmwf,7,8.6,3.1,0,30.5
2026-03-22,gem,1,7.4,3.9,0,22.7
2026-03-22,gem,2,7.2,3.6,0,20.2
2026-03-22,gem,3,6.7,3,0,20.2
2026-03-22,gem,4,5.8,2.7,0,16.6
2026-03-22,gem,5,6,2.7,0,21.6
2026-03-22,gem,6,7.9,2.1,0,32.4
2026-03-22,gem,7,7.8,2.6,0,31.7
2026-03-22,gfs,1,10.3,3.6,0,17.8
2026-03-22,gfs,2,10,3.8,0,15.5
2026-03-22,gfs,3,9.9,3.1,0,15.3
2026-03-22,gfs,4,10.1,2.2,0,17
2026-03-22,gfs,5,10.3,2.7,0,20.3
2026-03-22,gfs,6,9.2,3.2,0,23
2026-03-22,gfs,7,8.4,3.6,0,36.6
2026-03-22,icon,1,12.4,0.8,0,15.3
2026-03-22,icon,2,11.9,3.5,0,14
2026-03-22,icon,3,11.4,2.7,0,16.6
2026-03-22,icon,4,8.7,3.1,0,17.6
2026-03-22,icon,5,7.1,3.4,0,26.3
2026-03-22,icon,6,9.8,3.1,0,27.8
2026-03-22,ukmo,1,8.6,2.7,0,18.7
2026-03-22,ukmo,2,8.2,3.2,0,25.9
2026-03-22,ukmo,3,7.7,5.1,0,25.2
2026-03-22,ukmo,4,7.3,4.5,0,21.2
2026-03-22,ukmo,5,6.9,4.2,0,22.7
2026-03-22,ukmo,6,8.3,6.1,0,33.5
2026-03-23,arpege,1,6.7,2.8,0,
2026-03-23,arpege,2,7.4,2.9,0,
2026-03-23,arpege,3,8,1.8,0,
2026-03-23,ecmwf,1,7.5,5.6,0,18.7
2026-03-23,ecmwf,2,7.7,5.3,0,17.3
2026-03-23,ecmwf,3,7,5.5,0,21.3
2026-03-23,ecmwf,4,6.9,4.9,0,18.4
2026-03-23,ecmwf,5,7.3,5.4,0,23.4
2026-03-23,ecmwf,6,7.6,4.6,3.3,43.7
2026-03-23,ecmwf,7,6.9,4.8,0,26.3
2026-03-23,gem,1,5.7,4.1,0,17.6
2026-03-23,gem,2,6,4.2,0,19.4
2026-03-23,gem,3,5.5,4.6,0,29.9
2026-03-23,gem,4,5.5,4.4,0,33.5
2026-03-23,gem,5,5.9,3.7,0,16.9
2026-03-23,gem,6,5.9,3.7,0,16.9
2026-03-23,gem,7,5.7,3.8,0,32.4
2026-03-23,gfs,1,8,5.2,0,16.2
2026-03-23,gfs,2,6.9,4.5,0,26.1
2026-03-23,gfs,3,6.1,4.1,0.1,31
2026-03-23,gfs,4,7.8,3.7,0,26.7
2026-03-23,gfs,5,8.2,4.6,0,17.4
2026-03-23,gfs,6,8.4,3.6,0.2,28.8
2026-03-23,gfs,7,9.5,3.1,0,21.3
2026-03-23,icon,1,8.5,4.8,0,17.3
2026-03-23,icon,2,8.5,5.4,0,20.3
2026-03-23,icon,3,8.8,4.8,0,20.9
2026-03-23,icon,4,9.2,4.2,0,25.8
2026-03-23,icon,5,8.7,6,0,28.8
2026-03-23,icon,6,7.3,5.7,3.2,43.1
2026-03-23,ukmo,1,6.2,3.3,0,26.6
2026-03-23,ukmo,2,7.5,5.8,0,22
2026-03-23,ukmo,3,6.4,5.8,0,21.2
2026-03-23,ukmo,4,6.9,5.8,0,33.5
2026-03-23,ukmo,5,6.9,4.6,0,50.8
2026-03-23,ukmo,6,6.4,4.3,0,19.1
2026-03-24,arpege,1,7.7,2.9,3,
2026-03-24,arpege,2,8,3.2,0.8,
2026-03-24,arpege,3,8.7,4.3,0.1,
2026-03-24,ecmwf,1,8.6,5.9,1.8,42.2
2026-03-24,ecmwf,2,8.9,5.5,1.5,44.7
2026-03-24,ecmwf,3,7.9,5.6,0.3,42.9
2026-03-24,ecmwf,4,8.8,5.8,0,36.1
2026-03-24,ecmwf,5,8.2,4.8,2.1,41.3
2026-03-24,ecmwf,6,8.2,5.1,4.5,50.1
2026-03-24,ecmwf,7,6.2,4.5,1.8,37.4
2026-03-24,gem,1,7.6,4.1,3,37.8
2026-03-24,gem,2,7.9,4.2,0,35.6
2026-03-24,gem,3,7.8,4.3,0,36.4
2026-03-24,gem,4,7.6,4.4,0.3,31.7
2026-03-24,gem,5,6.9,5.1,0,40.7
2026-03-24,gem,6,6.1,5.4,1.8,38.9
2026-03-24,gem,7,6.5,5,7.2,43.9
2026-03-24,gfs,1,8.6,6,0.5,36.4
2026-03-24,gfs,2,8.6,4.7,0.1,39
2026-03-24,gfs,3,8.9,4.5,0.1,41.5
2026-03-24,gfs,4,9.1,4.2,8.5,50.7
2026-03-24,gfs,5,7,4.1,0,35.6
2026-03-24,gfs,6,7.1,4,0.9,47.7
2026-03-24,gfs,7,7.6,3.8,0.4,40.6
2026-03-24,icon,1,9.1,4.6,4.2,34
2026-03-24,icon,2,9.2,5.6,0.5,33.2
2026-03-24,icon,3,9.5,4.3,0,31.4
2026-03-24,icon,4,10.1,5,0,31.6
2026-03-24,icon,5,8.4,6.7,0.1,30.1
2026-03-24,icon,6,7.5,5.5,1.2,31.9
2026-03-24,ukmo,1,7.9,3.3,3.6,39.2
2026-03-24,ukmo,2,8.3,6.1,0,38.9
2026-03-24,ukmo,3,8.2,5.8,0,34.2
2026-03-24,ukmo,4,8.5,5.5,0,35.6
2026-03-24,ukmo,5,8,5,4.9,52.2
2026-03-24,ukmo,6,7.1,4.9,0,43.9
2026-03-25,arpege,1,7.8,5,3.8,
2026-03-25,arpege,2,7.7,4.6,4.1,
2026-03-25,arpege,3,7.5,4.6,8,
2026-03-25,ecmwf,1,8.4,5.7,3.3,56.7
2026-03-25,ecmwf,2,8.7,4.9,3,57.1
2026-03-25,ecmwf,3,7.9,5.4,4.5,53.7
2026-03-25,ecmwf,4,8.6,4.9,5.7,51.3
2026-03-25,ecmwf,5,8.4,5,1.5,45.5
2026-03-25,ecmwf,6,7.3,5.3,6.3,38
2026-03-25,ecmwf,7,5.5,4.7,3.6,56.6
2026-03-25,gem,1,7.6,5.2,8.4,63.7
2026-03-25,gem,2,7.9,4.5,5.1,54.4
2026-03-25,gem,3,7.8,5,8.7,47.5
2026-03-25,gem,4,7.3,4.8,10.5,44.6
2026-03-25,gem,5,8.1,4.2,6,40.7
2026-03-25,gem,6,5.8,4.5,5.4,57.6
2026-03-25,gem,7,6.4,3.1,4.2,45.7
2026-03-25,gfs,1,8.9,4.3,7.4,52.2
2026-03-25,gfs,2,8.9,3.2,9.2,52.7
2026-03-25,gfs,3,8.6,3.4,10.8,55.6
2026-03-25,gfs,4,6.4,3.6,2.4,45.4
2026-03-25,gfs,5,6.8,3.4,1.7,51.1
2026-03-25,gfs,6,7.5,4.6,2.6,38.3
2026-03-25,gfs,7,7.5,3.1,0.8,40.2
2026-03-25,icon,1,9.3,4.7,6.3,52.8
2026-03-25,icon,2,9.3,4.6,3.9,51.2
2026-03-25,icon,3,9.2,5.4,4.9,54.3
2026-03-25,icon,4,9.7,4.8,3,34.5
2026-03-25,icon,5,8.4,5.5,3.4,43.7
2026-03-25,icon,6,9.3,6.2,0.9,39.2
2026-03-25,ukmo,1,8.2,5.4,3.8,52.2
2026-03-25,ukmo,2,8.5,5.1,6.9,58
2026-03-25,ukmo,3,8.7,4.2,3.1,51.8
2026-03-25,ukmo,4,8.2,5.7,5.4,45
2026-03-25,ukmo,5,8.4,5.8,1.2,41
2026-03-25,ukmo,6,7.6,6.4,14.5,45.7
2026-03-26,arpege,1,5.4,4.5,0.2,
2026-03-26,arpege,2,5.8,4,3.4,
2026-03-26,arpege,3,6.2,4.1,1.6,
2026-03-26,ecmwf,1,5.5,3.9,0.6,49.4
2026-03-26,ecmwf,2,5.9,4.2,3.3,50.4
2026-03-26,ecmwf,3,5.6,4.3,0.9,51.1
2026-03-26,ecmwf,4,5.6,4.4,2.7,52.3
2026-03-26,ecmwf,5,5.7,4.3,1.8,54.1
2026-03-26,ecmwf,6,5.8,5.3,2.1,53.2
2026-03-26,ecmwf,7,5.9,3.6,2.7,36.8
2026-03-26,gem,1,5.1,3.6,1.5,47.9
2026-03-26,gem,2,5.2,3.8,0.6,52.9
2026-03-26,gem,3,5.3,3.9,0.3,44.6
2026-03-26,gem,4,5,3.5,0.6,46.1
2026-03-26,gem,5,4.9,3.9,0.9,42.1
2026-03-26,gem,6,5.7,4.4,2.1,49.7
2026-03-26,gem,7,6,3.3,0,61.6
2026-03-26,gfs,1,4.6,3.5,0.9,42.4
2026-03-26,gfs,2,5,3.7,0.3,42.5
2026-03-26,gfs,3,5.2,3.2,1.5,58
2026-03-26,gfs,4,4.8,2.8,2.5,52.5
2026-03-26,gfs,5,4.9,3.1,0.6,55.2
2026-03-26,gfs,6,6.1,4.1,0.7,50.7
2026-03-26,gfs,7,5.9,3.1,0.8,43.2
2026-03-26,icon,1,5.7,2.6,0.9,43
2026-03-26,icon,2,5.4,3.8,0.1,38.8
2026-03-26,icon,3,6.8,4,0.2,41
2026-03-26,icon,4,5.6,4.3,0.4,44.2
2026-03-26,icon,5,7,4.7,0,32.2
2026-03-26,icon,6,7,5.6,3.7,48.3
2026-03-26,ukmo,1,5.5,1.9,4.3,46.4
2026-03-26,ukmo,2,6,4,1.4,46.8
2026-03-26,ukmo,3,6.3,4.1,0.6,45
2026-03-26,ukmo,4,6,3.2,4,46.8
2026-03-26,ukmo,5,5.6,3.6,0.9,46.4
2026-03-26,ukmo,6,6.6,4.3,2.1,47.9
2026-03-27,arpege,1,7.6,4.4,0.3,
2026-03-27,arpege,2,7.4,3.9,0,
2026-03-27,arpege,3,7.2,3.6,0.4,
2026-03-27,ecmwf,1,7.3,4.8,0.6,37.4
2026-03-27,ecmwf,2,6.1,4.5,0.6,47.9
2026-03-27,ecmwf,3,7.1,5.3,0,45
2026-03-27,ecmwf,4,6.2,5,0,49
2026-03-27,ecmwf,5,5.6,5.2,0,45.8
2026-03-27,ecmwf,6,5.6,4.7,0.9,40.5
2026-03-27,ecmwf,7,5.7,3.4,0.6,33.5
2026-03-27,gem,1,6.3,4.3,0.9,37.4
2026-03-27,gem,2,6.1,4.6,0.3,38.5
2026-03-27,gem,3,6.2,4.8,0,37.1
2026-03-27,gem,4,6.8,4,0.9,42.1
2026-03-27,gem,5,5.1,3.7,0,38.9
2026-03-27,gem,6,5.3,3.8,3,31
2026-03-27,gem,7,5.1,4.3,1.5,34.2
2026-03-27,gfs,1,6.9,3.6,0,32.9
2026-03-27,gfs,2,6.3,3.4,0,29.7
2026-03-27,gfs,3,6.6,2.9,0.2,29
2026-03-27,gfs,4,6.1,3.1,1.3,44.8
2026-03-27,gfs,5,5.8,3,0,35.7
2026-03-27,gfs,6,6.4,3.2,0.3,38.3
2026-03-27,gfs,7,6.3,2.3,0,33.3
2026-03-27,icon,1,7.3,3.8,0.4,29.5
2026-03-27,icon,2,7.1,4.7,0,27.5
2026-03-27,icon,3,7.7,4.7,1.5,30.6
2026-03-27,icon,4,7.1,4,3.9,37.7
2026-03-27,icon,5,6.9,4.1,0.8,39.8
2026-03-27,icon,6,6.7,4.8,0,31.5
2026-03-27,ukmo,1,6.8,4.9,0.4,38.5
2026-03-27,ukmo,2,7.2,5.3,0,37.4
2026-03-27,ukmo,3,7.1,5.3,0,34.6
2026-03-27,ukmo,4,6.2,4.8,0.9,43.2
2026-03-27,ukmo,5,6,4.8,0,43.9
2026-03-27,ukmo,6,5.8,3.4,6.2,49.7
2026-03-28,arpege,1,6.9,4.5,3.2,
2026-03-28,arpege,2,7.6,4.3,4.3,
2026-03-28,arpege,3,7.9,3.9,4.7,
2026-03-28,ecmwf,1,6.6,5.2,3.3,38.4
2026-03-28,ecmwf,2,6.4,5.5,2.1,37.3
2026-03-28,ecmwf,3,7.1,5.4,5.7,36.4
2026-03-28,ecmwf,4,6.7,6.1,2.7,35.7
2026-03-28,ecmwf,5,6.5,4.9,3.3,32.6
2026-03-28,ecmwf,6,5.6,4.8,1.5,26
2026-03-28,ecmwf,7,5.9,4.4,0.3,25.6
2026-03-28,gem,1,5.6,5.1,2.1,42.5
2026-03-28,gem,2,5.8,5.1,5.4,39.2
2026-03-28,gem,3,6.1,5.2,6.3,39.2
2026-03-28,gem,4,6.7,5.3,8.7,39.6
2026-03-28,gem,5,5.9,4.9,1.2,41.8
2026-03-28,gem,6,5.9,3.4,3.9,38.9
2026-03-28,gem,7,6.1,3.8,0,33.5
2026-03-28,gfs,1,6.4,3.6,3,36.9
2026-03-28,gfs,2,6.4,4.4,3.2,32.1
2026-03-28,gfs,3,6.3,4.4,9.6,29.9
2026-03-28,gfs,4,7.6,4.6,1.6,27.3
2026-03-28,gfs,5,7.2,3.5,1,29.3
2026-03-28,gfs,6,7.7,3,1.3,27.1
2026-03-28,gfs,7,8.1,3,0.2,29
2026-03-28,icon,1,7.6,4.9,3.4,34.3
2026-03-28,icon,2,7.6,5.2,5.3,31.4
2026-03-28,icon,3,7.5,5.5,5.4,34.8
2026-03-28,icon,4,8,5.9,2.2,29.8
2026-03-28,icon,5,6.9,5.2,3.3,30.2
2026-03-28,icon,6,6.5,5.3,5.5,42.1
2026-03-28,ukmo,1,6.7,5.5,3,41.4
2026-03-28,ukmo,2,7,5.5,8.1,51.1
2026-03-28,ukmo,3,6.6,5.1,8,46.4
2026-03-28,ukmo,4,6.6,5.4,3.8,47.9
2026-03-28,ukmo,5,6.5,5,2,28.4
2026-03-28,ukmo,6,6.4,3.6,4.2,38.2
2026-03-29,arpege,1,7.7,5,2.8,
2026-03-29,arpege,2,7.8,4.2,3.3,
2026-03-29,arpege,3,7.7,2.3,3.3,
2026-03-29,ecmwf,1,7,5.2,2.7,56.1
2026-03-29,ecmwf,2,6.7,5.4,3.3,56.6
2026-03-29,ecmwf,3,6.8,5.4,0.9,50
2026-03-29,ecmwf,4,6.3,4.5,4.8,52.5
2026-03-29,ecmwf,5,6.7,5.8,8.1,65
2026-03-29,ecmwf,6,6.2,5.3,0,31.1
2026-03-29,ecmwf,7,6.5,5,0,32.8
2026-03-29,gem,1,6,4.5,3.6,57.2
2026-03-29,gem,2,6,4.3,3.3,55.1
2026-03-29,gem,3,5.6,4.9,0.9,48.2
2026-03-29,gem,4,6.1,5.1,0.6,52.2
2026-03-29,gem,5,6,5.3,0,35.3
2026-03-29,gem,6,5.9,5.2,0.3,40.7
2026-03-29,gem,7,6,4.9,0,34.2
2026-03-29,gfs,1,7,3.9,3.7,47.7
2026-03-29,gfs,2,6.7,3.9,3.3,44.1
2026-03-29,gfs,3,6.5,4,1.4,43
2026-03-29,gfs,4,6.6,4.3,0.9,49.9
2026-03-29,gfs,5,6.8,4.7,0.3,49.1
2026-03-29,gfs,6,7.1,4.2,0,33.1
2026-03-29,gfs,7,7.8,4.3,0,46.6
2026-03-29,icon,1,8.1,4.5,2.3,44.6
2026-03-29,icon,2,7.5,5.5,1.6,44.3
2026-03-29,icon,3,7.6,5.1,3.4,48
2026-03-29,icon,4,7.9,5.7,2,39.5
2026-03-29,icon,5,6.7,5.2,2.3,63.4
2026-03-29,icon,6,6.2,5.1,0,43.2
2026-03-29,ukmo,1,6.6,4.8,3.1,57.2
2026-03-29,ukmo,2,6.9,4.2,3.5,56.5
2026-03-29,ukmo,3,6.8,5.5,0.1,47.9
2026-03-29,ukmo,4,6.9,4,0.9,54.4
2026-03-29,ukmo,5,6.6,5.7,0,34.2
2026-03-29,ukmo,6,6.5,4.9,0.9,35.6
2026-03-30,arpege,1,7.1,5.1,8.4,
2026-03-30,arpege,2,7.5,4.6,6.9,
2026-03-30,arpege,3,7,4.6,11.3,
2026-03-30,ecmwf,1,6.5,4.9,7.2,49.2
2026-03-30,ecmwf,2,6.3,5.6,6.9,49.7
2026-03-30,ecmwf,3,6.4,4.4,4.2,52.6
2026-03-30,ecmwf,4,6.4,4.1,3.6,58.5
2026-03-30,ecmwf,5,6.5,5.2,5.4,42.3
2026-03-30,ecmwf,6,7.3,5.9,11.7,59.4
2026-03-30,ecmwf,7,6.8,6.1,1.8,39.5
2026-03-30,gem,1,6,4.8,4.8,49.7
2026-03-30,gem,2,5.9,4.6,8.1,49.7
2026-03-30,gem,3,6.2,5.2,3.6,46.1
2026-03-30,gem,4,5.9,5.1,7.5,53.3
2026-03-30,gem,5,5.9,5.4,11.4,60.1
2026-03-30,gem,6,6.8,5.5,3.6,58.3
2026-03-30,gem,7,6.5,4.8,0,34.6
2026-03-30,gfs,1,6.2,3.7,5.3,45.1
2026-03-30,gfs,2,6.1,3.7,5.1,45
2026-03-30,gfs,3,6.3,4.1,8.9,46.9
2026-03-30,gfs,4,7,4.7,5,51.3
2026-03-30,gfs,5,7.2,5.1,1.9,50.2
2026-03-30,gfs,6,7.3,5.1,1.8,52.2
2026-03-30,gfs,7,7.6,5.5,0.3,55.6
2026-03-30,icon,1,7.9,4.6,5,46.9
2026-03-30,icon,2,7.2,4.8,5,44.8
2026-03-30,icon,3,7.1,5.3,6.6,49.9
2026-03-30,icon,4,7.3,5.6,6.6,44.2
2026-03-30,icon,5,7.2,5.4,8,56.2
2026-03-30,icon,6,7,5.5,6.4,56.2
2026-03-30,ukmo,1,6.5,4,5.6,52.9
2026-03-30,ukmo,2,6.9,4.3,5.5,56.2
2026-03-30,ukmo,3,6.5,4.8,6.2,56.9
2026-03-30,ukmo,4,6.8,3.9,7.6,56.2
2026-03-30,ukmo,5,6.8,5.4,6.2,59.8
2026-03-30,ukmo,6,6.6,5.8,6.1,52.2
2026-03-31,arpege,1,7.3,5.7,0,
2026-03-31,arpege,2,8.1,5.3,0,
2026-03-31,arpege,3,7.6,5,0,
2026-03-31,ecmwf,1,6.6,6.3,0.3,40.3
2026-03-31,ecmwf,2,6.8,6.2,0.3,47.7
2026-03-31,ecmwf,3,6.5,6.2,1.8,44.9
2026-03-31,ecmwf,4,6.8,6.1,3.6,41.8
2026-03-31,ecmwf,5,7.6,5.7,1.5,33.9
2026-03-31,ecmwf,6,6.6,6.1,0,50.5
2026-03-31,ecmwf,7,6.7,6.2,0.6,66
2026-03-31,gem,1,6.4,5.5,0.3,39.6
2026-03-31,gem,2,6.2,5.4,0.6,38.5
2026-03-31,gem,3,6.2,5.3,0.6,41.8
2026-03-31,gem,4,6.2,5.8,0.9,43.9
2026-03-31,gem,5,6.2,5.7,0,43.6
2026-03-31,gem,6,6.3,5.5,4.2,58
2026-03-31,gem,7,7.4,5.5,2.7,61.6
2026-03-31,gfs,1,7.1,5,0.8,39.3
2026-03-31,gfs,2,6.8,4.6,1.3,39.3
2026-03-31,gfs,3,7.3,4.7,2.1,39.5
2026-03-31,gfs,4,7,4.7,0.2,44.6
2026-03-31,gfs,5,6.9,5.2,0,49.9
2026-03-31,gfs,6,7.1,5.1,0.1,56
2026-03-31,gfs,7,7.3,5.7,0,53.8
2026-03-31,icon,1,7.9,5.1,0,35.2
2026-03-31,icon,2,7.9,5.7,0,32.1
2026-03-31,icon,3,7.4,5.9,0.2,33.8
2026-03-31,icon,4,8.1,5.7,0.2,32.8
2026-03-31,icon,5,7.8,6.3,0,36.1
2026-03-31,icon,6,7.2,5.9,3.2,42
2026-03-31,ukmo,1,6.5,6.2,0,36.4
2026-03-31,ukmo,2,7,6.6,0,40.7
2026-03-31,ukmo,3,6.9,6.5,0,41
2026-03-31,ukmo,4,6.7,6.5,0.1,39.2
2026-03-31,ukmo,5,7.5,6.2,0,42.8
2026-03-31,ukmo,6,7.1,6,0,49
2026-04-01,arpege,1,6.9,3.6,0,
2026-04-01,arpege,2,5.8,3.4,0,
2026-04-01,arpege,3,7.6,3.2,0,
2026-04-01,ecmwf,1,7,5.8,0,22.9
2026-04-01,ecmwf,2,7,5.5,0,21.7
2026-04-01,ecmwf,3,7.5,4.7,0,28.1
2026-04-01,ecmwf,4,6.8,4.8,0,13.4
2026-04-01,ecmwf,5,6.3,3.7,0,20.6
2026-04-01,ecmwf,6,7.9,6,0.9,19.1
2026-04-01,ecmwf,7,7.4,6,0.9,51.5
2026-04-01,gem,1,6.5,4.6,0,18.7
2026-04-01,gem,2,5.6,4.8,0,21.2
2026-04-01,gem,3,5.9,4.5,0,19.4
2026-04-01,gem,4,5.7,3.8,0,23.8
2026-04-01,gem,5,6.6,3.6,0,27
2026-04-01,gem,6,6.9,6.1,0,31.3
2026-04-01,gem,7,6.8,3.9,0.6,67.7
2026-04-01,gfs,1,8.2,3.6,0,17.9
2026-04-01,gfs,2,8.1,2.4,0,15.2
2026-04-01,gfs,3,8.3,2.9,0,23.8
2026-04-01,gfs,4,8.2,3.9,0,17.3
2026-04-01,gfs,5,7.4,3.1,0,19.5
2026-04-01,gfs,6,9.7,4.7,0,31
2026-04-01,gfs,7,7.6,4.8,0.2,36.7
2026-04-01,icon,1,7.8,3.3,0,17.3
2026-04-01,icon,2,8.2,3.2,0,15.8
2026-04-01,icon,3,8.3,5.1,0,18.2
2026-04-01,icon,4,8.5,3.1,0,14.8
2026-04-01,icon,5,7.8,6.7,0.3,31.6
2026-04-01,icon,6,7.9,6.5,1,41.1
2026-04-01,ukmo,1,7.3,5.9,0,23
2026-04-01,ukmo,2,7.9,6.5,0,29.2
2026-04-01,ukmo,3,7.7,5.3,0,27.7
2026-04-01,ukmo,4,8,6.3,0,27.7
2026-04-01,ukmo,5,7.5,6,0.4,34.2
2026-04-01,ukmo,6,8.1,6,1.9,33.5
2026-04-02,arpege,1,7.5,3.8,1.9,
2026-04-02,arpege,2,8.2,3.2,0.3,
2026-04-02,arpege,3,8.4,2.9,1,
2026-04-02,ecmwf,1,7.2,6,0.9,36.9
2026-04-02,ecmwf,2,7.3,5.5,1.8,46.9
2026-04-02,ecmwf,3,7.4,5.6,0.6,42.2
2026-04-02,ecmwf,4,7.5,5.5,0.9,30.3
2026-04-02,ecmwf,5,6.7,5.6,0.9,22.5
2026-04-02,ecmwf,6,6.1,2.7,0,26.9
2026-04-02,ecmwf,7,7.2,5.6,0,35.9
2026-04-02,gem,1,6.5,4.9,0.6,32.8
2026-04-02,gem,2,6.3,4.8,0.6,33.1
2026-04-02,gem,3,6.9,5.2,0.9,28.4
2026-04-02,gem,4,7.1,4.1,0.6,30.2
2026-04-02,gem,5,6.5,5,0,19.8
2026-04-02,gem,6,6.3,4.4,0,14.4
2026-04-02,gem,7,7.4,4.8,0,38.5
2026-04-02,gfs,1,7,4.2,0.8,31.9
2026-04-02,gfs,2,7.3,4.1,0.3,32.2
2026-04-02,gfs,3,8.4,3.8,0.4,29
2026-04-02,gfs,4,8.6,5.3,0,26.3
2026-04-02,gfs,5,7.8,4,1.1,35.8
2026-04-02,gfs,6,6.9,3.2,1.4,31.7
2026-04-02,gfs,7,5.5,2.9,0.3,51.1
2026-04-02,icon,1,7.3,4,1.4,31.9
2026-04-02,icon,2,7.5,4.6,1.2,32.1
2026-04-02,icon,3,8.6,4.9,0.4,25.6
2026-04-02,icon,4,7.7,5.2,3.7,33.1
2026-04-02,icon,5,7.8,5.2,0.6,28.5
2026-04-02,icon,6,9,6,0.2,35.8
2026-04-02,ukmo,1,7.3,5.4,1.9,37.4
2026-04-02,ukmo,2,8.1,5.7,2,41
2026-04-02,ukmo,3,8.1,6,1.4,43.2
2026-04-02,ukmo,4,8,5.8,0.6,34.2
2026-04-02,ukmo,5,7.2,5.2,0.5,38.9
2026-04-02,ukmo,6,8.3,5.5,0.4,35.3
2026-04-03,arpege,1,8.7,4.9,0.7,
2026-04-03,arpege,2,7.8,2.8,2.1,
2026-04-03,arpege,3,7.6,3.8,3.1,
2026-04-03,ecmwf,1,8.1,5.5,2.4,39.4
2026-04-03,ecmwf,2,7.7,5,1.5,43.8
2026-04-03,ecmwf,3,7.9,5.1,2.4,45.6
2026-04-03,ecmwf,4,7.5,5,0,36.5
2026-04-03,ecmwf,5,7.5,5.4,0.9,28
2026-04-03,ecmwf,6,8,5.7,4.2,27.3
2026-04-03,ecmwf,7,8.3,3.7,1.5,19.6
2026-04-03,gem,1,7.1,4.5,1.8,46.8
2026-04-03,gem,2,7.1,4.7,1.8,46.8
2026-04-03,gem,3,7.1,4.3,2.4,41.8
2026-04-03,gem,4,6.2,4.8,2.4,37.1
2026-04-03,gem,5,6.6,5.3,2.4,52.6
2026-04-03,gem,6,8.3,5.5,1.2,34.9
2026-04-03,gem,7,8.2,1.6,0,20.9
2026-04-03,gfs,1,8.3,3.5,1.6,38.7
2026-04-03,gfs,2,8.2,3.5,1.5,35.5
2026-04-03,gfs,3,8.3,3.7,0.8,41.1
2026-04-03,gfs,4,7.4,3.8,0,22.3
2026-04-03,gfs,5,8.1,3.4,0.3,28.4
2026-04-03,gfs,6,7.8,3.4,0.8,33
2026-04-03,gfs,7,6.5,3.5,2.5,33.8
2026-04-03,icon,1,8.1,3.9,2.2,37.5
2026-04-03,icon,2,7.9,4.6,3.5,37.7
2026-04-03,icon,3,7.9,4.2,4,37.6
2026-04-03,icon,4,7.8,4.8,4.3,35.3
2026-04-03,icon,5,8,5.1,2.1,47.9
2026-04-03,icon,6,7.4,4.7,0.3,19.5
2026-04-03,ukmo,1,8,5.4,1.5,41
2026-04-03,ukmo,2,8.4,5.4,0.6,40.3
2026-04-03,ukmo,3,8.5,5.3,0,44.6
2026-04-03,ukmo,4,7.7,4.9,1.4,35.6
2026-04-03,ukmo,5,6.3,3.7,0.9,42.8
2026-04-03,ukmo,6,6.1,5,0,34.6
2026-04-04,arpege,1,8.4,6.6,0.7,
2026-04-04,arpege,2,8.2,6,1.8,
2026-04-04,arpege,3,8.9,5.9,0.3,
2026-04-04,ecmwf,1,9.3,6.7,1.5,42
2026-04-04,ecmwf,2,7.7,6.7,0,34.2
2026-04-04,ecmwf,3,9,6.7,1.5,50.8
2026-04-04,ecmwf,4,8.3,6.8,0.3,40.5
2026-04-04,ecmwf,5,8.6,6.4,1.8,42.9
2026-04-04,ecmwf,6,8.9,7.1,1.5,42.5
2026-04-04,ecmwf,7,7.8,6.1,5.1,44.6
2026-04-04,gem,1,8.4,6.5,2.7,51.8
2026-04-04,gem,2,8.7,6.4,2.1,41.4
2026-04-04,gem,3,8.7,6.6,1.8,52.2
2026-04-04,gem,4,8.1,5.9,1.2,33.8
2026-04-04,gem,5,7.6,5,2.4,46.8
2026-04-04,gem,6,7.5,5.4,2.1,40.7
2026-04-04,gem,7,6.9,5.1,1.5,45.4
2026-04-04,gfs,1,8.6,6.1,1.1,45.3
2026-04-04,gfs,2,7.9,6.7,0.9,34.4
2026-04-04,gfs,3,10,6.2,1,48
2026-04-04,gfs,4,9.2,6.9,0,28.2
2026-04-04,gfs,5,11.2,6.7,0.2,30.4
2026-04-04,gfs,6,11,5.4,3.4,54.3
2026-04-04,gfs,7,7.5,3.5,1.3,44.6
2026-04-04,icon,1,8.8,6.7,2,40.4
2026-04-04,icon,2,9.3,7.2,0.3,36.7
2026-04-04,icon,3,9.1,7.3,2.4,31.8
2026-04-04,icon,4,9,7,0.2,28.6
2026-04-04,icon,5,7.7,6.7,0,50.7
2026-04-04,icon,6,8.6,4.7,2.7,28.5
2026-04-04,ukmo,1,8.5,6.7,0,47.2
2026-04-04,ukmo,2,8.8,7.2,0,36.4
2026-04-04,ukmo,3,8.8,7.2,0.3,42.1
2026-04-04,ukmo,4,9.2,6.4,0.3,39.6
2026-04-04,ukmo,5,9.5,4.9,1.4,48.6
2026-04-04,ukmo,6,7.6,5.3,7.7,43.6
2026-04-05,arpege,1,9.4,6.9,0.6,
2026-04-05,arpege,2,8.7,6.2,0.9,
2026-04-05,arpege,3,9.2,6.2,0.4,
2026-04-05,ecmwf,1,10.1,6.8,1.2,56.1
2026-04-05,ecmwf,2,10.2,6.4,0.9,54
2026-04-05,ecmwf,3,9.7,7.1,1.2,51.9
2026-04-05,ecmwf,4,9.4,6.9,1.8,43.9
2026-04-05,ecmwf,5,9.9,6.8,1.8,47.1
2026-04-05,ecmwf,6,9.2,7.2,0.6,43.3
2026-04-05,ecmwf,7,9.8,7.2,2.7,48.9
2026-04-05,gem,1,10.3,6.6,0.6,54.4
2026-04-05,gem,2,10.3,6.7,0.3,55.1
2026-04-05,gem,3,10.1,6.6,1.2,46.4
2026-04-05,gem,4,10.3,6.6,0,46.8
2026-04-05,gem,5,9.4,7,0.3,49.7
2026-04-05,gem,6,9.7,6.6,1.8,46.4
2026-04-05,gem,7,9.3,5.9,3,40
2026-04-05,gfs,1,10.3,6.2,0.2,54.9
2026-04-05,gfs,2,10.5,6.1,0.6,62
2026-04-05,gfs,3,10.2,5.8,0.4,48.3
2026-04-05,gfs,4,10.1,5.7,1.6,38.5
2026-04-05,gfs,5,10.3,5.9,0,31.7
2026-04-05,gfs,6,11.6,6.1,0.1,33.5
2026-04-05,gfs,7,7.7,4.6,0.6,74.8
2026-04-05,icon,1,10.3,6.5,0.3,42
2026-04-05,icon,2,10.5,6.4,1.1,37.6
2026-04-05,icon,3,10.2,7.1,2.5,38.1
2026-04-05,icon,4,10.5,6.8,1.4,38
2026-04-05,icon,5,9.7,6.8,0,46.4
2026-04-05,icon,6,10.9,6.7,2.3,31.2
2026-04-05,ukmo,1,10.2,6.3,0.7,52.6
2026-04-05,ukmo,2,10,7.4,0.7,50.8
2026-04-05,ukmo,3,9.8,7.8,0.9,45.4
2026-04-05,ukmo,4,9.6,7.4,0.3,58.7
2026-04-05,ukmo,5,10.3,7.7,0.4,52.6
2026-04-05,ukmo,6,9.8,6.5,2,49
2026-04-06,arpege,1,8.1,6.1,0,
2026-04-06,arpege,2,8.4,5.3,0.6,
2026-04-06,arpege,3,8,5.7,0.2,
2026-04-06,ecmwf,1,7,6.7,0.3,46.8
2026-04-06,ecmwf,2,7.2,6.6,0.6,46.7
2026-04-06,ecmwf,3,7.5,6.6,0,45.8
2026-04-06,ecmwf,4,7.4,6.8,0.6,44.3
2026-04-06,ecmwf,5,7.6,6.8,0,51.8
2026-04-06,ecmwf,6,8.1,6.8,0,29.6
2026-04-06,ecmwf,7,8.8,6.4,0.3,43.6
2026-04-06,gem,1,6.7,6.1,0,49
2026-04-06,gem,2,6.7,6.1,0,47.2
2026-04-06,gem,3,7.1,6.1,0,43.2
2026-04-06,gem,4,7.1,6.3,0,30.6
2026-04-06,gem,5,7.3,6.3,0,35.6
2026-04-06,gem,6,8.3,6,0.6,28.4
2026-04-06,gem,7,7.3,6.1,1.2,57.2
2026-04-06,gfs,1,7.3,5.6,0,40.1
2026-04-06,gfs,2,7.2,5.4,0.3,39.2
2026-04-06,gfs,3,7.3,5.3,0.7,43.5
2026-04-06,gfs,4,7.3,5.2,0,31.4
2026-04-06,gfs,5,7.3,4.5,0.1,35.7
2026-04-06,gfs,6,9,4.8,0,15
2026-04-06,gfs,7,13.3,5,0,29.3
2026-04-06,icon,1,8,5.7,0,38.9
2026-04-06,icon,2,7.9,6,0,37.1
2026-04-06,icon,3,7.9,6.2,0,31.5
2026-04-06,icon,4,8.3,5.8,0,30.7
2026-04-06,icon,5,8,6.7,0,35.6
2026-04-06,icon,6,8.8,6.8,0,31.7
2026-04-06,ukmo,1,7.1,5.7,0.7,46.1
2026-04-06,ukmo,2,7.5,7.1,0.4,51.1
2026-04-06,ukmo,3,8.1,7.1,0.3,50.4
2026-04-06,ukmo,4,7.6,6.2,0.4,50.4
2026-04-06,ukmo,5,8,7,0,36
2026-04-06,ukmo,6,8.3,7.6,0,45
2026-04-07,arpege,1,10,4.7,0,
2026-04-07,arpege,2,7.1,5.4,0,
2026-04-07,arpege,3,8.8,4.2,0,
2026-04-07,ecmwf,1,7.5,6.6,0,27.8
2026-04-07,ecmwf,2,7.6,6.5,0,27.6
2026-04-07,ecmwf,3,7.1,6.4,0,26.9
2026-04-07,ecmwf,4,6.8,6.5,0,28.2
2026-04-07,ecmwf,5,7.1,6.4,0,16.7
2026-04-07,ecmwf,6,9.1,6,0,27.3
2026-04-07,ecmwf,7,12.4,8.7,0,32.6
2026-04-07,gem,1,6.7,5.9,0,26.3
2026-04-07,gem,2,6.7,5.9,0,26.6
2026-04-07,gem,3,6.5,5.6,0,23.8
2026-04-07,gem,4,6.7,5.8,0,24.1
2026-04-07,gem,5,11.1,5.8,0,36.4
2026-04-07,gem,6,11.1,3.8,0,36
2026-04-07,gem,7,13.8,6.8,0,44.6
2026-04-07,gfs,1,8.7,5.4,0,25.6
2026-04-07,gfs,2,7.7,4.8,0,22.7
2026-04-07,gfs,3,8.9,4.4,0,19.7
2026-04-07,gfs,4,8.1,4.6,0,19.7
2026-04-07,gfs,5,10.7,2.6,0,20.2
2026-04-07,gfs,6,9.6,3.6,0,22.3
2026-04-07,gfs,7,15.7,7.4,0.2,30.1
2026-04-07,icon,1,9.4,5,0,23.5
2026-04-07,icon,2,8.5,5.3,0,19
2026-04-07,icon,3,8.6,5.3,0,19.2
2026-04-07,icon,4,11.2,4.3,0,14.3
2026-04-07,icon,5,10.4,6.4,0,23.1
2026-04-07,icon,6,13.6,5.7,0,30.5
2026-04-07,ukmo,1,8.4,6.9,0,28.1
2026-04-07,ukmo,2,8.3,6.9,0,32.8
2026-04-07,ukmo,3,7.3,6.8,0,30.6
2026-04-07,ukmo,4,8.3,6.5,0,30.6
2026-04-07,ukmo,5,8.3,6.6,0,27.4
2026-04-07,ukmo,6,10.2,3.9,0,31.7
2026-04-08,arpege,1,12.5,0.5,0,
2026-04-08,arpege,2,10.2,5.2,0,
2026-04-08,arpege,3,12.1,1,0,
2026-04-08,ecmwf,1,9.8,5.5,0,27.6
2026-04-08,ecmwf,2,10,5.2,0,27
2026-04-08,ecmwf,3,10,5.6,0,25.7
2026-04-08,ecmwf,4,9,5.9,0,22.9
2026-04-08,ecmwf,5,10,5,0,25.4
2026-04-08,ecmwf,6,9.8,5.2,0,35.6
2026-04-08,ecmwf,7,10.5,5.9,0.3,43
2026-04-08,gem,1,9.4,3.4,0,28.4
2026-04-08,gem,2,9.2,3.2,0,29.9
2026-04-08,gem,3,9.2,3.5,0,23.4
2026-04-08,gem,4,9.5,4.1,0,24.5
2026-04-08,gem,5,8.6,3.7,2.7,29.9
2026-04-08,gem,6,9.2,6.6,2.7,39.2
2026-04-08,gem,7,11,6.6,3.3,38.5
2026-04-08,gfs,1,12.1,3,0,24.6
2026-04-08,gfs,2,11.8,2.7,0,22.7
2026-04-08,gfs,3,11.4,3.1,0,22.3
2026-04-08,gfs,4,11.1,2.7,0,26.1
2026-04-08,gfs,5,9.9,2.4,0,33.5
2026-04-08,gfs,6,10.2,2.8,0,43.8
2026-04-08,gfs,7,10.5,2.3,0,37.1
2026-04-08,icon,1,13.7,1.2,0,20.5
2026-04-08,icon,2,12.7,3.7,0,21.8
2026-04-08,icon,3,12.6,3.7,0,19.1
2026-04-08,icon,4,10.3,4,0,26.6
2026-04-08,icon,5,10.3,4,0.3,25.6
2026-04-08,icon,6,10.3,4,0,44.3
2026-04-08,ukmo,1,10.4,4.7,0,28.8
2026-04-08,ukmo,2,10.5,4.5,0,29.2
2026-04-08,ukmo,3,10.6,5.6,0,41
2026-04-08,ukmo,4,10.2,4.1,0,41
2026-04-08,ukmo,5,10.2,4.1,0,41
2026-04-08,ukmo,6,10.2,4.7,0,41.4
2026-04-09,arpege,1,11.7,4.5,0,
2026-04-09,arpege,2,10.1,5.2,0,
2026-04-09,arpege,3,10.4,3.9,0.2,
2026-04-09,ecmwf,1,9.8,5.6,2.7,38
2026-04-09,ecmwf,2,9.8,5.8,0,40.5
2026-04-09,ecmwf,3,9.8,5.6,1.8,42.3
2026-04-09,ecmwf,4,9.9,6.4,0.9,40.4
2026-04-09,ecmwf,5,9.8,6.8,0.9,40.6
2026-04-09,ecmwf,6,9.6,4.6,1.8,39
2026-04-09,ecmwf,7,8,4.3,0.9,42.8
2026-04-09,gem,1,9.6,5.9,0.3,40.3
2026-04-09,gem,2,9.8,5.4,0.3,41.4
2026-04-09,gem,3,9,4.5,0,46.8
2026-04-09,gem,4,8.9,3.1,0.3,34.9
2026-04-09,gem,5,8.2,5.5,0.9,37.4
2026-04-09,gem,6,9.9,6.8,0.3,34.2
2026-04-09,gem,7,10.1,4.8,0.9,38.9
2026-04-09,gfs,1,11.4,5,0,34.5
2026-04-09,gfs,2,11.9,4.9,0,36.4
2026-04-09,gfs,3,11,3.3,0,35.8
2026-04-09,gfs,4,10.2,2.7,0,26.3
2026-04-09,gfs,5,9.5,0.7,0,28.8
2026-04-09,gfs,6,8.9,0.6,0,43.9
2026-04-09,gfs,7,8.8,0.8,0,43.5
2026-04-09,icon,1,12.9,4.3,0.2,35.6
2026-04-09,icon,2,11.4,4.2,0,33.6
2026-04-09,icon,3,12.3,4.4,0.6,34.9
2026-04-09,icon,4,8.5,2.3,2.9,39.4
2026-04-09,icon,5,8.5,2.3,0.6,39.7
2026-04-09,icon,6,8.5,2.3,0,51.8
2026-04-09,ukmo,1,10.5,5.1,0,38.9
2026-04-09,ukmo,2,10.2,5.4,0,38.9
2026-04-09,ukmo,3,10.6,5.5,,
2026-04-10,arpege,1,8,4.6,5,
2026-04-10,arpege,2,8.7,5.2,11.1,
2026-04-10,arpege,3,8.9,5.8,6.3,
2026-04-10,ecmwf,1,7.6,6.5,6.9,44.5
2026-04-10,ecmwf,2,7.7,6.5,5.1,46.2
2026-04-10,ecmwf,3,7.9,6.9,2.7,46.8
2026-04-10,ecmwf,4,9.5,6.5,0.9,39.6
2026-04-10,ecmwf,5,9.5,6.8,3.6,38.2
2026-04-10,ecmwf,6,8.1,5.9,14.1,45.2
2026-04-10,ecmwf,7,6.8,4.5,3.6,40.6
2026-04-10,gem,1,8.2,6,2.4,46.1
2026-04-10,gem,2,8.7,6,0.3,45.4
2026-04-10,gem,3,8.4,5.9,3,53.6
2026-04-10,gem,4,7.3,5.7,0,43.6
2026-04-10,gem,5,8.4,5.9,14.1,50.4
2026-04-10,gem,6,8.5,6,0,29.9
2026-04-10,gem,7,10.3,6.6,0,33.8
2026-04-10,gfs,1,8.1,4.9,5.7,42.2
2026-04-10,gfs,2,8.4,4.7,11.4,36.9
2026-04-10,gfs,3,8.8,4.9,3.4,40.4
2026-04-10,gfs,4,8.3,5.1,0,24
2026-04-10,gfs,5,10.9,5.6,0,18.7
2026-04-10,gfs,6,10.9,-0.8,0,27.9
2026-04-10,gfs,7,9.3,-0.3,0,32.5
2026-04-10,icon,1,9.3,5.3,2.3,41.6
2026-04-10,icon,2,9.2,6,3,38.2
2026-04-10,icon,3,8.8,5.3,9.8,46.1
2026-04-10,ukmo,1,8.2,5.3,1.6,47.9
2026-04-10,ukmo,2,8.3,5.6,7.9,53.3
2026-04-10,ukmo,3,9.3,7.3,,
2026-04-11,arpege,1,12.9,2.1,0.7,
2026-04-11,arpege,2,12.1,2.5,0,
2026-04-11,arpege,3,11.2,3,0,
2026-04-11,ecmwf,1,11.4,6.3,0,48.1
2026-04-11,ecmwf,2,10.7,4.9,0,48.2
2026-04-11,ecmwf,3,10.8,4.9,0,39.3
2026-04-11,ecmwf,4,10.2,4.8,0,41.4
2026-04-11,ecmwf,5,10.9,6.2,9.3,36.9
2026-04-11,ecmwf,6,8.6,5.4,0,28.9
2026-04-11,ecmwf,7,8.4,4.3,9.3,34.8
2026-04-11,gem,1,11.1,4.5,2.1,46.1
2026-04-11,gem,2,10.5,4.7,0,46.8
2026-04-11,gem,3,10.7,4.8,0,46.8
2026-04-11,gem,4,9.9,5.1,0,38.2
2026-04-11,gem,5,10.2,5.1,,38.2
2026-04-11,gem,6,10.7,5.1,0,31.7
2026-04-11,gem,7,11,5.3,0,30.2
2026-04-11,gfs,1,12.3,3.2,0.5,39.7
2026-04-11,gfs,2,11.3,3.2,0,38
2026-04-11,gfs,3,12.6,3.4,0,37.6
2026-04-11,gfs,4,12.7,2.9,0,40.5
2026-04-11,gfs,5,12.6,5.3,0,31.9
2026-04-11,gfs,6,16.6,7.3,0,29.8
2026-04-11,gfs,7,14.1,-0.1,0,31.1
2026-04-11,icon,1,13.9,3,2.8,38.2
2026-04-11,icon,2,13,4,0,35.8
2026-04-11,icon,3,12.8,4,0,33.2
2026-04-11,ukmo,1,12.4,4.8,0.8,39.2
2026-04-11,ukmo,2,12.3,4.9,,
2026-04-12,arpege,1,11.8,6.7,5.2,
2026-04-12,arpege,2,12,6.1,5.7,
2026-04-12,arpege,3,11.6,5.9,4.5,
2026-04-12,ecmwf,1,10.3,7.6,3,30.4
2026-04-12,ecmwf,2,10.5,7.8,3,36.2
2026-04-12,ecmwf,3,9.2,7.5,1.2,42.4
2026-04-12,ecmwf,4,8,6.5,9.9,47.3
2026-04-12,ecmwf,5,9.7,6.8,0,37.4
2026-04-12,ecmwf,6,9.9,4.6,0,37.2
2026-04-12,ecmwf,7,8.9,5.1,0,32
2026-04-12,gem,1,9.1,6.6,3.3,40
2026-04-12,gem,2,9.4,6.9,3,39.2
2026-04-12,gem,3,9.9,6.8,7.8,46.1
2026-04-12,gem,4,9.9,6.6,4.8,33.8
2026-04-12,gem,5,10.5,6.1,,38.9
2026-04-12,gem,6,10.7,5.3,0,40
2026-04-12,gem,7,11.9,7.5,0,34.2
2026-04-12,gfs,1,10.1,6.4,2.3,31
2026-04-12,gfs,2,10.1,5.9,3.8,34.2
2026-04-12,gfs,3,9.5,6.4,1,36.4
2026-04-12,gfs,4,10.2,6.7,3.4,40.4
2026-04-12,gfs,5,9.5,2.5,1.6,32.4
2026-04-12,gfs,6,13.7,4.5,0,40.9
2026-04-12,gfs,7,15.7,5.6,0,27.3
2026-04-12,icon,1,12.9,6.2,2.6,28.1
2026-04-12,icon,2,12,7.1,1.9,35.5
2026-04-12,icon,3,11.7,6.7,7.5,33.9
2026-04-12,icon,4,9.8,5.1,2.6,38.1
2026-04-12,ukmo,1,9.7,7.5,1.3,36.4
2026-04-12,ukmo,2,10.6,7.6,,
2026-04-12,ukmo,4,9.1,6.5,6.1,45
2026-04-12,ukmo,5,9.2,6.3,,29.2
2026-04-12,ukmo,6,10.9,6.4,,36.4
2026-04-13,arpege,1,10.7,4.9,7.9,
2026-04-13,arpege,2,11.1,5.8,3.4,
2026-04-13,arpege,3,9.5,5,5.3,
2026-04-13,ecmwf,1,9.8,6.7,1.5,24.1
2026-04-13,ecmwf,2,9.9,6.4,5.7,27.2
2026-04-13,ecmwf,3,8.9,7.2,2.1,26.1
2026-04-13,ecmwf,4,10.1,7,0.3,35.1
2026-04-13,ecmwf,5,8.7,7.3,0,40.1
2026-04-13,ecmwf,6,9.3,6.9,6,31.4
2026-04-13,ecmwf,7,10,6,0,31.4
2026-04-13,gem,1,9.3,6.4,3.9,24.5
2026-04-13,gem,2,9.1,7,7.5,26.3
2026-04-13,gem,3,9.7,7.7,3.3,22.3
2026-04-13,gem,4,8.8,7.1,8.4,24.8
2026-04-13,gem,5,8.6,6.4,,24.8
2026-04-13,gem,6,7.7,5.4,1.2,33.8
2026-04-13,gem,7,9.9,5.2,0,34.2
2026-04-13,gfs,1,11.4,5.8,8.6,26.1
2026-04-13,gfs,2,10,5.6,8.8,21.4
2026-04-13,gfs,3,10,5.1,9.2,24.1
2026-04-13,gfs,4,10.6,6,4.9,27.9
2026-04-13,gfs,5,10.7,5.3,0,17.5
2026-04-13,gfs,6,9.9,2.9,0,33.6
2026-04-13,gfs,7,13.1,5.1,0,31.7
2026-04-13,icon,1,12,4.7,5.8,19.9
2026-04-13,icon,2,10.5,6.8,4.4,18.8
2026-04-13,icon,3,11.9,7.8,6.6,20.7
2026-04-13,icon,4,11.4,5.7,0,20.3
2026-04-13,ukmo,1,10.5,5.9,5.4,26.6
2026-04-13,ukmo,2,10.3,6.7,,
2026-04-13,ukmo,4,9.9,6.8,3.1,28.8
2026-04-13,ukmo,5,9,6.2,,41.8
2026-04-13,ukmo,6,9.5,6.5,,34.2
2026-04-14,arpege,1,9.5,6,7.4,
2026-04-14,arpege,2,8.2,5.9,6.9,
2026-04-14,arpege,3,9.9,4.8,3.4,
2026-04-14,ecmwf,1,8.7,7.7,4.2,24.7
2026-04-14,ecmwf,2,8.6,7.5,3.3,26.3
2026-04-14,ecmwf,3,10,7.7,2.7,23.9
2026-04-14,ecmwf,4,9.8,7.6,1.5,32.1
2026-04-14,ecmwf,5,11.2,8.2,0,37.8
2026-04-14,ecmwf,6,7.7,6.8,0.6,12.7
2026-04-14,ecmwf,7,8.5,5.6,0,12.2
2026-04-14,gem,1,7.9,7,6.3,28.4
2026-04-14,gem,2,7.7,6.3,0.6,26.3
2026-04-14,gem,3,8.4,7,3.9,29.5
2026-04-14,gem,4,8.4,6.5,6.9,29.9
2026-04-14,gem,5,8.6,7.2,11.1,17.3
2026-04-14,gem,6,9,6.1,3.3,29.9
2026-04-14,gem,7,8.7,6.1,0,27
2026-04-14,gfs,1,9.9,6.9,6.9,19.4
2026-04-14,gfs,2,9.5,6.6,13.2,22.4
2026-04-14,gfs,3,7.9,6.2,8.8,28.1
2026-04-14,gfs,4,10.2,6.1,5,25.6
2026-04-14,gfs,5,10.7,6.2,0,23.7
2026-04-14,gfs,6,10.8,5.3,1.2,15.7
2026-04-14,gfs,7,9.9,3,0,27
2026-04-14,icon,1,10.7,5.8,1.4,20.1
2026-04-14,icon,2,9.5,7.3,1.9,22.9
2026-04-14,icon,3,8.5,7.4,5.2,21.8
2026-04-14,icon,4,11.3,7.1,1.8,13.7
2026-04-14,icon,5,9.1,6.6,0,20.3
2026-04-14,icon,6,9.2,6.9,2.3,29.6
2026-04-14,ukmo,1,8.8,7.5,1.9,27.4
2026-04-14,ukmo,2,9.2,7.3,,
2026-04-14,ukmo,4,9.3,7.2,3.2,26.3
2026-04-14,ukmo,5,11,7.6,,41.4
2026-04-14,ukmo,6,10.9,7.1,,40
2026-04-15,arpege,1,14.3,2.5,0,
2026-04-15,arpege,2,14.7,2.9,0,
2026-04-15,arpege,3,11.1,4.2,0,
2026-04-15,ecmwf,1,11.9,7.1,0,20.2
2026-04-15,ecmwf,2,11.5,6.2,0,20.1
2026-04-15,ecmwf,3,9.8,5.7,0,22.8
2026-04-15,ecmwf,4,11,7.2,0,17.5
2026-04-15,ecmwf,5,8.9,7.6,0,23
2026-04-15,ecmwf,6,11.5,5.9,0,30.6
2026-04-15,ecmwf,7,8.3,6.8,0,30.6
2026-04-15,gem,1,10.9,4.9,0,18.7
2026-04-15,gem,2,10.6,4.1,0,17.6
2026-04-15,gem,3,7.9,4.3,0,20.2
2026-04-15,gem,4,10,5.1,0,22.3
2026-04-15,gem,5,10.3,7.2,0,17.3
2026-04-15,gem,6,8.1,6.5,0,14
2026-04-15,gem,7,9.3,6.9,0,30.2
2026-04-15,gfs,1,12,6.4,0,16.1
2026-04-15,gfs,2,12.3,5.4,0,15.4
2026-04-15,gfs,3,10.7,6.4,0.2,25.1
2026-04-15,gfs,4,10.5,6,0,22.5
2026-04-15,gfs,5,10,6.8,0.1,17.1
2026-04-15,gfs,6,8.9,5.3,0,16.4
2026-04-15,gfs,7,11.3,5.9,0.8,34
2026-04-15,icon,1,14.5,5.1,0,15.9
2026-04-15,icon,2,14.3,5.4,0,15.6
2026-04-15,icon,3,13.3,6.1,0,18.9
2026-04-15,icon,4,10.8,5.2,0,21.9
2026-04-15,icon,5,14.5,7.4,0,25
2026-04-15,icon,6,10.9,6.6,0.2,18.4
2026-04-15,ukmo,1,12.5,8.9,0,22.7
2026-04-15,ukmo,2,11.6,7.9,,
2026-04-15,ukmo,4,10.7,6.8,0,31.7
2026-04-15,ukmo,5,11.5,7.5,,25.6
2026-04-15,ukmo,6,11.6,8.2,,40
2026-04-16,arpege,1,11.3,7.8,5.2,
2026-04-16,arpege,2,11.6,8.2,0.2,
2026-04-16,arpege,3,11.7,7.9,0.2,
2026-04-16,ecmwf,1,11.1,9,0.3,24.1
2026-04-16,ecmwf,2,10.9,9,1.2,26.2
2026-04-16,ecmwf,3,9.9,8.9,0,23.3
2026-04-16,ecmwf,4,11,7.7,0,25.9
2026-04-16,ecmwf,5,12,8.1,0,17.6
2026-04-16,ecmwf,6,10.1,7.8,4.5,28.5
2026-04-16,ecmwf,7,11,7.2,0,19
2026-04-16,gem,1,10.1,7.3,0,22.7
2026-04-16,gem,2,9.7,7.7,0,20.2
2026-04-16,gem,3,10,7.5,0.9,27.4
2026-04-16,gem,4,9.4,5.3,0,19.8
2026-04-16,gem,5,11.3,5.7,0,25.9
2026-04-16,gem,6,11.2,7.9,0,22.3
2026-04-16,gem,7,9,7.1,0,22
2026-04-16,gfs,1,11.5,8.3,0.1,20.1
2026-04-16,gfs,2,11.6,8.1,0.2,20.2
2026-04-16,gfs,3,11.2,6,0.7,16.3
2026-04-16,gfs,4,11.7,5.4,1.2,22.2
2026-04-16,gfs,5,12.9,6.6,0,22
2026-04-16,gfs,6,10.2,7.2,0,30.7
2026-04-16,gfs,7,11.4,5.8,0.3,23.5
2026-04-16,icon,1,11.8,8,0.7,20
2026-04-16,icon,2,11.4,9,0,17.1
2026-04-16,icon,3,12.2,8.9,0.2,21
2026-04-16,icon,4,13,5.9,0,20.9
2026-04-16,icon,5,12.5,8.3,0.9,25.1
2026-04-16,icon,6,10.7,9,1.2,20.7
2026-04-16,ukmo,1,11.2,9.2,0.9,23
2026-04-16,ukmo,2,10.9,9,,
2026-04-16,ukmo,4,11.7,8.7,0,31.7
2026-04-16,ukmo,5,10.2,7.7,,26.3
2026-04-16,ukmo,6,10.4,7.9,,30.6
2026-04-17,arpege,1,16.6,5.3,0.7,
2026-04-17,arpege,2,16.6,7.3,1,
2026-04-17,arpege,3,15.4,7.7,0,
2026-04-17,ecmwf,1,11.8,8.1,0,16.7
2026-04-17,ecmwf,2,11.6,8.7,0,20.6
2026-04-17,ecmwf,3,11.8,8.9,0,17.2
2026-04-17,ecmwf,4,11.6,8.9,0,19.6
2026-04-17,ecmwf,5,10.6,8.9,,23.4
2026-04-17,ecmwf,6,10.6,7.9,0,16.4
2026-04-17,ecmwf,7,9.8,8.4,,18
2026-04-17,gem,1,12.2,5.7,0,23.4
2026-04-17,gem,2,11.6,5.8,0,19.4
2026-04-17,gem,3,11.4,7.1,0,12.6
2026-04-17,gem,4,9,5.9,0,15.1
2026-04-17,gem,5,12.1,6.7,0,21.2
2026-04-17,gem,6,12,7.8,1.5,27.4
2026-04-17,gem,7,11.2,7.4,0,27
2026-04-17,gfs,1,13,8,0,12.2
2026-04-17,gfs,2,13.2,7.5,0,15.8
2026-04-17,gfs,3,12.4,7.3,0,11.9
2026-04-17,gfs,4,11.7,6.8,0,13.7
2026-04-17,gfs,5,12.4,6.3,0,18
2026-04-17,gfs,6,13.3,7.3,0,21.1
2026-04-17,gfs,7,11.3,7.4,0,30.2
2026-04-17,icon,1,16.4,7.3,0,12.5
2026-04-17,icon,2,14.9,8,0,12.2
2026-04-17,icon,3,14.3,8.8,0,12.1
2026-04-17,icon,4,13.6,7.3,0,12.6
2026-04-17,icon,5,12.1,9,0,13.2
2026-04-17,icon,6,15.8,6.8,0,19.6
2026-04-17,ukmo,1,12.9,9.1,0.5,16.6
2026-04-17,ukmo,2,12.5,9.7,,
2026-04-17,ukmo,4,10.5,7.2,0,14.4
2026-04-17,ukmo,5,12.3,8,,20.2
2026-04-17,ukmo,6,10.6,9.1,,19.8
2026-04-18,arpege,1,12.7,7.4,0.4,
2026-04-18,arpege,2,13,7.8,1.1,
2026-04-18,arpege,3,12.7,8.5,0.3,
2026-04-18,ecmwf,1,11.2,8.9,0.9,22.5
2026-04-18,ecmwf,2,11.5,8.8,0.9,21.4
2026-04-18,ecmwf,3,11.6,9,1.5,23.5
2026-04-18,ecmwf,4,11.4,9.3,0.9,22.5
2026-04-18,ecmwf,5,10.8,8,,17.8
2026-04-18,ecmwf,6,10.5,8.3,1.2,22.2
2026-04-18,ecmwf,7,10,7.8,,13.2
2026-04-18,gem,1,11.6,8.5,0,23.4
2026-04-18,gem,2,11.2,8.6,0.9,24.5
2026-04-18,gem,3,11,7.8,0,24.8
2026-04-18,gem,4,10.2,8.4,0.3,28.4
2026-04-18,gem,5,11,8.3,1.8,29.5
2026-04-18,gem,6,12.4,7.9,3.6,27.7
2026-04-18,gem,7,10.5,7.2,7.8,26.3
2026-04-18,gfs,1,12.1,8.1,0.6,18
2026-04-18,gfs,2,12.8,8.8,0.4,18.9
2026-04-18,gfs,3,12.4,8.7,2.7,22.5
2026-04-18,gfs,4,12.9,6.4,0,21.4
2026-04-18,gfs,5,14.2,5.6,0,17.2
2026-04-18,gfs,6,13.7,5.5,0,20.2
2026-04-18,gfs,7,13.4,7.8,0.4,22.7
2026-04-18,icon,1,12.1,8.2,1.1,19.4
2026-04-18,icon,2,12.9,8.6,2,17.8
2026-04-18,icon,3,13,9.2,2.5,19.5
2026-04-18,icon,4,12.9,8.3,5.6,23.3
2026-04-18,icon,5,13.6,7.5,0,22.1
2026-04-18,icon,6,15.7,9.6,0,25.1
2026-04-18,ukmo,1,11.1,9,1.2,22.7
2026-04-18,ukmo,2,11.7,9.7,,
2026-04-18,ukmo,4,13,7.8,0,23
2026-04-18,ukmo,5,12,8.8,,29.9
2026-04-18,ukmo,6,12.3,7.9,,29.2
2026-04-19,arpege,1,9.9,7.9,0,
2026-04-19,arpege,2,10.2,7.7,1.6,
2026-04-19,arpege,3,9.4,7.1,0.2,
2026-04-19,ecmwf,1,8.8,8.2,0.3,38
2026-04-19,ecmwf,2,8.9,8.4,0.3,35.2
2026-04-19,ecmwf,3,8.8,8.2,0,38.5
2026-04-19,ecmwf,4,9.1,8.3,0.3,32.3
2026-04-19,ecmwf,5,8.9,8.1,,36.3
2026-04-19,ecmwf,6,10.9,8.1,0.3,38.3
2026-04-19,ecmwf,7,11.1,8.8,,25
2026-04-19,gem,1,8.3,7.6,0,37.8
2026-04-19,gem,2,8.4,7.6,0,33.8
2026-04-19,gem,3,8.4,7.7,0,34.2
2026-04-19,gem,4,8.3,6.6,0,22
2026-04-19,gem,5,8.4,7.5,0,38.5
2026-04-19,gem,6,8.7,7.4,0,20.9
2026-04-19,gem,7,11.2,7.3,0,28.8
2026-04-19,gfs,1,10,7.4,0,31.1
2026-04-19,gfs,2,9.6,7.3,0.5,27.8
2026-04-19,gfs,3,10,7.4,0,29.8
2026-04-19,gfs,4,9.7,7.4,0.2,35.2
2026-04-19,gfs,5,10.3,7.6,1.4,29.5
2026-04-19,gfs,6,14.3,5.7,0,37.8
2026-04-19,gfs,7,14.5,4.1,3.1,32.1
2026-04-19,icon,1,10.7,7.4,0.1,31.4
2026-04-19,icon,2,10.2,7.3,0,32.9
2026-04-19,icon,3,10.7,8,0.1,30.1
2026-04-19,icon,4,10.1,7.3,0,26.5
2026-04-19,icon,5,11.7,7.6,3.3,39.8
2026-04-19,icon,6,14.6,8.3,0,33.5
2026-04-19,ukmo,1,8.9,8.3,0.6,35.6
2026-04-19,ukmo,2,9.6,8.4,,
2026-04-19,ukmo,4,11.3,9,0,37.4
2026-04-20,arpege,1,10.3,4.5,3.2,
2026-04-20,arpege,2,10.4,5,5.3,
2026-04-20,arpege,3,8.3,5.5,2.2,
2026-04-20,ecmwf,1,9.8,6.5,5.1,39.6
2026-04-20,ecmwf,2,9.9,6.3,6.3,40.4
2026-04-20,ecmwf,3,9.6,6.8,2.1,40.8
2026-04-20,ecmwf,4,9.2,6.7,1.2,42.8
2026-04-20,ecmwf,5,8.9,7.7,,37.8
2026-04-20,ecmwf,6,9,7.8,0,29.6
2026-04-20,ecmwf,7,10,7,,33.3
2026-04-20,gem,1,9.4,5.8,2.1,39.6
2026-04-20,gem,2,10.1,6.6,3,40.7
2026-04-20,gem,3,8.6,6.1,5.1,40
2026-04-20,gem,4,8.8,6.7,0.3,29.9
2026-04-20,gem,5,8.7,7,2.4,31
2026-04-20,gem,6,9.1,6.2,0.9,34.6
2026-04-20,gem,7,9.4,6.8,0.3,50.4
2026-04-20,gfs,1,9.9,4.6,3.4,33.2
2026-04-20,gfs,2,10.4,5.3,0.5,36.5
2026-04-20,gfs,3,10.6,3.5,0.4,32
2026-04-20,gfs,4,9.3,3.5,6.3,36.3
2026-04-20,gfs,5,11.6,4.3,0.1,42.9
2026-04-20,gfs,6,9.2,4.8,0.8,37.4
2026-04-20,gfs,7,9.8,3.2,0.6,38.3
2026-04-20,icon,1,12,4.1,3.1,34.3
2026-04-20,icon,2,11,5.9,4.2,31.4
2026-04-20,icon,3,11.3,6,1.3,32.5
2026-04-20,icon,4,9.2,6.6,3.5,26.3
2026-04-20,icon,5,10.3,7.2,0.3,37.7
2026-04-20,icon,6,9.6,7.9,0,34.6
2026-04-20,ukmo,2,9.3,6.8,,41.4
2026-04-20,ukmo,3,9.3,5.4,,45.7
2026-04-20,ukmo,4,9,6.4,2.4,27.7
2026-04-21,arpege,1,11.6,3.3,0,
2026-04-21,arpege,2,11.3,3.3,0,
2026-04-21,arpege,3,11.3,3.8,0.1,
2026-04-21,ecmwf,1,10,6.4,0,28.7
2026-04-21,ecmwf,2,10.6,6.4,0,35
2026-04-21,ecmwf,3,10.4,5.9,0,31.9
2026-04-21,ecmwf,4,10.6,5.8,0,28.2
2026-04-21,ecmwf,5,10,6.3,,32
2026-04-21,ecmwf,6,10.2,6.3,0,30.2
2026-04-21,ecmwf,7,9.1,5.4,,21.5
2026-04-21,gem,1,10.2,5.8,0,36
2026-04-21,gem,2,10.2,5.8,0,36.4
2026-04-21,gem,3,10.2,5.8,0,39.2
2026-04-21,gem,4,10.2,6.4,0,41
2026-04-21,gem,5,10.8,5.9,0,32.8
2026-04-21,gem,6,10,6,0.3,32
2026-04-21,gem,7,10.7,4.9,0,44.3
2026-04-21,gfs,1,11.1,2.7,0,21.7
2026-04-21,gfs,2,10.9,2.8,0,26.7
2026-04-21,gfs,3,11.5,2.1,0,22.6
2026-04-21,gfs,4,10.1,2.6,0,21.9
2026-04-21,gfs,5,11.8,3.3,0,23.2
2026-04-21,gfs,6,11.3,4.5,0,34.9
2026-04-21,gfs,7,11.2,2.9,0.7,35.5
2026-04-21,icon,1,12.3,3.2,0,19.4
2026-04-21,icon,2,12.3,4.9,0,22.4
2026-04-21,icon,3,13.2,4,0,23.2
2026-04-21,icon,4,13.6,4,0,23.3
2026-04-21,icon,5,11.8,6.9,0,34
2026-04-21,icon,6,11.5,6.8,0,25.1
2026-04-21,ukmo,2,10.8,5.3,,33.5
2026-04-21,ukmo,3,11.2,5.6,,34.2
2026-04-21,ukmo,4,11,6.4,0,46.4
2026-04-22,arpege,1,10.5,3.3,0,
2026-04-22,arpege,2,12.7,2.9,0,
2026-04-22,arpege,3,11.6,2.5,0,
2026-04-22,ecmwf,1,9.3,8.5,0,29.2
2026-04-22,ecmwf,2,9.4,8.2,0,27.2
2026-04-22,ecmwf,3,9.5,8.2,0,29.2
2026-04-22,ecmwf,4,10.2,7.3,0,30.6
2026-04-22,ecmwf,5,9.4,8.3,,24.1
2026-04-22,ecmwf,6,8.7,6.5,0,25.5
2026-04-22,ecmwf,7,9.2,7.3,,29
2026-04-22,gem,1,8.7,6.7,0,33.5
2026-04-22,gem,2,8.8,6.7,0,31
2026-04-22,gem,3,8.6,7,0,30.6
2026-04-22,gem,4,8.6,5.9,0,34.9
2026-04-22,gem,5,8.4,7.3,0,40
2026-04-22,gem,6,9,6.9,0,35.3
2026-04-22,gem,7,7.9,5.3,4.2,40.7
2026-04-22,gfs,1,11.1,4.5,0,26.3
2026-04-22,gfs,2,10.9,4.5,0,26.9
2026-04-22,gfs,3,10.6,4.5,0,30.7
2026-04-22,gfs,4,10.4,7,0,32.1
2026-04-22,gfs,5,12.8,7.1,0,20.2
2026-04-22,gfs,6,12.8,3.8,0,36.3
2026-04-22,gfs,7,9,2.6,0.6,46.5
2026-04-22,icon,1,11.8,4.3,0,23.7
2026-04-22,icon,2,11.9,6.2,0,22
2026-04-22,icon,3,10.6,6.7,0,25
2026-04-22,icon,4,12.3,4.8,0,23.9
2026-04-22,icon,5,11.4,8.2,0,43.3
2026-04-22,icon,6,13.8,7.2,0,32.2
2026-04-22,ukmo,2,9.6,6.9,,29.9
2026-04-22,ukmo,3,10.5,7.4,,35.3
2026-04-22,ukmo,4,10.1,7.2,0,34.9
2026-04-23,arpege,1,10.5,7.5,0,
2026-04-23,arpege,2,11.3,5.3,0,
2026-04-23,arpege,3,10.6,6.9,0,
2026-04-23,ecmwf,1,9,8.3,0,44.5
2026-04-23,ecmwf,2,9,8,0,45
2026-04-23,ecmwf,3,8.5,8.1,0,42.6
2026-04-23,ecmwf,4,8.7,8,0,48.8
2026-04-23,ecmwf,5,8.4,7.8,0,42.7
2026-04-23,ecmwf,6,9.4,7.8,0,27.2
2026-04-23,ecmwf,7,9.1,7.9,0,24.4
2026-04-23,gem,1,8.9,7.8,0,41.8
2026-04-23,gem,2,9.1,7.9,0,40.3
2026-04-23,gem,3,9.1,8.1,0,42.1
2026-04-23,gem,4,8.8,7.9,0,42.8
2026-04-23,gem,5,9.4,7.9,0,48.2
2026-04-23,gem,6,9.8,7.8,0,33.5
2026-04-23,gem,7,12.2,5.8,0.6,58.3
2026-04-23,gfs,1,9.5,7.3,0,37.1
2026-04-23,gfs,2,9.5,7.3,0,35.8
2026-04-23,gfs,3,10.2,7.4,0,38.8
2026-04-23,gfs,4,11.6,7,0,40.1
2026-04-23,gfs,5,14.1,7.6,0,42.6
2026-04-23,gfs,6,10.4,5.7,0,26.7
2026-04-23,gfs,7,12.6,6.1,0,40.9
2026-04-23,icon,1,8.6,6.5,0,30.9
2026-04-23,icon,2,8.9,6.4,0,28.5
2026-04-23,icon,3,8.8,7.2,0,31.1
2026-04-23,icon,4,11.2,7,0,23
2026-04-23,icon,5,9.5,8.1,0,41.8
2026-04-23,icon,6,10.8,8.8,0,37.1
2026-04-23,ukmo,2,10.1,6.8,,51.5
2026-04-23,ukmo,3,8.6,7.4,,46.4
2026-04-23,ukmo,4,8.3,7.2,0,44.6
2026-04-24,arpege,1,9.7,8.1,0,
2026-04-24,arpege,2,10.4,7.7,0,
2026-04-24,arpege,3,9.9,7.4,0,
2026-04-24,ecmwf,1,8.8,8.3,0,45.7
2026-04-24,ecmwf,2,8.9,8.4,0,43.6
2026-04-24,ecmwf,3,8.7,8.2,0,44.3
2026-04-24,ecmwf,4,8.6,7.9,0,51.3
2026-04-24,ecmwf,5,8.8,7.5,0.6,50.9
2026-04-24,ecmwf,6,8.5,7.7,0,60.6
2026-04-24,ecmwf,7,9.7,7.4,0,44.3
2026-04-24,gem,1,8.8,8.1,0,40
2026-04-24,gem,2,9,8.1,0,38.5
2026-04-24,gem,3,9.1,8.3,0,39.2
2026-04-24,gem,4,11.2,7.4,0,40
2026-04-24,gem,5,8.3,7.6,0,43.6
2026-04-24,gem,6,9.1,7.1,0,24.1
2026-04-24,gem,7,8.9,7.9,0,23.8
2026-04-24,gfs,1,9.5,7.3,0,37.5
2026-04-24,gfs,2,11.1,7.9,0,36.5
2026-04-24,gfs,3,10.3,6.3,0,34.4
2026-04-24,gfs,4,10.9,5.9,0.1,26.5
2026-04-24,gfs,5,11.5,7.2,0,25.6
2026-04-24,gfs,6,10.2,6,0,25.9
2026-04-24,gfs,7,11.1,6.1,0,30
2026-04-24,icon,1,9.2,7.4,0,32.1
2026-04-24,icon,2,9.7,7.7,0,29.7
2026-04-24,icon,3,10.1,7.4,0,30.3
2026-04-24,icon,4,9.2,7.3,0,33.6
2026-04-24,icon,5,8.9,7.8,0,47.1
2026-04-24,icon,6,9.9,7.9,0,37
2026-04-24,ukmo,1,8.9,7.8,,41.4
2026-04-24,ukmo,2,9.5,7.7,,44.3
2026-04-24,ukmo,3,9.2,7.5,,47.9
2026-04-24,ukmo,4,7.9,7.2,0,47.5
2026-04-25,arpege,1,9.4,7.7,0,
2026-04-25,arpege,2,10,7.4,0,
2026-04-25,arpege,3,10.3,7,0,
2026-04-25,ecmwf,1,8.4,7.7,0,50.7
2026-04-25,ecmwf,2,8.7,7.7,0,50.9
2026-04-25,ecmwf,3,8.7,8,0,49.1
2026-04-25,ecmwf,4,8.7,7.9,0.6,52.9
2026-04-25,ecmwf,5,8.3,7.3,0.3,48.7
2026-04-25,ecmwf,6,8.1,6.6,0,57.6
2026-04-25,ecmwf,7,8.2,6.7,1.5,57.5
2026-04-25,gem,1,8,7.6,0,46.4
2026-04-25,gem,2,8.1,7.2,0,49
2026-04-25,gem,3,8.2,7.2,0,45
2026-04-25,gem,4,8.9,6.6,0,56.2
2026-04-25,gem,5,9,7.2,0,35.3
2026-04-25,gem,6,8,6.8,0.6,55.4
2026-04-25,gem,7,11.3,6.9,1.2,45.7
2026-04-25,gfs,1,9.6,6.4,0,42.1
2026-04-25,gfs,2,9.9,6.3,0,45.5
2026-04-25,gfs,3,10,6.5,0,47.2
2026-04-25,gfs,4,9.4,6.4,0,46.3
2026-04-25,gfs,5,9.4,6.6,0,42.6
2026-04-25,gfs,6,9.8,7.1,0,41.3
2026-04-25,gfs,7,11.3,7.2,0,36.3
2026-04-25,icon,1,9,6.9,0,36.9
2026-04-25,icon,2,9.3,7.3,0,37.5
2026-04-25,icon,3,9.2,7.4,0,36.4
2026-04-25,icon,4,9.4,7,0,37.1
2026-04-25,icon,5,10.5,8.3,0,48.4
2026-04-25,icon,6,9.3,7.7,0,67.8
2026-04-25,ukmo,1,8.6,7.4,,42.8
2026-04-25,ukmo,2,8.6,7.1,,50
2026-04-25,ukmo,3,8.5,7,,55.1
2026-04-25,ukmo,4,8.5,6.9,0,49.7
2026-04-26,arpege,1,9.3,6.3,0,
2026-04-26,arpege,2,10.6,6.7,0,
2026-04-26,arpege,3,10.7,6.8,0,
2026-04-26,ecmwf,1,8.1,6.9,0,41.5
2026-04-26,ecmwf,2,8,7.3,0,41.8
2026-04-26,ecmwf,3,8.4,7.2,0,46.2
2026-04-26,ecmwf,4,8.5,7.4,0,42.7
2026-04-26,ecmwf,5,8.6,6.7,0.6,57.5
2026-04-26,ecmwf,6,7.7,7.1,0,39.2
2026-04-26,ecmwf,7,6.9,5.2,0.9,60.6
2026-04-26,gem,1,8.1,6.7,0,40.3
2026-04-26,gem,2,8.3,6.8,0,40
2026-04-26,gem,3,8.5,7.2,0,37.4
2026-04-26,gem,4,7.8,6.8,0,45.4
2026-04-26,gem,5,8.5,6,0,32.4
2026-04-26,gem,6,12.9,7.3,0,44.6
2026-04-26,gem,7,8.3,6.1,0,43.2
2026-04-26,gfs,1,8.2,5.5,0,37.8
2026-04-26,gfs,2,8.2,5.3,0,41.4
2026-04-26,gfs,3,9.4,4.7,0,31.9
2026-04-26,gfs,4,9.6,3.8,0,35.9
2026-04-26,gfs,5,10.5,4.1,0,22.9
2026-04-26,gfs,6,13.6,5.1,0,31.3
2026-04-26,gfs,7,9.9,4.2,0,39.3
2026-04-26,icon,1,10.2,5.8,0,30
2026-04-26,icon,2,10.2,6.5,0,29.5
2026-04-26,icon,3,11.3,6.8,0,26.9
2026-04-26,icon,4,10.9,6.2,0,17.6
2026-04-26,icon,5,9.4,7.2,0,34.1
2026-04-26,icon,6,10,7.4,0,41.7
2026-04-26,ukmo,2,8.6,7.1,,43.6
2026-04-26,ukmo,3,8.6,7.3,,46.8
2026-04-26,ukmo,4,8.7,7.1,0,45.7
2026-04-27,arpege,1,10.4,3,0,
2026-04-27,arpege,2,10.1,5.6,0,
2026-04-27,arpege,3,10.4,6.3,0,
2026-04-27,ecmwf,1,8.6,6.9,0,25.3
2026-04-27,ecmwf,2,8.4,6.8,0,23.8
2026-04-27,ecmwf,3,8.3,7,0,25
2026-04-27,ecmwf,4,8.2,7,0,25.7
2026-04-27,ecmwf,5,9.1,7.1,0,29.5
2026-04-27,ecmwf,6,8.2,6.9,0,28.8
2026-04-27,ecmwf,7,8.2,6.6,0,27.1
2026-04-27,gem,1,8.3,6.3,0,23.4
2026-04-27,gem,2,8.2,6.3,0,23
2026-04-27,gem,3,7.7,6.3,0.6,22.3
2026-04-27,gem,4,7.8,6.5,0.6,25.2
2026-04-27,gem,5,9.6,6.2,0,23.4
2026-04-27,gem,6,8.8,5.4,0,31.3
2026-04-27,gem,7,11.9,5.3,0,30.6
2026-04-27,gfs,1,8.7,5.4,0,18.4
2026-04-27,gfs,2,9,5.1,0,17.7
2026-04-27,gfs,3,8.6,4.3,0.5,17.6
2026-04-27,gfs,4,8.7,4.7,0,24
2026-04-27,gfs,5,8.6,5,0.3,17.6
2026-04-27,gfs,6,12.2,2.2,0,19.8
2026-04-27,gfs,7,13.3,3.1,0,23.6
2026-04-27,icon,1,8.9,4.5,0,16.7
2026-04-27,icon,2,9.1,4.1,0,14.1
2026-04-27,icon,3,8.5,6.8,0.1,16.6
2026-04-27,icon,4,9.8,4.7,0.3,19.7
2026-04-27,icon,5,10.6,8,0,20.9
2026-04-27,icon,6,9.3,7,0,30.3
2026-04-27,ukmo,2,8.6,5.7,,27.7
2026-04-28,arpege,1,13.6,3.4,0,
2026-04-28,arpege,2,13.7,4.7,0,
2026-04-28,arpege,3,13.3,6.9,0.1,
2026-04-28,ecmwf,1,11.6,6.6,0,23.4
2026-04-28,ecmwf,2,11.2,6.5,0,21.6
2026-04-28,ecmwf,3,9.8,6.8,0,23.2
2026-04-28,ecmwf,4,11.2,6.6,0,23.9
2026-04-28,ecmwf,5,11.1,7.1,0,27.7
2026-04-28,ecmwf,6,8.7,7.8,0.3,24.1
2026-04-28,ecmwf,7,8.4,6.1,1.2,35.6
2026-04-28,gem,1,11.7,6.4,0,24.1
2026-04-28,gem,2,11.7,6.7,0,23.4
2026-04-28,gem,3,11.7,7.3,0,25.9
2026-04-28,gem,4,9.2,6.8,0,30.2
2026-04-28,gem,5,8.6,7.1,0,29.9
2026-04-28,gem,6,8.5,7.4,0.3,29.2
2026-04-28,gem,7,9.3,5.2,0,25.2
2026-04-28,gfs,1,12.6,3.3,0,23.7
2026-04-28,gfs,2,13,3.9,0,22.9
2026-04-28,gfs,3,12.9,5.2,0.8,22.1
2026-04-28,gfs,4,12.9,4.2,0,21
2026-04-28,gfs,5,12.1,6.9,0.4,21.7
2026-04-28,gfs,6,10.1,5.9,0,20.8
2026-04-28,gfs,7,11.4,2.1,0,23.5
2026-04-28,icon,1,14.6,3.7,0,24.1
2026-04-28,icon,2,13.9,5.4,0,23.2
2026-04-28,icon,3,14.5,5.5,0,21.1
2026-04-28,icon,4,12.2,6.2,0,22.7
2026-04-28,icon,5,11.5,7.9,4.6,22.5
2026-04-28,icon,6,13.8,7.7,0.3,25.9
2026-04-28,ukmo,2,11.6,6.2,0,23.8
2026-04-28,ukmo,6,9.6,7.4,,32.8
2026-04-29,arpege,1,14.6,2.8,0,
2026-04-29,arpege,2,15.2,4.5,0,
2026-04-29,arpege,3,15.2,4.8,0,
2026-04-29,ecmwf,1,10.5,7.3,0,23.9
2026-04-29,ecmwf,2,10.4,8.4,0,21.5
2026-04-29,ecmwf,3,10.4,8.2,0,21.6
2026-04-29,ecmwf,4,10.4,7.7,0,20.2
2026-04-29,ecmwf,5,10,8.1,0,19.5
2026-04-29,ecmwf,6,10.2,6.2,0,27.2
2026-04-29,ecmwf,7,9.6,7.9,0,26.4
2026-04-29,gem,1,10.6,6.6,0,21.6
2026-04-29,gem,2,10.2,6.7,0,19.1
2026-04-29,gem,3,11.7,6.6,0,26.6
2026-04-29,gem,4,11.6,5.9,0,25.6
2026-04-29,gem,5,8.5,8.1,0.6,32.8
2026-04-29,gem,6,8.3,7.5,0,24.1
2026-04-29,gem,7,8.2,7,0,21.2
2026-04-29,gfs,1,13,4.4,0,17.2
2026-04-29,gfs,2,13.8,5.4,0,17.3
2026-04-29,gfs,3,14.3,4.5,0,16.2
2026-04-29,gfs,4,14.6,6.2,0,15.3
2026-04-29,gfs,5,14.6,6.1,0,15.6
2026-04-29,gfs,6,12.3,6.6,0,21.5
2026-04-29,gfs,7,11.5,6,0,27.5
2026-04-29,icon,1,15.8,3.8,0,19.5
2026-04-29,icon,2,15,5.5,0,15.7
2026-04-29,icon,3,14.6,5.6,0,15.3
2026-04-29,icon,4,14,6.6,0,18.8
2026-04-29,icon,5,11.7,7.7,0,25
2026-04-29,icon,6,11,7.1,0,24.2
2026-04-29,ukmo,2,11.8,9,0,27
2026-04-29,ukmo,6,10,7.3,,38.5
2026-04-30,arpege,1,15.7,4.1,0,
2026-04-30,arpege,2,15.3,5.1,0,
2026-04-30,arpege,3,16.4,5.7,0,
2026-04-30,ecmwf,1,11.6,9.2,0,17.8
2026-04-30,ecmwf,2,11.3,9,0,18
2026-04-30,ecmwf,3,11.1,8.9,0,17.7
2026-04-30,ecmwf,4,11.2,9.1,0,18.5
2026-04-30,ecmwf,5,11.1,6.5,0,15.6
2026-04-30,ecmwf,6,10.9,8.7,0,17.1
2026-04-30,ecmwf,7,9.6,7.7,0,23.6
2026-04-30,gem,1,11.5,7.7,0,16.6
2026-04-30,gem,2,11.6,7.2,0,16.9
2026-04-30,gem,3,12.2,7.1,0,23
2026-04-30,gem,4,12.9,6.1,0,25.2
2026-04-30,gem,5,12.6,7.3,0,23
2026-04-30,gem,6,9.5,7.8,0,17.3
2026-04-30,gem,7,9.6,8,0,27.4
2026-04-30,gfs,1,13.7,6.5,0,12.5
2026-04-30,gfs,2,13.9,6.8,0,13.7
2026-04-30,gfs,3,13.9,6.6,0,13.1
2026-04-30,gfs,4,15.3,5.7,0,14.6
2026-04-30,gfs,5,15.5,7.2,0,17.4
2026-04-30,gfs,6,16.7,7.6,0,17.7
2026-04-30,gfs,7,13.9,4.8,0,21.1
2026-04-30,icon,1,14.7,5.1,0,12.2
2026-04-30,icon,2,15,7.3,0,13.2
2026-04-30,icon,3,16.3,7.1,0,13
2026-04-30,icon,4,15,6,0,13.8
2026-04-30,icon,5,14.9,7.7,0,19.4
2026-04-30,icon,6,12.5,8.6,0,23.5
2026-04-30,ukmo,2,11.6,8.5,0,21.2
2026-04-30,ukmo,6,10.5,6.7,,25.2
2026-05-01,arpege,1,20.4,5.7,0,
2026-05-01,arpege,2,19.6,7.5,0,
2026-05-01,arpege,3,19.3,6.7,0,
2026-05-01,ecmwf,1,14.7,10.8,0,20.1
2026-05-01,ecmwf,2,14.7,10.6,0,22.6
2026-05-01,ecmwf,3,14.5,10.3,0,22
2026-05-01,ecmwf,4,14.4,10.1,0,23.7
2026-05-01,ecmwf,5,14.2,9.4,0,29.6
2026-05-01,ecmwf,6,14.5,10.4,0,27.4
2026-05-01,ecmwf,7,14.8,7.2,0,26
2026-05-01,gem,1,15.6,9,0,25.9
2026-05-01,gem,2,15.3,9.1,0,26.3
2026-05-01,gem,3,15.4,9.7,0,28.1
2026-05-01,gem,4,15.8,9.3,0,30.2
2026-05-01,gem,5,14.7,9.3,0,29.2
2026-05-01,gem,6,13.2,8,0,21.2
2026-05-01,gem,7,13.3,6.7,0,22.3
2026-05-01,gfs,1,16.8,8.8,0,16.4
2026-05-01,gfs,2,16.7,8.4,0,18
2026-05-01,gfs,3,16.7,8.3,0,19
2026-05-01,gfs,4,17.1,8.9,0,17.6
2026-05-01,gfs,5,17.6,8,0,18.8
2026-05-01,gfs,6,17.8,8.2,0,28.3
2026-05-01,gfs,7,17.6,5.4,0,27.6
2026-05-01,icon,1,20.8,7.1,0,15.6
2026-05-01,icon,2,19.3,8.7,0,15.7
2026-05-01,icon,3,18.7,9.1,0,15.5
2026-05-01,icon,4,19.2,9.1,0,22.1
2026-05-01,icon,5,17.6,9.4,0,15.3
2026-05-01,icon,6,17.1,8.9,0,20.7
2026-05-01,ukmo,2,13.7,9.3,0,20.9
2026-05-01,ukmo,6,13.7,6.9,,22.7
2026-05-02,arpege,1,19.4,11.5,0,
2026-05-02,arpege,2,19.4,11.7,0,
2026-05-02,arpege,3,18.6,11.8,0,
2026-05-02,ecmwf,1,14.3,11.1,0,27.8
2026-05-02,ecmwf,2,14.1,11.1,0,29.4
2026-05-02,ecmwf,3,13.8,10.9,0,28.9
2026-05-02,ecmwf,4,13.9,9.9,0,32.8
2026-05-02,ecmwf,5,13.6,11.8,0.9,31.8
2026-05-02,ecmwf,6,13.4,10.2,1.8,27.2
2026-05-02,ecmwf,7,14.1,9.5,0.3,29.3
2026-05-02,gem,1,14.3,10.4,0,28.4
2026-05-02,gem,2,14.1,10.3,0,28.8
2026-05-02,gem,3,14.2,10.4,0,29.9
2026-05-02,gem,4,14.1,9.9,0.3,29.5
2026-05-02,gem,5,13.4,10.6,0,29.9
2026-05-02,gem,6,13.4,10.2,0.3,28.8
2026-05-02,gem,7,14.2,9,0,21.6
2026-05-02,gfs,1,16.2,9.4,2,24.2
2026-05-02,gfs,2,15.9,11.2,1.7,23.5
2026-05-02,gfs,3,16,11,0.2,24.2
2026-05-02,gfs,4,15.2,10.9,1.7,23.8
2026-05-02,gfs,5,17.5,7.4,0,36
2026-05-02,gfs,6,17.8,10.7,0,25.8
2026-05-02,gfs,7,13.3,9.4,1.4,29.9
2026-05-02,icon,1,17.7,10.6,0,19.4
2026-05-02,icon,2,16.3,11.1,0,19.8
2026-05-02,icon,3,15.8,10.4,0.1,21.8
2026-05-02,icon,4,16.9,11.8,0,22
2026-05-02,icon,5,15.6,11.4,11.4,27
2026-05-02,icon,6,17.6,11.5,0,24.9
2026-05-02,ukmo,2,13.3,11.4,0,28.4
2026-05-02,ukmo,6,13.2,9.9,,25.9
2026-05-03,arpege,1,18.6,10.8,6,
2026-05-03,arpege,2,16.6,9.6,8.5,
2026-05-03,arpege,3,19.4,9.6,16.5,
2026-05-03,ecmwf,1,12.6,10.5,4.8,24.7
2026-05-03,ecmwf,2,13.6,9.8,6.6,27.4
2026-05-03,ecmwf,3,13,10.3,10.5,16.9
2026-05-03,ecmwf,4,12.6,8.6,5.7,25.2
2026-05-03,ecmwf,5,11.4,9.1,1.8,26.3
2026-05-03,ecmwf,6,11.5,10,1.2,16.2
2026-05-03,ecmwf,7,13.8,10.3,0.3,26.3
2026-05-03,gem,1,12.8,9.8,13.2,17.6
2026-05-03,gem,2,14.1,10,6.6,19.8
2026-05-03,gem,3,13.7,10.3,2.4,18.4
2026-05-03,gem,4,11.5,9.8,0.3,18.4
2026-05-03,gem,5,12.6,8.3,8.7,46.8
2026-05-03,gem,6,13.3,9.6,3,19.8
2026-05-03,gem,7,13,10.8,1.5,21.6
2026-05-03,gfs,1,15.8,8.9,5.7,18
2026-05-03,gfs,2,14.5,10.5,5.9,17.7
2026-05-03,gfs,3,15.7,10.5,8.4,29.9
2026-05-03,gfs,4,15.2,10.1,7.2,38.5
2026-05-03,gfs,5,12.9,6.6,6.7,28.1
2026-05-03,gfs,6,13.2,5,0.2,21.4
2026-05-03,gfs,7,16.6,8.9,0,24.9
2026-05-03,icon,1,18.4,8.8,23.3,20.1
2026-05-03,icon,2,17.3,9.3,4,16
2026-05-03,icon,3,19,10.1,12,25
2026-05-03,icon,4,15.1,9.3,7.4,27.2
2026-05-03,icon,5,11.3,9.9,0.8,22.5
2026-05-03,icon,6,12.5,9.2,3.5,28.9
2026-05-03,ukmo,2,13.7,9.4,0.5,25.6
2026-05-03,ukmo,6,13.4,11,,25.6
2026-05-04,arpege,1,11.4,8,0,
2026-05-04,arpege,2,12.9,8.4,1.6,
2026-05-04,arpege,3,11.7,7.9,0.2,
2026-05-04,ecmwf,1,12.5,9.1,0.3,25.4
2026-05-04,ecmwf,2,12.1,9.1,1.8,27.4
2026-05-04,ecmwf,3,11.9,8.8,1.8,26.5
2026-05-04,ecmwf,4,11.8,8.4,0.3,30.1
2026-05-04,ecmwf,5,13.9,8.8,0,34.6
2026-05-04,ecmwf,6,12.5,8.5,0,29.2
2026-05-04,ecmwf,7,12.6,9.8,2.4,22.5
2026-05-04,gem,1,11.8,8.5,0,30.2
2026-05-04,gem,2,11.3,8.5,1.2,27.7
2026-05-04,gem,3,11.9,8.9,0,27
2026-05-04,gem,4,11.8,8,0.6,27.4
2026-05-04,gem,5,12.1,8,3.3,37.8
2026-05-04,gem,6,11.7,8.3,0.6,23
2026-05-04,gem,7,12.1,9.9,0.3,21.2
2026-05-04,gfs,1,11.6,7.5,0,23.9
2026-05-04,gfs,2,12.3,7.3,0.2,24
2026-05-04,gfs,3,12.9,7.6,0,30.3
2026-05-04,gfs,4,12.6,7.1,0,32.1
2026-05-04,gfs,5,13.4,7.2,0.4,29.9
2026-05-04,gfs,6,14,4,0,21
2026-05-04,gfs,7,15.2,5.8,0.5,18.1
2026-05-04,icon,1,11.5,8.1,0,26
2026-05-04,icon,2,12,9,0.3,21.9
2026-05-04,icon,3,12.2,8.8,0.3,21.6
2026-05-04,icon,4,11.8,8.7,4.7,28.7
2026-05-04,icon,5,11.8,7.6,0,26
2026-05-04,icon,6,11.9,8.6,6.9,36.3
2026-05-04,ukmo,1,11.3,8.7,0,36.4
2026-05-04,ukmo,2,13.1,8.6,0,27
2026-05-04,ukmo,6,12.4,7,,37.8
2026-05-05,arpege,1,14,6.8,0,
2026-05-05,arpege,2,13.7,7.6,0,
2026-05-05,arpege,3,13.1,7.4,0,
2026-05-05,ecmwf,1,10.8,9.1,0,33.4
2026-05-05,ecmwf,2,11.5,8.9,0,34.9
2026-05-05,ecmwf,3,10.5,7.9,0,38.3
2026-05-05,ecmwf,4,10.4,8.8,0,32.4
2026-05-05,ecmwf,5,10,8,0,32.1
2026-05-05,ecmwf,6,10.7,7.9,0,37.1
2026-05-05,ecmwf,7,10.9,7.7,0,26.7
2026-05-05,gem,1,10.6,7.7,0,33.1
2026-05-05,gem,2,10.3,7.8,0,34.6
2026-05-05,gem,3,11.5,7.5,0,24.8
2026-05-05,gem,4,10.8,8.1,0,33.1
2026-05-05,gem,5,9,7.5,6.3,27
2026-05-05,gem,6,13.7,7.6,1.5,25.6
2026-05-05,gem,7,10.8,8.3,0.3,20.5
2026-05-05,gfs,1,12.3,6.7,0,29.4
2026-05-05,gfs,2,12,7.2,0,28.8
2026-05-05,gfs,3,8.8,6.7,0,30.5
2026-05-05,gfs,4,11.1,6.7,0,19.2
2026-05-05,gfs,5,13.7,6.7,0,25.6
2026-05-05,gfs,6,13.7,9,1,14.6
2026-05-05,gfs,7,13.5,3.2,0,27.5
2026-05-05,icon,1,14.1,7.9,0,25.9
2026-05-05,icon,2,13.2,7.8,0,24.5
2026-05-05,icon,3,10.3,8,0,34.1
2026-05-05,icon,4,9.7,7.3,0,28.5
2026-05-05,icon,5,10.7,8,0,29.5
2026-05-05,icon,6,11.4,7.6,0.3,19.9
2026-05-05,ukmo,1,11.1,8.5,0,27
2026-05-05,ukmo,2,12.1,7.6,0,41
2026-05-06,arpege,1,15,6.9,0,
2026-05-06,arpege,2,14.4,7.9,0,
2026-05-06,arpege,3,13.4,6.1,0,
2026-05-06,ecmwf,1,12.2,9,0,36.5
2026-05-06,ecmwf,2,11.2,8.5,0,34.8
2026-05-06,ecmwf,3,11.6,6.9,0,32.4
2026-05-06,ecmwf,4,10.4,7.8,0,36.2
2026-05-06,ecmwf,5,10.6,9.4,0,28.4
2026-05-06,ecmwf,6,8.4,6.6,0,37.1
2026-05-06,ecmwf,7,10.1,7.8,1.5,39.6
2026-05-06,gem,1,12.6,7.5,0,28.8
2026-05-06,gem,2,12.3,7.3,0,34.2
2026-05-06,gem,3,10.6,7.5,0,34.2
2026-05-06,gem,4,10.3,8.2,0.3,29.5
2026-05-06,gem,5,10.6,8,4.2,24.1
2026-05-06,gem,6,9.5,7.4,0,31.3
2026-05-06,gem,7,9,7.3,0.6,39.6
2026-05-06,gfs,1,11.2,5.9,0,32.2
2026-05-06,gfs,2,10.2,4.6,0,25.2
2026-05-06,gfs,3,11.5,4,0,24.4
2026-05-06,gfs,4,10.6,3.5,0,22.5
2026-05-06,gfs,5,11.6,3.6,0.2,25
2026-05-06,gfs,6,12.1,4.2,3.9,29.1
2026-05-06,gfs,7,13,6.9,0.4,25.1
2026-05-06,icon,1,14.2,7.1,0,30.8
2026-05-06,icon,2,13.2,8,0,24.7
2026-05-06,icon,3,14,6.2,0,27.6
2026-05-06,icon,4,11.6,5.1,0,25.2
2026-05-06,icon,5,9.9,6.4,0,29.2
2026-05-06,icon,6,10.3,7.1,1.2,40.7
2026-05-06,ukmo,1,12.8,8.6,0,33.1
2026-05-06,ukmo,2,12.9,7.5,0,41
2026-05-06,ukmo,3,11.1,6.6,0,33.8
2026-05-07,arpege,1,15.3,5.1,0,
2026-05-07,arpege,2,16.6,6.3,0,
2026-05-07,arpege,3,14.4,6.1,0,
2026-05-07,ecmwf,1,12.4,8.5,0,23.4
2026-05-07,ecmwf,2,10.4,8,0,27.3
2026-05-07,ecmwf,3,11.5,8.9,0,24.1
2026-05-07,ecmwf,4,10.8,8.2,0,17.5
2026-05-07,ecmwf,5,11.8,7.7,0,25.8
2026-05-07,ecmwf,6,9,7.8,0,35
2026-05-07,ecmwf,7,8.5,7.8,1.5,29.9
2026-05-07,gem,1,11.9,7.3,0,18
2026-05-07,gem,2,11.4,7.4,0,22.3
2026-05-07,gem,3,11.3,6.5,0,32
2026-05-07,gem,4,10.1,8,0,27
2026-05-07,gem,5,10.1,7.2,0.9,31
2026-05-07,gem,6,8.3,7.4,2.1,42.8
2026-05-07,gem,7,9.6,5.8,4.2,33.5
2026-05-07,gfs,1,12.2,5,0.1,15.6
2026-05-07,gfs,2,12.3,3.7,0,16.8
2026-05-07,gfs,3,12.9,3.9,0,19.2
2026-05-07,gfs,4,12.3,3.8,0.1,21
2026-05-07,gfs,5,12.4,4.4,0,19.6
2026-05-07,gfs,6,12.1,3.5,0,19.2
2026-05-07,gfs,7,10.6,5.2,0.4,25.7
2026-05-07,icon,1,13.5,4.9,0.1,15.1
2026-05-07,icon,2,14.6,7.1,0,18
2026-05-07,icon,3,14.1,7.3,0,23.1
2026-05-07,icon,4,14.8,7,0,17.7
2026-05-07,icon,5,13.4,6.7,0,24.9
2026-05-07,icon,6,11.9,6.2,0,20.7
2026-05-07,ukmo,1,13.1,7.4,0,21.2
2026-05-07,ukmo,2,12.6,8.3,0,22
2026-05-07,ukmo,3,12,8.5,0,31
2026-05-08,arpege,1,16.1,3.8,0,
2026-05-08,arpege,2,16,7.1,0,
2026-05-08,arpege,3,16.1,6.3,0,
2026-05-08,ecmwf,1,12.9,9.9,0,28
2026-05-08,ecmwf,2,12.8,9.8,0,29.9
2026-05-08,ecmwf,3,13.8,10.3,0,25.2
2026-05-08,ecmwf,4,13.9,9,0,29.6
2026-05-08,ecmwf,5,13.7,10.1,0,22.4
2026-05-08,ecmwf,6,12.6,9.4,0,21.1
2026-05-08,ecmwf,7,10.8,7.7,0,24.1
2026-05-08,gem,1,13.6,8.4,0,27.4
2026-05-08,gem,2,12.8,9.2,0,25.6
2026-05-08,gem,3,13.3,8,0,29.5
2026-05-08,gem,4,13.8,8.1,0,21.6
2026-05-08,gem,5,9.4,8,0,29.9
2026-05-08,gem,6,8.9,8.3,0.3,34.2
2026-05-08,gem,7,8.6,6.4,0,31.3
2026-05-08,gfs,1,14.8,5.8,0,21.6
2026-05-08,gfs,2,14.5,5.3,0,20.5
2026-05-08,gfs,3,15,5.8,0,19.1
2026-05-08,gfs,4,13.6,7.3,0,17.1
2026-05-08,gfs,5,13.3,7,0.1,17.8
2026-05-08,gfs,6,13.2,6.4,0.4,18.4
2026-05-08,gfs,7,14.6,5.6,0,18
2026-05-08,icon,1,15.7,6.3,0,23.8
2026-05-08,icon,2,15.8,8.2,0,20.8
2026-05-08,icon,3,16.7,7.6,0,23.8
2026-05-08,icon,4,16.3,9.1,0.4,20.6
2026-05-08,icon,5,15,9.7,0,27.8
2026-05-08,icon,6,15.9,9.1,0,35.6
2026-05-08,ukmo,1,14.1,8.6,0,33.5
2026-05-08,ukmo,2,14,8.3,0,35.3
2026-05-08,ukmo,3,13.1,7.4,0,30.2
2026-05-09,arpege,1,15,3.8,0,
2026-05-09,arpege,2,17.1,7,0,
2026-05-09,arpege,3,16.3,6.4,0,
2026-05-09,ecmwf,1,12.7,8.7,0,26.4
2026-05-09,ecmwf,2,12.7,8.6,0,25.7
2026-05-09,ecmwf,3,12.6,8.5,0,26.3
2026-05-09,ecmwf,4,13.2,8.8,0,30.5
2026-05-09,ecmwf,5,15.2,10.5,0.6,31.9
2026-05-09,ecmwf,6,15,10.8,0.3,18.5
2026-05-09,ecmwf,7,14.9,10.6,2.7,28
2026-05-09,gem,1,12.7,8.2,0,27
2026-05-09,gem,2,13.1,7.5,0,25.9
2026-05-09,gem,3,14.3,7.3,0,30.2
2026-05-09,gem,4,13.2,9.1,0,22.7
2026-05-09,gem,5,15.1,8.5,0,27.4
2026-05-09,gem,6,9.6,6.9,0,31
2026-05-09,gem,7,10.6,8.1,0,25.2
2026-05-09,gfs,1,14.6,4.8,0,20.6
2026-05-09,gfs,2,14.9,4.5,0,19.9
2026-05-09,gfs,3,14.6,5,0,18.3
2026-05-09,gfs,4,15.7,4.3,0,20.4
2026-05-09,gfs,5,16,6.8,0,24.6
2026-05-09,gfs,6,14.2,6.8,0,28.6
2026-05-09,gfs,7,16.8,8,0,31.2
2026-05-09,icon,1,16,4.6,0,17.3
2026-05-09,icon,2,16.3,7.7,0,16.6
2026-05-09,icon,3,16,7,0,15.8
2026-05-09,icon,4,16.9,9.5,0,19.2
2026-05-09,icon,5,17.9,10.2,0,26.5
2026-05-09,icon,6,15.8,9.4,0,33.6
2026-05-09,ukmo,1,13.7,8.1,0,26.6
2026-05-09,ukmo,2,12.9,7.9,0,29.9
2026-05-09,ukmo,3,13.3,7.5,0,29.2
2026-05-10,arpege,1,13.8,8.3,0.1,
2026-05-10,arpege,2,13.5,8.2,0.5,
2026-05-10,arpege,3,15.4,7.9,0,
2026-05-10,ecmwf,1,12.5,9.1,0,36.7
2026-05-10,ecmwf,2,12.6,8.8,0,38
2026-05-10,ecmwf,3,12.5,8.7,0,40.1
2026-05-10,ecmwf,4,12.5,8.4,0,38
2026-05-10,ecmwf,5,13.5,10.6,0,31.7
2026-05-10,ecmwf,6,14,11.5,0,21.3
2026-05-10,ecmwf,7,14.4,9.5,5.1,34.3
2026-05-10,gem,1,11.5,8,0,38.9
2026-05-10,gem,2,11.8,8,0,36.7
2026-05-10,gem,3,11.4,9.3,0,39.2
2026-05-10,gem,4,13.2,9.8,0,36.7
2026-05-10,gem,5,16.2,10.8,0,28.1
2026-05-10,gem,6,18.2,6.9,0,29.2
2026-05-10,gem,7,13.1,7.9,3.9,43.2
2026-05-10,gfs,1,12.5,6.8,0.2,33.2
2026-05-10,gfs,2,11.3,7,0,30.9
2026-05-10,gfs,3,12.4,9.4,0,27.7
2026-05-10,gfs,4,12.5,7.3,0,26.6
2026-05-10,gfs,5,15.5,6.6,0,26.2
2026-05-10,gfs,6,16.5,7.1,0,33.2
2026-05-10,gfs,7,15.6,6.7,0,36.7
2026-05-10,icon,1,13.3,7.5,1.5,32.2
2026-05-10,icon,2,12.9,8.4,0.2,30.1
2026-05-10,icon,3,14.3,9.2,0,28.5
2026-05-10,icon,4,14.5,8.3,0,27.7
2026-05-10,icon,5,18.8,10.8,0,41.1
2026-05-10,icon,6,20.1,9.7,0,34
2026-05-10,ukmo,1,12.4,8.9,0.2,41
2026-05-10,ukmo,2,12.8,9.1,0,37.1
2026-05-10,ukmo,3,12.3,9.1,0,41.8
2026-05-11,arpege,1,10.3,5.6,0,
2026-05-11,arpege,2,11.3,7.2,1.6,
2026-05-11,arpege,3,10.7,5.8,3.4,
2026-05-11,ecmwf,1,9.2,7.8,0.3,29.9
2026-05-11,ecmwf,2,9.4,8,0.9,35.3
2026-05-11,ecmwf,3,8.9,7.9,0.9,46.7
2026-05-11,ecmwf,4,9.3,7.6,1.8,44.8
2026-05-11,ecmwf,5,10.2,8,0,43.4
2026-05-11,ecmwf,6,14.3,8.6,0.9,36.2
2026-05-11,ecmwf,7,14.1,9.2,2.1,41.1
2026-05-11,gem,1,8.5,7,0,29.2
2026-05-11,gem,2,8.3,7.1,0.9,45.7
2026-05-11,gem,3,8.8,7.5,0.3,49
2026-05-11,gem,4,9.8,7.5,0.3,34.9
2026-05-11,gem,5,14.4,8.3,0.3,37.1
2026-05-11,gem,6,15.1,11.7,1.2,38.5
2026-05-11,gem,7,11.6,7.7,6.6,54.7
2026-05-11,gfs,1,9.6,4.8,0.2,17.4
2026-05-11,gfs,2,9.6,3.5,0.4,42.1
2026-05-11,gfs,3,8.9,5.4,1.5,34
2026-05-11,gfs,4,9.1,6,4.3,42.8
2026-05-11,gfs,5,15.2,8.1,3.9,40.5
2026-05-11,gfs,6,15.9,9.8,2.2,39.4
2026-05-11,gfs,7,17.4,8.8,0.8,37.8
2026-05-11,icon,1,10,5.4,0,22.5
2026-05-11,icon,2,9.4,5,0.3,34.6
2026-05-11,icon,3,10.2,6.9,2.6,28.4
2026-05-11,icon,4,9.5,7,0.7,30.6
2026-05-11,icon,5,12.2,8.6,3.7,45.2
2026-05-11,icon,6,17.9,12,5.1,27.4
2026-05-11,ukmo,1,9.4,7.5,0.1,28.1
2026-05-11,ukmo,2,9.1,8,0,24.1
2026-05-11,ukmo,3,9.5,7.9,0.6,34.9
2026-05-12,arpege,1,10.4,7.4,1.4,
2026-05-12,arpege,2,11.2,7,8.1,
2026-05-12,arpege,3,11.4,7.7,2.8,
2026-05-12,ecmwf,1,9.9,8.5,3,45.1
2026-05-12,ecmwf,2,9.4,8.7,2.4,47.9
2026-05-12,ecmwf,3,10.1,8.4,7.5,61.6
2026-05-12,ecmwf,4,10.6,7.6,6,57.8
2026-05-12,ecmwf,5,10.8,7.9,1.5,41.9
2026-05-12,ecmwf,6,10.5,8.5,2.4,47.7
2026-05-12,ecmwf,7,14.1,8.9,3.9,47
2026-05-12,gem,1,9.8,7.9,0.9,38.9
2026-05-12,gem,2,9.5,7.3,3.3,45
2026-05-12,gem,3,9.2,7.8,3.6,51.5
2026-05-12,gem,4,9.8,8.1,0.6,48.2
2026-05-12,gem,5,9.6,8.2,0.9,46.4
2026-05-12,gem,6,11.3,8.7,2.4,35.3
2026-05-12,gem,7,10.3,8.8,0.9,41.8
2026-05-12,gfs,1,9.9,6.9,2.3,34.5
2026-05-12,gfs,2,9.7,6.6,5.1,39.6
2026-05-12,gfs,3,9.6,7,5.6,50.1
2026-05-12,gfs,4,10.5,6.1,6.8,58.8
2026-05-12,gfs,5,9.8,7.9,1.3,45.5
2026-05-12,gfs,6,11.7,8.9,0.1,46.4
2026-05-12,gfs,7,14.3,8.9,0.3,33.2
2026-05-12,icon,1,10.9,6.1,1.8,34
2026-05-12,icon,2,10.7,6.5,1.4,33
2026-05-12,icon,3,10.8,8.5,2.3,34.3
2026-05-12,icon,4,11.1,7.2,1.3,34.9
2026-05-12,icon,5,10.5,8,3.9,50.9
2026-05-12,icon,6,15.3,8.7,7.3,46.5
2026-05-12,ukmo,1,10.2,8.7,1.5,39.2
2026-05-12,ukmo,2,10.4,8.5,0.8,37.4
2026-05-12,ukmo,3,9.8,7.3,0.6,34.9
2026-05-13,arpege,1,9.9,7.7,5,
2026-05-13,arpege,2,11.8,8.2,4.2,
2026-05-13,arpege,3,12.2,8.3,7.5,
2026-05-13,ecmwf,1,9.6,9.1,3.3,36.5
2026-05-13,ecmwf,2,10.2,8.8,3,36.7
2026-05-13,ecmwf,3,10.1,9,3.6,40.9
2026-05-13,ecmwf,4,10.5,9.5,5.4,44.2
2026-05-13,ecmwf,5,10.4,9.7,7.2,45
2026-05-13,ecmwf,6,10.8,10.1,4.5,42.6
2026-05-13,ecmwf,7,10.9,9.3,2.7,38.8
2026-05-13,gem,1,9.5,8.5,1.2,32
2026-05-13,gem,2,9.5,8.7,1.2,33.1
2026-05-13,gem,3,9.6,8.6,3,32.4
2026-05-13,gem,4,10.2,8.5,4.2,28.1
2026-05-13,gem,5,10.4,8.8,4.8,36.7
2026-05-13,gem,6,11.3,9.4,0,33.5
2026-05-13,gem,7,10.9,9,0.3,38.9
2026-05-13,gfs,1,10.6,7.6,2.1,32.6
2026-05-13,gfs,2,10.9,7.5,1.8,30
2026-05-13,gfs,3,11.1,7.6,5.4,33.9
2026-05-13,gfs,4,11,7.2,3.3,38.5
2026-05-13,gfs,5,13.1,8.7,1.7,36.9
2026-05-13,gfs,6,12.2,9.2,0.3,31.5
2026-05-13,gfs,7,11.6,6.3,1.3,32.5
2026-05-13,icon,1,11.5,8.2,1,31.9
2026-05-13,icon,2,11.5,8.8,2.2,27.2
2026-05-13,icon,3,11.5,9.1,2.4,28
2026-05-13,icon,4,12,9.7,1.3,24.2
2026-05-13,icon,5,11.8,9.9,3.8,44.4
2026-05-13,icon,6,10.1,9.1,7.2,43.5
2026-05-13,ukmo,2,9.8,8.4,,44.6
2026-05-13,ukmo,3,10.3,8.4,,41
2026-05-14,arpege,1,10.6,7.1,0,
2026-05-14,arpege,2,11.6,6.9,0.9,
2026-05-14,arpege,3,11.6,7.2,4.1,
2026-05-14,ecmwf,1,9.8,8.7,0.3,27.7
2026-05-14,ecmwf,2,9.9,8.9,1.2,28.1
2026-05-14,ecmwf,3,9.9,6.6,11.7,28.5
2026-05-14,ecmwf,4,9.9,8.4,7.2,28.8
2026-05-14,ecmwf,5,10,9,4.2,21.9
2026-05-14,ecmwf,6,10.6,8.2,9,28.6
2026-05-14,ecmwf,7,10.6,8.9,5.7,30.6
2026-05-14,gem,1,9.7,9,0,25.6
2026-05-14,gem,2,9.6,8.9,0,21.2
2026-05-14,gem,3,9.7,7.6,0.6,23.4
2026-05-14,gem,4,9.2,7.7,10.8,25.2
2026-05-14,gem,5,11.3,8.3,7.8,17.6
2026-05-14,gem,6,10.3,8.3,4.8,18.7
2026-05-14,gem,7,10.6,9.3,1.5,28.4
2026-05-14,gfs,1,10.4,7.3,1.7,23.3
2026-05-14,gfs,2,10.5,6.1,5.7,22.1
2026-05-14,gfs,3,10,7,4.7,26.9
2026-05-14,gfs,4,10.4,7.5,6.1,29.5
2026-05-14,gfs,5,10.7,7.2,2.7,25.6
2026-05-14,gfs,6,12.2,7.7,0.8,25
2026-05-14,gfs,7,12.9,7.9,1.1,27.8
2026-05-14,icon,1,11,5.5,0.1,24.9
2026-05-14,icon,2,11.1,7.7,0.8,22.9
2026-05-14,icon,3,11.4,8.5,2.4,24.4
2026-05-14,icon,4,10.8,8.9,5.6,26.6
2026-05-14,icon,5,11.5,9.7,8.3,28.2
2026-05-14,icon,6,11.2,9.1,5.2,33.1
2026-05-14,ukmo,2,10,6.5,,27.7
2026-05-14,ukmo,3,10,7.3,,19.1
2026-05-14,ukmo,4,10.1,7.2,,
2026-05-14,ukmo,6,10.5,9.2,2.4,
2026-05-15,arpege,1,10.3,8.9,1.8,
2026-05-15,arpege,2,11.2,8.4,8.1,
2026-05-15,arpege,3,12.5,8,6.6,
2026-05-15,ecmwf,1,9.7,9.1,2.4,36.6
2026-05-15,ecmwf,2,9.9,9.3,3.3,42.1
2026-05-15,ecmwf,3,10.1,9.5,1.5,33.2
2026-05-15,ecmwf,4,10.2,9.5,2.7,26.3
2026-05-15,ecmwf,5,10.3,8.5,0.9,28.4
2026-05-15,ecmwf,6,10.5,9.7,0.9,21.4
2026-05-15,ecmwf,7,11.7,8.3,0,27.8
2026-05-15,gem,1,10,8.9,2.7,34.6
2026-05-15,gem,2,10.1,9.2,0,36.4
2026-05-15,gem,3,10.1,9,0.6,30.2
2026-05-15,gem,4,9.9,8.5,0.6,35.6
2026-05-15,gem,5,10.3,9.1,0,14
2026-05-15,gem,6,12.8,9,0.3,22.7
2026-05-15,gem,7,12.5,8.7,1.2,35.3
2026-05-15,gfs,1,10.1,7.3,2.2,34.5
2026-05-15,gfs,2,10.6,7.4,0.2,22.5
2026-05-15,gfs,3,10.9,7.2,0.9,30.3
2026-05-15,gfs,4,11.3,7.4,2.4,20.2
2026-05-15,gfs,5,11.9,7.2,0,19
2026-05-15,gfs,6,12.1,7,0.6,18.2
2026-05-15,gfs,7,11.7,7.6,0,22.7
2026-05-15,icon,1,10.5,7.4,1.5,29
2026-05-15,icon,2,10.5,8.5,1.3,30.3
2026-05-15,icon,3,11.2,9.2,0.8,29.5
2026-05-15,icon,4,11.4,8.8,0,27.5
2026-05-15,icon,5,11.4,10.1,0.3,19.5
2026-05-15,icon,6,11.4,10,2.9,21.1
2026-05-15,ukmo,2,10,9.1,,38.2
2026-05-15,ukmo,3,9.9,9.1,,41.8
2026-05-15,ukmo,4,10,8.9,,
2026-05-15,ukmo,6,11.2,9.5,0.7,
2026-05-16,arpege,1,11.1,9.2,2.8,
2026-05-16,arpege,2,10.8,9,8.1,
2026-05-16,arpege,3,11.4,8.7,15.7,
2026-05-16,ecmwf,1,10.3,9.2,3.9,48.9
2026-05-16,ecmwf,2,9.9,9.3,3.6,46.2
2026-05-16,ecmwf,3,10.2,9,3.6,42.5
2026-05-16,ecmwf,4,9.9,9.7,3.9,35.8
2026-05-16,ecmwf,5,9.8,9,2.7,35.6
2026-05-16,ecmwf,6,9.8,9.2,0,20.9
2026-05-16,ecmwf,7,13.5,10.6,1.2,28.7
2026-05-16,gem,1,10.2,9.3,2.7,49
2026-05-16,gem,2,9.9,8.8,5.7,46.4
2026-05-16,gem,3,10,8.8,3.6,40
2026-05-16,gem,4,9.9,8.8,16.2,42.8
2026-05-16,gem,5,9.9,8.4,0.6,29.5
2026-05-16,gem,6,12.2,9.6,1.5,37.1
2026-05-16,gem,7,11.6,9.6,6.9,31.3
2026-05-16,gfs,1,10.6,8.1,2.5,38.7
2026-05-16,gfs,2,9.9,7.6,3.1,45
2026-05-16,gfs,3,10.2,7.5,1.7,29.2
2026-05-16,gfs,4,11,8.4,3.3,38.7
2026-05-16,gfs,5,11.5,5.7,0.1,30.9
2026-05-16,gfs,6,15.3,7.3,0,31.9
2026-05-16,gfs,7,12.6,7.8,0,31.6
2026-05-16,icon,1,11,8.3,2.1,38
2026-05-16,icon,2,11,8.9,1.2,35.3
2026-05-16,icon,3,10.9,9,1.1,31.3
2026-05-16,icon,4,11.5,9.3,1.4,24.8
2026-05-16,icon,5,10.7,10,1.6,35.2
2026-05-16,icon,6,12.5,10,0.3,40.3
2026-05-16,ukmo,2,10.4,8.9,,42.8
2026-05-16,ukmo,3,10.3,9.1,,41.8
2026-05-16,ukmo,4,10.1,8.5,,
2026-05-16,ukmo,6,11.5,9.5,1,
2026-05-17,arpege,1,15.8,9.6,1.2,
2026-05-17,arpege,2,15.8,7.4,2.1,
2026-05-17,arpege,3,15.5,9.2,0,
2026-05-17,ecmwf,1,12.1,9.7,3.3,28.2
2026-05-17,ecmwf,2,12.5,9.6,2.7,28.6
2026-05-17,ecmwf,3,13,9.7,0.3,29.1
2026-05-17,ecmwf,4,12.2,9.6,0.6,24.7
2026-05-17,ecmwf,5,13,9.2,0.3,30.9
2026-05-17,ecmwf,6,10.6,9.3,0,17.3
2026-05-17,ecmwf,7,13.9,9.7,0,17.9
2026-05-17,gem,1,12.4,9.8,1.2,28.8
2026-05-17,gem,2,12.7,9.4,3.3,36.7
2026-05-17,gem,3,13.2,9.3,0.6,29.9
2026-05-17,gem,4,13.1,9,0,32.4
2026-05-17,gem,5,10.6,9.4,0,27.7
2026-05-17,gem,6,10.8,9.2,0.6,27
2026-05-17,gem,7,12.5,9.4,0,44.6
2026-05-17,gfs,1,11.5,7.5,0.6,29.6
2026-05-17,gfs,2,13.6,7.3,2.4,26.3
2026-05-17,gfs,3,13.1,7.2,1.4,24.9
2026-05-17,gfs,4,13.5,7.4,2.3,28.8
2026-05-17,gfs,5,11.7,9.2,1.9,31.1
2026-05-17,gfs,6,12.8,5.3,0.3,24.4
2026-05-17,gfs,7,14.7,9.6,2.8,29.3
2026-05-17,icon,1,12.8,8.5,0.4,25.8
2026-05-17,icon,2,14.7,9.5,1.8,20.9
2026-05-17,icon,3,15,9.5,0.4,18.3
2026-05-17,icon,4,14.8,9.4,0,22.3
2026-05-17,icon,5,13.9,9.4,0,25.1
2026-05-17,icon,6,13.3,10.4,0.7,28.6
2026-05-17,ukmo,1,13.1,10,0.1,28.4
2026-05-17,ukmo,2,12.8,10,,29.9
2026-05-17,ukmo,3,13.2,9.9,,35.6
2026-05-17,ukmo,4,12.9,9.8,,
2026-05-17,ukmo,6,11.5,9.7,0.5,
2026-05-18,arpege,1,14.2,10,3.7,
2026-05-18,arpege,2,14.1,9.5,3.8,
2026-05-18,arpege,3,14.7,10.8,15.1,
2026-05-18,ecmwf,1,13,11,0.9,24.5
2026-05-18,ecmwf,2,12.3,11,2.7,24.5
2026-05-18,ecmwf,3,12.6,10.9,3.3,23.4
2026-05-18,ecmwf,4,12.4,11.1,2.7,27.9
2026-05-18,ecmwf,5,13.7,10.3,0,21.2
2026-05-18,ecmwf,6,12.2,10.9,1.2,23.7
2026-05-18,ecmwf,7,13.4,10.9,0.3,30.7
2026-05-18,gem,1,14.6,11,0.9,23
2026-05-18,gem,2,12.1,11,6.6,18
2026-05-18,gem,3,12.7,10.9,2.7,19.1
2026-05-18,gem,4,13.1,11.1,0,24.8
2026-05-18,gem,5,14.4,9.6,2.4,28.1
2026-05-18,gem,6,11.5,9.2,0.3,24.1
2026-05-18,gem,7,12.3,10.3,1.2,40
2026-05-18,gfs,1,14.7,9.5,1,22.9
2026-05-18,gfs,2,12.1,9.8,5.9,22.4
2026-05-18,gfs,3,11.9,9.1,11.7,23.2
2026-05-18,gfs,4,13.9,9.4,1.3,28.9
2026-05-18,gfs,5,15,8.4,0.4,24
2026-05-18,gfs,6,14.1,8.1,0.8,19.3
2026-05-18,gfs,7,14.1,6.9,1.2,21.4
2026-05-18,icon,1,15.8,10.2,1.5,26.2
2026-05-18,icon,2,16.4,11.8,3.2,19.6
2026-05-18,icon,3,13.9,10.9,0.3,17.4
2026-05-18,icon,4,17.7,12.2,0.2,18.3
2026-05-18,icon,5,13.2,12.5,0.5,29
2026-05-18,icon,6,13.9,11.4,0.3,21.1
2026-05-18,ukmo,1,13.5,10.9,0.5,29.9
2026-05-18,ukmo,2,14.7,10.7,,30.2
2026-05-18,ukmo,3,12.6,11,,23
2026-05-18,ukmo,4,13.6,10.4,,
2026-05-18,ukmo,6,13.1,9.7,0,
2026-05-19,arpege,1,17.1,8.9,3.3,
2026-05-19,arpege,2,17,7.3,0.6,
2026-05-19,arpege,3,16,10.2,0.8,
2026-05-19,ecmwf,1,13.9,10.2,0,24.5
2026-05-19,ecmwf,2,14.5,9.8,0,23.1
2026-05-19,ecmwf,3,13.9,10.5,0,19.1
2026-05-19,ecmwf,4,13.8,9.6,0,20
2026-05-19,ecmwf,5,13.6,10.5,0.3,28.8
2026-05-19,ecmwf,6,11.8,10.9,1.8,20.5
2026-05-19,ecmwf,7,13.6,11.1,0.9,23.7
2026-05-19,gem,1,14.5,9.5,0.9,18
2026-05-19,gem,2,14.7,10.5,9,18.7
2026-05-19,gem,3,13.5,10.6,0.3,19.8
2026-05-19,gem,4,13.9,10.5,0,19.1
2026-05-19,gem,5,15.2,10.9,0,27.4
2026-05-19,gem,6,14.5,9.7,0,13.7
2026-05-19,gem,7,13.9,10.2,0,13.3
2026-05-19,gfs,1,14.6,9.4,0,17.8
2026-05-19,gfs,2,14.6,9.3,0.8,18.5
2026-05-19,gfs,3,14,8.6,0.4,14.8
2026-05-19,gfs,4,14.4,10.1,2.7,25
2026-05-19,gfs,5,15.1,9.2,0.1,30
2026-05-19,gfs,6,15.6,8.8,0,20.4
2026-05-19,gfs,7,14.7,9.8,0,17.3
2026-05-19,icon,1,16.9,9,0.5,15
2026-05-19,icon,2,16.5,10.4,0.4,14.3
2026-05-19,icon,3,15.9,10.2,0,12.7
2026-05-19,icon,4,17.2,10.3,0.3,15.1
2026-05-19,icon,5,16.4,12.5,0,16.3
2026-05-19,icon,6,17.1,10.8,3.3,21.3
2026-05-19,ukmo,2,14.8,10.6,,20.2
2026-05-19,ukmo,3,14.9,11.8,,27.4
2026-05-19,ukmo,4,15.2,10.8,,
2026-05-19,ukmo,6,13.3,10.8,0,
2026-05-20,arpege,1,14,11.6,2.7,
2026-05-20,arpege,2,15.1,12,3.2,
2026-05-20,arpege,3,14.4,11.5,3.3,
2026-05-20,ecmwf,1,13.4,12.4,2.1,28.2
2026-05-20,ecmwf,2,13.7,12.3,5.1,27.9
2026-05-20,ecmwf,3,13.6,12.3,0.6,28.8
2026-05-20,ecmwf,4,13.8,12.4,1.5,26.4
2026-05-20,ecmwf,5,13.6,12.7,0.6,27.8
2026-05-20,ecmwf,6,13,12,0,27.6
2026-05-20,ecmwf,7,15,12.8,0,19
2026-05-20,gem,1,13.1,11.9,4.2,27
2026-05-20,gem,2,13.9,12,2.1,26.6
2026-05-20,gem,3,13,11.8,5.7,26.6
2026-05-20,gem,4,13.3,11.6,6.9,32.8
2026-05-20,gem,5,13.4,12.1,1.8,33.5
2026-05-20,gem,6,13.9,12.2,0.3,23.8
2026-05-20,gem,7,15.9,13.2,0.6,18.7
2026-05-20,gfs,1,14.6,10.9,1.8,26.4
2026-05-20,gfs,2,14.6,10.7,0.7,28.7
2026-05-20,gfs,3,14.4,11.1,3.6,28.8
2026-05-20,gfs,4,13.9,11.7,0.9,28.2
2026-05-20,gfs,5,14.4,10.8,0.1,25
2026-05-20,gfs,6,15,10.7,0,24.2
2026-05-20,gfs,7,15.7,10.7,1.9,20
2026-05-20,icon,1,14.3,11.9,4.6,23.8
2026-05-20,icon,2,14.8,12.3,2.6,25.7
2026-05-20,icon,3,15.9,12.3,4.7,25.1
2026-05-20,icon,4,14.3,12.8,2.5,18.4
2026-05-20,icon,5,14.5,13.1,3.9,30.1
2026-05-20,icon,6,18.3,11.9,0,20.8
2026-05-20,ukmo,2,13.4,12.5,,33.1
2026-05-20,ukmo,3,13.3,12.5,,35.3
2026-05-20,ukmo,4,14.8,11.9,,
2026-05-20,ukmo,6,13.6,12.5,2.5,
2026-05-21,arpege,1,15,11.5,0.2,
2026-05-21,arpege,2,15.1,11,1.6,
2026-05-21,arpege,3,15.3,10.7,1.1,
2026-05-21,ecmwf,1,12.8,12.2,0.3,23.7
2026-05-21,ecmwf,2,12.6,12.3,0,26.2
2026-05-21,ecmwf,3,12.8,12.1,0,25
2026-05-21,ecmwf,4,13.3,12,0.9,28.6
2026-05-21,ecmwf,5,13,11.6,1.5,32.9
2026-05-21,ecmwf,6,12.7,12.2,0,20
2026-05-21,ecmwf,7,14.1,12,0,27.8
2026-05-21,gem,1,12.9,12,0,23
2026-05-21,gem,2,13.2,12.1,0,23
2026-05-21,gem,3,13.2,12.1,0,22
2026-05-21,gem,4,12.7,11.2,0.3,24.5
2026-05-21,gem,5,12.8,11.1,3,36.4
2026-05-21,gem,6,13.6,12.4,0.3,19.8
2026-05-21,gem,7,14.3,12,0,21.6
2026-05-21,gfs,1,14.7,10.9,0,22.9
2026-05-21,gfs,2,14.9,10.8,0.2,22.9
2026-05-21,gfs,3,15.2,11.6,0.4,25.5
2026-05-21,gfs,4,14.9,11.6,0,25.8
2026-05-21,gfs,5,14.2,10.7,0,26.5
2026-05-21,gfs,6,14.6,10.6,0,18.6
2026-05-21,gfs,7,14.1,10.6,0,26.1
2026-05-21,icon,1,15,11.9,0,20.4
2026-05-21,icon,2,15.2,12.2,0,19.3
2026-05-21,icon,3,14.7,12,0.1,26
2026-05-21,icon,4,14.6,12.3,1,21.6
2026-05-21,icon,5,13.8,12.4,0.6,19.9
2026-05-21,icon,6,14.6,13,0,20.9
2026-05-21,ukmo,2,13.1,12.4,,
2026-05-22,arpege,1,17.8,11.4,0,
2026-05-22,arpege,2,18.5,12.2,0,
2026-05-22,arpege,3,18.4,10,0,
2026-05-22,ecmwf,1,14.6,12.6,0,19.2
2026-05-22,ecmwf,2,14,12.1,0,19.2
2026-05-22,ecmwf,3,14.3,12.3,0,21
2026-05-22,ecmwf,4,14.5,12.1,0,21.4
2026-05-22,ecmwf,5,15.9,11.1,0.6,25.5
2026-05-22,ecmwf,6,13.7,11.6,0,15.7
2026-05-22,ecmwf,7,13.3,12.3,0,16.3
2026-05-22,gem,1,14.6,12,0,13.3
2026-05-22,gem,2,14.6,12.1,0,14
2026-05-22,gem,3,14.5,11.7,0,14
2026-05-22,gem,4,16,11.8,0,13
2026-05-22,gem,5,14.3,10.9,0.6,28.8
2026-05-22,gem,6,12.1,10.4,0,21.2
2026-05-22,gem,7,17.1,12.9,0,16.9
2026-05-22,gfs,1,17,12,0,15.4
2026-05-22,gfs,2,17,11.8,0,16.1
2026-05-22,gfs,3,17.1,11.7,0,16.3
2026-05-22,gfs,4,16.8,11.7,0,16.6
2026-05-22,gfs,5,17.2,11.5,0,13.8
2026-05-22,gfs,6,16.2,9.4,0,16.9
2026-05-22,gfs,7,16.8,10.7,0,18.4
2026-05-22,icon,1,17.7,12,0,15.1
2026-05-22,icon,2,18.7,12.6,0,13.8
2026-05-22,icon,3,19.4,12,0,14
2026-05-22,icon,4,17.4,12.1,0,13
2026-05-22,icon,5,18,11.4,0,25.3
2026-05-22,icon,6,17.9,12.2,0,25.8
2026-05-22,ukmo,2,15.1,12,0,
2026-05-22,ukmo,5,16.3,11.3,0,17.3
2026-05-23,arpege,1,23.3,14,0,
2026-05-23,arpege,2,22.4,12.5,0,
2026-05-23,arpege,3,23.5,14.1,0,
2026-05-23,ecmwf,1,15.2,13.5,0.3,23.4
2026-05-23,ecmwf,2,15,13.6,0,22.8
2026-05-23,ecmwf,3,15,12.9,0,20.9
2026-05-23,ecmwf,4,14.5,12.9,0,21.5
2026-05-23,ecmwf,5,15.4,13.1,0.3,20.4
2026-05-23,ecmwf,6,19.4,11.2,0,15.9
2026-05-23,ecmwf,7,17.4,11.2,1.5,14.2
2026-05-23,gem,1,17.4,13.4,0,20.9
2026-05-23,gem,2,16.9,14.3,0,18.7
2026-05-23,gem,3,16.9,14,0,25.6
2026-05-23,gem,4,19.1,12.9,1.8,45.7
2026-05-23,gem,5,19.8,14.1,0,24.8
2026-05-23,gem,6,16.2,10.4,0,22
2026-05-23,gem,7,15.6,11.6,0,18
2026-05-23,gfs,1,18.1,12.5,0,18.8
2026-05-23,gfs,2,18,12.7,0,15.9
2026-05-23,gfs,3,18.4,13.6,0,17.5
2026-05-23,gfs,4,19.3,12.8,0,15.8
2026-05-23,gfs,5,18.8,13.2,0,17.4
2026-05-23,gfs,6,18.1,12.8,0,18
2026-05-23,gfs,7,14.6,12.9,1.9,22.7
2026-05-23,icon,1,21,13.1,0.1,17
2026-05-23,icon,2,17.3,13.1,0.2,19.5
2026-05-23,icon,3,18.8,12.7,0,16.6
2026-05-23,icon,4,23.9,13.5,0,14.6
2026-05-23,icon,5,21.2,14.4,0,19.9
2026-05-23,icon,6,20.8,10.4,0,22
2026-05-23,ukmo,1,16.5,14.4,0.2,22
2026-05-23,ukmo,2,15.6,14.8,0,
2026-05-23,ukmo,5,17.5,14.4,0,21.2
2026-05-24,arpege,1,16.2,13.1,0,
2026-05-24,arpege,2,17.2,12,0,
2026-05-24,arpege,3,17.1,12.4,0,
2026-05-24,ecmwf,1,14.1,12.9,0,16.9
2026-05-24,ecmwf,2,13.7,12.5,0,19
2026-05-24,ecmwf,3,14.1,12.2,0,19.6
2026-05-24,ecmwf,4,13.6,12.5,0,20.3
2026-05-24,ecmwf,5,14.7,12.3,3.6,25.3
2026-05-24,ecmwf,6,17.7,13.6,0,18.8
2026-05-24,ecmwf,7,15.8,12.5,0,29.3
2026-05-24,gem,1,13.7,12.5,0,20.5
2026-05-24,gem,2,14.7,11.9,0,19.4
2026-05-24,gem,3,15.6,13.1,0,20.9
2026-05-24,gem,4,15.3,12.7,0,23
2026-05-24,gem,5,18.6,12,0,33.5
2026-05-24,gem,6,17.5,13.1,0,26.6
2026-05-24,gem,7,15.8,13,0,37.4
2026-05-24,gfs,1,16,12.2,0,15.8
2026-05-24,gfs,2,16.3,11.9,0,14.5
2026-05-24,gfs,3,16.7,12.3,0,14.9
2026-05-24,gfs,4,16.1,11.9,0,18.9
2026-05-24,gfs,5,19,10.5,0,18.5
2026-05-24,gfs,6,15.5,12.2,0,20.8
2026-05-24,gfs,7,16.8,11.1,0,29
2026-05-24,icon,1,16.4,12.2,0,17.7
2026-05-24,icon,2,15.9,12.2,0,15.7
2026-05-24,icon,3,16,12,0,14.5
2026-05-24,icon,4,16.5,12.1,0,14.6
2026-05-24,icon,5,18.2,11.5,0,24.2
2026-05-24,icon,6,17,12.5,0,30.6
2026-05-24,ukmo,1,14.2,12.2,0,24.8
2026-05-24,ukmo,2,15,13.7,0,
2026-05-24,ukmo,5,15.1,10.9,0,15.5
2026-05-25,arpege,1,19.3,12.7,0,
2026-05-25,arpege,2,20.6,12.5,0,
2026-05-25,arpege,3,20.9,11.9,0,
2026-05-25,ecmwf,1,15.8,13.7,0,16.3
2026-05-25,ecmwf,2,15.1,13.4,0,16.4
2026-05-25,ecmwf,3,14.8,13.8,0,19.8
2026-05-25,ecmwf,4,14.7,13.5,0,21.3
2026-05-25,ecmwf,5,15.7,12.6,0,23.4
2026-05-25,ecmwf,6,14.9,12.1,0,26.7
2026-05-25,ecmwf,7,15.1,12.1,0,29.6
2026-05-25,gem,1,16,12.4,0,13.7
2026-05-25,gem,2,15.9,12.3,0,14.8
2026-05-25,gem,3,16.6,12.1,0,20.2
2026-05-25,gem,4,16.6,12.8,0,24.1
2026-05-25,gem,5,15,12.4,0,19.1
2026-05-25,gem,6,15.1,13.7,0,26.3
2026-05-25,gem,7,16.9,13.2,0,29.5
2026-05-25,gfs,1,17.6,12.6,0,16.1
2026-05-25,gfs,2,16.9,12.2,0,14.2
2026-05-25,gfs,3,17.3,12.2,0,14.7
2026-05-25,gfs,4,17.2,11.5,0,14.3
2026-05-25,gfs,5,16.9,11.5,0,17.9
2026-05-25,gfs,6,18.6,11.7,0,18.3
2026-05-25,gfs,7,16.2,10.8,0,25.6
2026-05-25,icon,1,18.2,12.4,0,16.4
2026-05-25,icon,2,17.5,13.1,0,16.3
2026-05-25,icon,3,17.7,12.8,0,17.3
2026-05-25,icon,4,17.8,12.7,0,13
2026-05-25,icon,5,18.5,11.3,0,15.8
2026-05-25,icon,6,16.8,12.1,0,30.8
2026-05-25,ukmo,1,15.5,13.8,0,15.5
2026-05-25,ukmo,2,15.7,14.4,0,
2026-05-25,ukmo,5,16.1,14.4,0,31
2026-05-26,arpege,1,20.1,14.1,0,
2026-05-26,arpege,2,22.2,14.3,0,
2026-05-26,arpege,3,22.1,14.5,0,
2026-05-26,ecmwf,1,16.4,14.3,0,27.2
2026-05-26,ecmwf,2,16.1,13.9,0,29.3
2026-05-26,ecmwf,3,15.6,12.1,0,29.3
2026-05-26,ecmwf,4,14.4,12.2,0.3,40.2
2026-05-26,ecmwf,5,15,12.3,4.5,37.5
2026-05-26,ecmwf,6,14.3,12.3,0,37.2
2026-05-26,ecmwf,7,15.9,13.1,0,21.5
2026-05-26,gem,1,16.5,13.5,0,33.1
2026-05-26,gem,2,15.7,12.1,0,37.8
2026-05-26,gem,3,15.3,12,0.3,38.2
2026-05-26,gem,4,14.3,11.5,0,39.6
2026-05-26,gem,5,14.4,11.8,0,43.6
2026-05-26,gem,6,14.9,13.1,0,29.9
2026-05-26,gem,7,16.7,12.9,0,21.2
2026-05-26,gfs,1,18,13,0,25.7
2026-05-26,gfs,2,18.7,12.6,0.1,28.1
2026-05-26,gfs,3,17.2,12.4,0,25.8
2026-05-26,gfs,4,16,10.6,0,32.4
2026-05-26,gfs,5,15.8,10.8,0,30.7
2026-05-26,gfs,6,17.2,10.3,0,42.1
2026-05-26,gfs,7,20,12,0,18.2
2026-05-26,icon,1,19.3,13.1,0,24.2
2026-05-26,icon,2,18.7,14,0,25.1
2026-05-26,icon,3,17,13.1,0,26.5
2026-05-26,icon,4,16.1,11.3,0,30
2026-05-26,icon,5,17,11.7,0,29.2
2026-05-26,icon,6,22.7,12,0,20.4
2026-05-26,ukmo,2,16.5,14.2,0,
2026-05-26,ukmo,5,17.1,14.2,0,29.5
2026-05-27,arpege,1,15.4,12,0,
2026-05-27,arpege,2,16.2,12,0,
2026-05-27,arpege,3,15.8,11.4,0,
2026-05-27,ecmwf,1,14,12.1,0,34.1
2026-05-27,ecmwf,2,13.7,11.8,0,34.8
2026-05-27,ecmwf,3,13,12,0,36.7
2026-05-27,ecmwf,4,12.2,11.8,0,39.6
2026-05-27,ecmwf,5,12.1,11.4,0,45.7
2026-05-27,ecmwf,6,12.3,11.6,0,48.9
2026-05-27,ecmwf,7,14.6,11.7,0,42.5
2026-05-27,gem,1,13.2,11.2,0,33.5
2026-05-27,gem,2,12.4,11.4,0,35.3
2026-05-27,gem,3,12.3,11.3,0,37.8
2026-05-27,gem,4,12.4,11.3,0,38.5
2026-05-27,gem,5,11.9,11.1,0,40.7
2026-05-27,gem,6,15.3,13.2,0,38.2
2026-05-27,gem,7,14.5,12,0,34.2
2026-05-27,gfs,1,13.3,10.9,0,30.3
2026-05-27,gfs,2,13.1,10.8,0,31.7
2026-05-27,gfs,3,13.2,10.5,0,30.5
2026-05-27,gfs,4,13,10.4,0,30.8
2026-05-27,gfs,5,12.6,10.3,0,34.3
2026-05-27,gfs,6,12.3,9.7,0,41.5
2026-05-27,gfs,7,14.8,10.1,0,39.3
2026-05-27,icon,1,14.6,11.1,0,29.3
2026-05-27,icon,2,14.4,11.4,0,29.2
2026-05-27,icon,3,13.9,11.2,0,32
2026-05-27,icon,4,13.4,10.9,0,32.2
2026-05-27,icon,5,14.6,10.3,0,37
2026-05-27,icon,6,16.6,10.6,0,36
2026-05-27,ukmo,2,13.8,12.4,0,
2026-05-27,ukmo,5,15.7,10.6,0,47.9
2026-05-28,arpege,1,14.1,11.5,0,
2026-05-28,arpege,2,16.2,11.6,0,
2026-05-28,arpege,3,15.7,11,0,
2026-05-28,ecmwf,1,12.4,11.6,0,30.4
2026-05-28,ecmwf,2,12.7,11.6,0,30.6
2026-05-28,ecmwf,3,12.3,11.5,0,28
2026-05-28,ecmwf,4,12.4,11.4,0,31.2
2026-05-28,ecmwf,5,12.1,11.5,0,39.2
2026-05-28,ecmwf,6,11.9,11.4,0,44.2
2026-05-28,ecmwf,7,12.4,11.6,0,31.1
2026-05-28,gem,1,12.8,11.2,0,28.4
2026-05-28,gem,2,12.8,11.2,0,27.7
2026-05-28,gem,3,13.1,11.2,0,26.3
2026-05-28,gem,4,13.7,11.1,0,31.3
2026-05-28,gem,5,13.3,10.5,0,28.4
2026-05-28,gem,6,12.6,10.4,0,34.9
2026-05-28,gem,7,16.1,12.3,0,21.6
2026-05-28,gfs,1,14,10,0,24
2026-05-28,gfs,2,13.7,10.2,0,25.8
2026-05-28,gfs,3,13.4,10.1,0,25
2026-05-28,gfs,4,13.5,10,0,25.2
2026-05-28,gfs,5,13.3,9.6,0,25.9
2026-05-28,gfs,6,13.5,9.7,0,35.8
2026-05-28,gfs,7,13.6,10,0,36.3
2026-05-28,icon,1,14.4,10.2,0,24
2026-05-28,icon,2,14.6,11.3,0,20.6
2026-05-28,icon,3,13.9,11,0,22.4
2026-05-28,icon,4,13,10.5,0,25.9
2026-05-28,icon,5,13.2,10.2,0,30.8
2026-05-28,icon,6,17.8,9.7,0,27.4
2026-05-28,ukmo,2,13.5,12.2,0,
2026-05-28,ukmo,5,13.3,11.4,0,28.4
2026-05-29,arpege,1,21.7,8.3,0.1,
2026-05-29,arpege,2,21.8,10.4,1.7,
2026-05-29,arpege,3,21.7,11.6,0,
2026-05-29,ecmwf,1,17.2,12.8,1.2,26.3
2026-05-29,ecmwf,2,17.2,12.6,0.9,24.9
2026-05-29,ecmwf,3,17.3,12.4,0,28.6
2026-05-29,ecmwf,4,17,12.6,0,33.6
2026-05-29,ecmwf,5,17.4,11.7,0,32.4
2026-05-29,ecmwf,6,16.7,11.5,0,22.5
2026-05-29,ecmwf,7,16.4,11.4,0,33.8
2026-05-29,gem,1,24.8,7.7,0.2,31
2026-05-29,gem,2,17.6,11.9,0.6,31
2026-05-29,gem,3,17.6,11.9,0.6,31
2026-05-29,gem,4,18.2,13.9,0.6,34.6
2026-05-29,gem,5,15.9,12.4,0,40
2026-05-29,gem,6,17.7,12.9,0,34.9
2026-05-29,gem,7,19.6,10.8,0,44.6
2026-05-29,gfs,1,18.6,9.9,1.1,21.6
2026-05-29,gfs,2,18.3,9.8,1.8,24.8
2026-05-29,gfs,3,18.9,9.9,0,22.7
2026-05-29,gfs,4,16.9,9.7,0,17.4
2026-05-29,gfs,5,17.2,10.2,0,18.4
2026-05-29,gfs,6,16,10.5,0,17.2
2026-05-29,gfs,7,17.6,9.6,0,24.6
2026-05-29,icon,1,19.4,9.1,1.4,22.9
2026-05-29,icon,2,20.6,10.5,1.2,19.5
2026-05-29,icon,3,22.6,11.2,0.8,22.2
2026-05-29,icon,4,22.1,10,0,16.4
2026-05-29,icon,5,20.9,10.2,0,33
2026-05-29,icon,6,23.5,9.9,0,24.1
2026-05-29,ukmo,2,17.3,13.3,0.5,
2026-05-30,arpege,1,15.8,13.5,0,
2026-05-30,arpege,2,16.7,13.1,0,
2026-05-30,arpege,3,17.4,13.9,0,
2026-05-30,ecmwf,1,14.6,13.7,0,25.8
2026-05-30,ecmwf,2,14.4,13.7,0,23.7
2026-05-30,ecmwf,3,14.4,13.8,0,24.9
2026-05-30,ecmwf,4,14.2,13.7,0,26.2
2026-05-30,ecmwf,5,15,13.1,0,38.6
2026-05-30,ecmwf,6,15.2,13.2,0,30.3
2026-05-30,ecmwf,7,17.4,13,3.6,19.5
2026-05-30,gem,1,17.3,11.9,0,29.5
2026-05-30,gem,2,17.4,12.4,0,29.5
2026-05-30,gem,3,13.8,12.6,0,31.7
2026-05-30,gem,4,13.9,12.6,0,31.7
2026-05-30,gem,5,13.7,12.1,0,37.1
2026-05-30,gem,6,15,12.3,0.6,24.8
2026-05-30,gem,7,21.6,11.8,0.6,29.9
2026-05-30,gfs,1,16.2,12.9,0,25
2026-05-30,gfs,2,16.3,12.8,0,23.8
2026-05-30,gfs,3,16.1,12.5,0,25.3
2026-05-30,gfs,4,16.1,12.5,0,21.1
2026-05-30,gfs,5,16.8,12.5,0,22
2026-05-30,gfs,6,17.9,11.5,0,20.3
2026-05-30,gfs,7,16.2,12.8,0,23.4
2026-05-30,icon,1,17.3,13.4,0,22.8
2026-05-30,icon,2,17.5,14.3,0,22
2026-05-30,icon,3,16.8,13.9,0,25.9
2026-05-30,icon,4,18,13.7,0,20
2026-05-30,icon,5,15,12.5,0,35.8
2026-05-30,icon,6,20.9,13.5,0,29.2
2026-05-30,ukmo,1,14.8,14.1,0,25.9
2026-05-30,ukmo,2,14.8,14.4,0,29.9
2026-05-30,ukmo,3,15,14,0,
2026-05-30,ukmo,6,17,13.6,0,36
2026-05-31,arpege,1,16.1,12.5,0,
2026-05-31,arpege,2,16.5,11.8,0,
2026-05-31,arpege,3,15.4,12.3,0,
2026-05-31,ecmwf,1,14,13.4,0,18.2
2026-05-31,ecmwf,2,14,13.1,0,18.8
2026-05-31,ecmwf,3,14.2,13.2,0,20.1
2026-05-31,ecmwf,4,15.1,12.8,0.3,22.9
2026-05-31,ecmwf,5,15.1,12.5,1.8,17.3
2026-05-31,ecmwf,6,14.2,12.5,4.8,38
2026-05-31,ecmwf,7,16.2,13.4,2.1,21
2026-05-31,gem,1,16.8,10.4,0,25.9
2026-05-31,gem,2,16.9,11.6,0,21.6
2026-05-31,gem,3,16.3,12.1,0,29.5
2026-05-31,gem,4,16.3,12.1,0,29.5
2026-05-31,gem,5,16.3,12.1,0,29.5
2026-05-31,gem,6,13.3,11.8,0,24.1
2026-05-31,gem,7,21.3,14.4,0,49.7
2026-05-31,gfs,1,16.4,12.1,0,16.3
2026-05-31,gfs,2,16.7,12.2,0,14.6
2026-05-31,gfs,3,16.6,11.9,0,13.2
2026-05-31,gfs,4,16.9,12.2,0,14.7
2026-05-31,gfs,5,16.9,11.8,1,20.9
2026-05-31,gfs,6,16.4,11.2,1.9,31.6
2026-05-31,gfs,7,19.1,12.7,0.3,25.9
2026-05-31,icon,1,17.9,12,0,16.6
2026-05-31,icon,2,16.6,13.7,0,13.8
2026-05-31,icon,3,19.3,13.3,0,17.3
2026-05-31,icon,4,16.5,13.5,0,17.4
2026-05-31,icon,5,20.4,12.1,0.9,42.4
2026-05-31,icon,6,19.7,11.3,0.9,19.7
2026-05-31,ukmo,1,14.4,12.5,0,23.4
2026-05-31,ukmo,2,14.6,13.1,0,23.8
2026-05-31,ukmo,3,15.4,13.4,0,
2026-05-31,ukmo,6,16.8,13.9,0,35.3
2026-06-01,arpege,1,17.9,12.5,0,
2026-06-01,arpege,2,18.7,13.4,0,
2026-06-01,arpege,3,18.4,11.7,0,
2026-06-01,ecmwf,1,16.9,13.8,0,15.4
2026-06-01,ecmwf,2,16.7,14,0,15.5
2026-06-01,ecmwf,3,16.1,13.9,0,15.2
2026-06-01,ecmwf,4,16.2,14.3,1.5,25
2026-06-01,ecmwf,5,15.2,14.3,0.3,23.4
2026-06-01,ecmwf,6,16.1,14.1,0,28.2
2026-06-01,ecmwf,7,15,13.1,0.3,32.9
2026-06-01,gem,1,18.8,11,0,20.5
2026-06-01,gem,2,16,10.6,0,18
2026-06-01,gem,3,15.3,13.7,0.9,25.2
2026-06-01,gem,4,16.1,13.2,0,25.2
2026-06-01,gem,5,15.3,13.7,0.9,25.2
2026-06-01,gem,6,15.3,13.5,0.9,22.3
2026-06-01,gem,7,18.2,12.7,0,17.6
2026-06-01,gfs,1,17.5,12.2,0,16.3
2026-06-01,gfs,2,17,13.1,0,14.9
2026-06-01,gfs,3,16.9,12.4,0,20.9
2026-06-01,gfs,4,17.4,12.1,1.2,26.4
2026-06-01,gfs,5,16.2,11.9,0.1,29.5
2026-06-01,gfs,6,17.6,13,0,32.4
2026-06-01,gfs,7,16.3,12.3,0.2,41.1
2026-06-01,icon,1,18.4,13.4,0,15.5
2026-06-01,icon,2,16.7,13.5,6.8,21.4
2026-06-01,icon,3,16.8,13.8,0,19.6
2026-06-01,icon,4,17.1,14.5,0,20.3
2026-06-01,icon,5,18.2,14.3,0.4,31.8
2026-06-01,icon,6,16.5,13.8,0,26.7
2026-06-01,ukmo,1,16.9,13.7,0,20.9
2026-06-01,ukmo,2,16.5,14.6,0,17.3
2026-06-01,ukmo,3,15.8,14.6,0,
2026-06-01,ukmo,6,16,14.3,0,34.9
2026-06-02,arpege,1,24.3,16.5,4.1,
2026-06-02,arpege,2,23.8,14,2.4,
2026-06-02,arpege,3,22.6,13.5,5.3,
2026-06-02,ecmwf,1,19.6,16.1,0.6,27.1
2026-06-02,ecmwf,2,19,16.2,0,25.7
2026-06-02,ecmwf,3,18.9,16,0.9,22.7
2026-06-02,ecmwf,4,18.5,15.9,0.6,24.2
2026-06-02,ecmwf,5,17,15.4,12.6,31.7
2026-06-02,ecmwf,6,17.8,15,2.7,28.2
2026-06-02,ecmwf,7,16.8,14.7,1.8,27.6
2026-06-02,gem,1,24.2,13.7,0.2,23
2026-06-02,gem,2,18.1,14.6,2.8,24.5
2026-06-02,gem,3,16.5,15.6,0.3,41.8
2026-06-02,gem,4,18.1,13.3,0,41.8
2026-06-02,gem,5,18.8,13.9,1,25.6
2026-06-02,gem,6,16.5,15.6,0.3,41.8
2026-06-02,gem,7,17.5,15.6,0.3,41.8
2026-06-02,gfs,1,19.4,14.6,6.1,23
2026-06-02,gfs,2,20.9,13.4,6,19.8
2026-06-02,gfs,3,18.6,12.4,4.4,15.5
2026-06-02,gfs,4,16.9,14.5,0.9,20.9
2026-06-02,gfs,5,17.2,11.5,0.2,19.3
2026-06-02,gfs,6,15.7,14.2,1.3,22.4
2026-06-02,gfs,7,19.7,13.2,3.4,21.9
2026-06-02,icon,1,23.9,16,0,21.9
2026-06-02,icon,2,20.6,14.4,0.2,19.5
2026-06-02,icon,3,19.3,13,5.6,17.8
2026-06-02,icon,4,20.3,13.5,0.1,19.2
2026-06-02,icon,5,19.5,15.3,12.6,27.9
2026-06-02,icon,6,17.5,13.6,6.3,36.1
2026-06-02,ukmo,1,20.3,16.6,1.7,28.4
2026-06-02,ukmo,2,20,15.9,3,28.4
2026-06-02,ukmo,3,19,15.5,2.4,
2026-06-02,ukmo,6,17.5,15.4,9.9,39.6
2026-06-03,arpege,1,17.1,14.9,18.1,
2026-06-03,arpege,2,18,15,8.5,
2026-06-03,arpege,3,18.2,15,3.3,
2026-06-03,ecmwf,1,16.7,15.1,7.2,30.8
2026-06-03,ecmwf,2,17.1,15.6,2.7,30.9
2026-06-03,ecmwf,3,17.8,15.2,12.6,25.7
2026-06-03,ecmwf,4,17.1,15.5,4.2,25.3
2026-06-03,ecmwf,5,16.9,15,2.7,30.3
2026-06-03,ecmwf,6,15.9,15,1.8,34.9
2026-06-03,ecmwf,7,18,14.6,6.3,40.5
2026-06-03,gem,1,17.6,14.2,6.8,29.2
2026-06-03,gem,2,15.7,14.4,6.3,32.8
2026-06-03,gem,3,15.4,13.3,0,40.7
2026-06-03,gem,4,15.7,14,15.1,40.7
2026-06-03,gem,5,17.4,15,0,23.8
2026-06-03,gem,6,15.4,14.5,0,34.6
2026-06-03,gem,7,15.4,13.3,0,40.7
2026-06-03,gfs,1,16.5,14.2,4.7,30.9
2026-06-03,gfs,2,16.9,14.2,8.2,29.2
2026-06-03,gfs,3,16.2,13.8,14.8,35.2
2026-06-03,gfs,4,16.3,13.9,1.3,25
2026-06-03,gfs,5,16.4,13.4,0.1,26
2026-06-03,gfs,6,16.1,14.2,1.6,25.5
2026-06-03,gfs,7,17.8,12.6,1.6,29.5
2026-06-03,icon,1,18.9,15,10.2,25.2
2026-06-03,icon,2,17.9,15.6,2.1,25
2026-06-03,icon,3,17.1,15.1,7.3,25.3
2026-06-03,icon,4,17.4,14.8,3.4,21.4
2026-06-03,icon,5,18.7,15.5,13.9,20.3
2026-06-03,icon,6,16.6,14.7,2.3,31.8
2026-06-03,ukmo,1,16.8,14.7,11.6,35.3
2026-06-03,ukmo,2,17.3,15.3,13.7,30.2
2026-06-03,ukmo,3,18,15.2,1.3,
2026-06-03,ukmo,6,17.6,15.2,2.8,40.7
2026-06-04,arpege,1,17.1,13.3,10.6,
2026-06-04,arpege,2,16.4,14.1,23.4,
2026-06-04,arpege,3,16.6,14.7,12.2,
2026-06-04,ecmwf,1,16.2,14.4,6.6,44.9
2026-06-04,ecmwf,2,16.2,14.9,6.6,42.3
2026-06-04,ecmwf,3,16.2,15,6.6,43
2026-06-04,ecmwf,4,16.3,15.6,5.7,38.2
2026-06-04,ecmwf,5,17.3,15.5,4.2,39
2026-06-04,ecmwf,6,18.1,15.5,4.2,34.3
2026-06-04,ecmwf,7,16.3,15.5,7.5,43.1
2026-06-04,gem,1,17.7,13.6,11.9,36.7
2026-06-04,gem,2,15.5,13.8,13.6,35.3
2026-06-04,gem,3,20.6,13.4,0.6,44.6
2026-06-04,gem,4,16.2,14,8.8,44.6
2026-06-04,gem,5,15.8,13.9,5.3,29.5
2026-06-04,gem,6,18.1,14.4,0.6,23
2026-06-04,gem,7,17.1,13.4,24.3,44.6
2026-06-04,gfs,1,16.4,13.8,16.5,39.6
2026-06-04,gfs,2,16.9,13.7,10,37.6
2026-06-04,gfs,3,16.5,13.6,8.5,39
2026-06-04,gfs,4,16.9,14.4,5.3,33.9
2026-06-04,gfs,5,16.6,13.8,1.4,31.5
2026-06-04,gfs,6,15.8,11.9,0.8,41.9
2026-06-04,gfs,7,16.6,13,1.2,32.6
2026-06-04,icon,1,17.8,14.7,12,36.3
2026-06-04,icon,2,16.7,14.7,6.2,33.5
2026-06-04,icon,3,17.3,15,10.1,30.6
2026-06-04,icon,4,16.5,15,16.5,28.5
2026-06-04,icon,5,17.9,14.9,6,37.1
2026-06-04,icon,6,20.3,14.4,5.8,26
2026-06-04,ukmo,1,16.9,12.7,11.4,43.2
2026-06-04,ukmo,2,16.6,15.1,8.6,47.2
2026-06-04,ukmo,3,17.5,15.4,8.8,
2026-06-04,ukmo,6,19.4,15.1,5.4,38.5
2026-06-05,arpege,1,15.7,13.1,9.9,
2026-06-05,arpege,2,17,13.7,6.3,
2026-06-05,arpege,3,16.5,13.5,6.8,
2026-06-05,ecmwf,1,14.9,14.2,1.5,41.5
2026-06-05,ecmwf,2,14.9,14.2,1.5,40.7
2026-06-05,ecmwf,3,15.3,14.2,5.1,42.5
2026-06-05,ecmwf,4,15.9,14.1,0.9,37.2
2026-06-05,ecmwf,5,15.9,14.5,7.5,32.3
2026-06-05,ecmwf,6,16.3,14.4,0.9,38.1
2026-06-05,ecmwf,7,15.8,14.9,2.4,37.5
2026-06-05,gem,1,16.4,12,3.5,34.2
2026-06-05,gem,2,14.8,13.7,2.1,34.6
2026-06-05,gem,4,15.2,13.8,2.2,
2026-06-05,gem,5,15.5,13.2,2.7,23.8
2026-06-05,gem,6,15,13.4,,52.6
2026-06-05,gem,7,15.5,13.9,1,
2026-06-05,gfs,1,15.7,11.9,0.6,34.9
2026-06-05,gfs,2,15.5,12.2,1.5,34.9
2026-06-05,gfs,3,15.2,12.5,4.6,35.8
2026-06-05,gfs,4,15.8,13,2.2,35.3
2026-06-05,gfs,5,15.6,12.8,1.4,39.8
2026-06-05,gfs,6,16.4,11.6,3.6,39.1
2026-06-05,gfs,7,18.4,12.4,0.5,34.6
2026-06-05,icon,1,17.2,13.7,2.8,35.9
2026-06-05,icon,2,16.8,14.2,5.3,32.4
2026-06-05,icon,3,16.4,14,5,35.3
2026-06-05,icon,4,15.8,14.4,1.3,27.7
2026-06-05,icon,5,15.7,13.3,13.3,32.1
2026-06-05,icon,6,16.5,13.8,1.8,31.1
2026-06-05,ukmo,1,15.8,14.5,1.2,47
2026-06-05,ukmo,2,15.3,14.2,0,44.6
2026-06-05,ukmo,3,15.5,14.2,1.1,
2026-06-05,ukmo,6,16.6,14.3,4,42.8
2026-06-06,arpege,1,20.1,10.1,1,
2026-06-06,arpege,2,20.7,11.7,0.1,
2026-06-06,arpege,3,19.8,12.3,0.1,
2026-06-06,ecmwf,1,16.9,14,0,22.7
2026-06-06,ecmwf,2,16.2,13.9,1.2,23.3
2026-06-06,ecmwf,3,16.3,13.9,1.8,23.1
2026-06-06,ecmwf,4,16.4,13.9,0.3,23.4
2026-06-06,ecmwf,5,16.2,13.9,0.9,31.8
2026-06-06,ecmwf,6,15.5,14.2,0.3,13.2
2026-06-06,ecmwf,7,19.1,14.6,0,37.1
2026-06-06,gem,2,20.1,13.5,0.3,18.4
2026-06-06,gem,4,17.7,13.6,1.2,
2026-06-06,gem,5,16.7,13.3,0.6,19.8
2026-06-06,gem,6,16,13.6,,22.7
2026-06-06,gem,7,17,13.2,1,
2026-06-06,gfs,1,18,11.4,0.7,15.7
2026-06-06,gfs,2,17.2,11.3,0.7,18.2
2026-06-06,gfs,3,17.7,11.3,1.4,16.5
2026-06-06,gfs,4,17.5,12.5,1.1,27.3
2026-06-06,gfs,5,17.3,12.3,0.9,26.1
2026-06-06,gfs,6,16.6,12.7,0.3,33.8
2026-06-06,gfs,7,16.8,12.4,0.2,46.6
2026-06-06,icon,1,19.9,12.6,0.9,20.6
2026-06-06,icon,2,18.5,13.5,1,21
2026-06-06,icon,3,19.1,13.6,2.6,18.2
2026-06-06,icon,4,19.9,13.7,0,20
2026-06-06,icon,5,17.5,12.8,0,20.2
2026-06-06,icon,6,19.9,13.2,0,24.2
2026-06-06,ukmo,1,18.6,14.3,,22.3
2026-06-06,ukmo,2,18.2,14.2,,
2026-06-06,ukmo,6,16.7,14.4,,43.2
2026-06-07,arpege,1,16,14.1,0.7,
2026-06-07,arpege,2,15.9,13.4,7.4,
2026-06-07,arpege,3,16.8,14.2,3.6,
2026-06-07,ecmwf,1,16.9,14.7,0.3,41
2026-06-07,ecmwf,2,16.2,14.5,5.4,44.9
2026-06-07,ecmwf,3,16.4,14.6,0.9,40.3
2026-06-07,ecmwf,4,16.4,14.8,2.7,42.8
2026-06-07,ecmwf,5,17.2,15.3,1.8,37.6
2026-06-07,ecmwf,6,17.8,13.7,0.6,15.8
2026-06-07,ecmwf,7,18.1,14.7,0.3,25.8
2026-06-07,gem,2,16.2,13.9,2.5,35.6
2026-06-07,gem,4,15.4,13.8,5.9,
2026-06-07,gem,5,15.7,14.4,3,52.2
2026-06-07,gem,6,14.9,13.4,,59.4
2026-06-07,gem,7,16.5,14.2,3,
2026-06-07,gfs,1,15.7,13,2.7,35.9
2026-06-07,gfs,2,15.3,13.2,2.8,38.8
2026-06-07,gfs,3,17.1,13.7,1.9,27.1
2026-06-07,gfs,4,16.3,13.8,4.4,38.2
2026-06-07,gfs,5,19,13.4,0.3,45
2026-06-07,gfs,6,17.1,13.7,0.1,33.4
2026-06-07,gfs,7,17.7,12.3,0,18.3
2026-06-07,icon,1,16.9,14.3,2.9,40.9
2026-06-07,icon,2,16.2,14.6,3.6,34.1
2026-06-07,icon,3,16.9,14.9,2,29.9
2026-06-07,icon,4,17.9,15.2,0.7,38.3
2026-06-07,icon,5,20.3,14.7,0,15.2
2026-06-07,icon,6,20.4,13.4,9,47.9
2026-06-07,ukmo,1,17.6,14.7,,45.4
2026-06-07,ukmo,2,17,14.4,,
2026-06-07,ukmo,4,17.5,14.8,0,23.4
2026-06-07,ukmo,6,16.7,13.7,,48.2
2026-06-08,arpege,1,20.6,13.3,0.3,
2026-06-08,arpege,2,20.7,14.2,0.8,
2026-06-08,arpege,3,21.6,14,0.2,
2026-06-08,ecmwf,1,18,15.1,0,24.1
2026-06-08,ecmwf,2,17.5,15,0,24.4
2026-06-08,ecmwf,3,17.6,15.1,1.8,27
2026-06-08,ecmwf,4,18,14.7,1.8,25.6
2026-06-08,ecmwf,5,18.2,15,0,25.9
2026-06-08,ecmwf,6,16.5,14.9,2.7,29.2
2026-06-08,ecmwf,7,15.5,13.5,0,22.9
2026-06-08,gem,2,22.6,12.7,0,24.5
2026-06-08,gem,4,17.9,14.8,0.9,
2026-06-08,gem,5,18.4,14.7,0,26.6
2026-06-08,gem,6,15.4,13.7,,50
2026-06-08,gem,7,16,13.8,0,
2026-06-08,gfs,1,18.1,12.9,1.3,23.3
2026-06-08,gfs,2,19,12.8,3.3,24.2
2026-06-08,gfs,3,19.4,12.9,1.8,24.9
2026-06-08,gfs,4,18.2,13.2,3.6,18.3
2026-06-08,gfs,5,19.1,13.6,0.2,23.7
2026-06-08,gfs,6,19.4,13.5,0.4,40
2026-06-08,gfs,7,17.7,10.2,0,23.6
2026-06-08,icon,1,19.5,14.2,0.1,21.3
2026-06-08,icon,2,19.6,15.2,0.6,21.9
2026-06-08,icon,3,20.8,15.1,0.7,22.4
2026-06-08,icon,4,19,15.1,2.7,19.8
2026-06-08,icon,5,21.7,15.1,1.9,25.9
2026-06-08,icon,6,21.8,15.4,3.1,28.7
2026-06-08,ukmo,1,18.7,15.2,,42.8
2026-06-08,ukmo,2,19,15.1,,
2026-06-08,ukmo,4,17.2,14.3,1.2,32.4
2026-06-08,ukmo,6,19.3,14.1,,41
2026-06-09,arpege,1,15.4,12.4,19.8,
2026-06-09,arpege,2,16.2,12.9,11.8,
2026-06-09,arpege,3,17.5,12.7,12.6,
2026-06-09,ecmwf,1,16.6,12.7,9.3,35.9
2026-06-09,ecmwf,2,16.4,13.5,17.7,34.5
2026-06-09,ecmwf,3,16,13.6,7.5,36.2
2026-06-09,ecmwf,4,16.2,13.1,5.4,40
2026-06-09,ecmwf,5,17.5,14.3,18.9,43.2
2026-06-09,ecmwf,6,16.9,14.5,2.7,43.4
2026-06-09,ecmwf,7,16.4,14.4,11.4,38.6
2026-06-09,gem,2,15.3,12,11.6,36.7
2026-06-09,gem,4,15.4,13.6,19.7,
2026-06-09,gem,5,18,13.4,5.5,52.9
2026-06-09,gem,6,14.3,13.4,,45
2026-06-09,gem,7,15.9,12.9,4.5,
2026-06-09,gfs,1,15,12,10.5,31.6
2026-06-09,gfs,2,14.9,11.8,9.2,31.8
2026-06-09,gfs,3,14.9,11.9,4.8,33.2
2026-06-09,gfs,4,15.5,12.4,11.8,44.5
2026-06-09,gfs,5,15.3,12.3,2,45.1
2026-06-09,gfs,6,15.7,12,1.2,34.4
2026-06-09,gfs,7,15.6,12.7,0.4,33.2
2026-06-09,icon,1,16,13.3,6.2,29.9
2026-06-09,icon,2,16.6,13.1,6.6,25.5
2026-06-09,icon,3,15.9,12.8,6.4,29.7
2026-06-09,icon,4,16.6,13.3,7.6,29.5
2026-06-09,icon,5,18.4,13.7,12.1,47.5
2026-06-09,icon,6,16.8,13.2,2.7,53.3
2026-06-09,ukmo,1,15,13.3,,36.4
2026-06-09,ukmo,2,16.2,13.6,,
2026-06-09,ukmo,4,17,13.8,10.8,32
2026-06-09,ukmo,6,19,13.7,,41
2026-06-10,arpege,1,14.5,12.3,4.1,
2026-06-10,arpege,2,16.1,12.5,11.2,
2026-06-10,arpege,3,15.9,12.3,14.3,
2026-06-10,ecmwf,1,14,12.9,6.3,38.8
2026-06-10,ecmwf,2,14.3,12.6,9.9,41.4
2026-06-10,ecmwf,3,14.6,13.4,5.1,40
2026-06-10,ecmwf,4,14.5,12.4,5.7,42.1
2026-06-10,ecmwf,5,14.2,12.9,7.8,45.4
2026-06-10,ecmwf,6,14.4,13.6,7.5,35.4
2026-06-10,ecmwf,7,16.5,13.9,1.5,36
2026-06-10,gem,1,14.1,12.4,4.7,34.9
2026-06-10,gem,2,15.7,11,7.8,30.2
2026-06-10,gem,3,14.2,12.2,3.5,37.1
2026-06-10,gem,4,14.7,12.2,9.2,29.9
2026-06-10,gem,5,14.5,12.5,8.8,
2026-06-10,gem,7,15,13.6,0.1,21.2
2026-06-10,gfs,1,15.1,11.7,3.9,34.4
2026-06-10,gfs,2,14.9,11.7,6.1,31.6
2026-06-10,gfs,3,15,11.5,4,34.9
2026-06-10,gfs,4,15.1,11.8,3,34.2
2026-06-10,gfs,5,15.4,11.5,2,34.4
2026-06-10,gfs,6,15.9,12.2,0,31.6
2026-06-10,gfs,7,16.7,12.3,0,35.7
2026-06-10,icon,1,15.3,12.3,5.4,33.3
2026-06-10,icon,2,15.2,12.5,3.1,26.6
2026-06-10,icon,3,15,12.2,9,28
2026-06-10,icon,4,14.5,12.4,12.5,24
2026-06-10,icon,5,15.4,13,0.8,32
2026-06-10,icon,6,14.5,12.4,3.8,37.5
2026-06-10,ukmo,1,14.4,12,,46.1
2026-06-10,ukmo,2,15.1,13.3,,
2026-06-10,ukmo,4,14.6,12.9,7.9,37.8
2026-06-10,ukmo,6,16.1,13.5,,39.2
2026-06-11,arpege,1,15.1,11.9,0.4,
2026-06-11,arpege,2,16.1,11.1,1.2,
2026-06-11,arpege,3,16.4,11.3,5.4,
2026-06-11,ecmwf,1,14.3,12.6,2.7,24.2
2026-06-11,ecmwf,2,14.6,13.1,2.4,24.5
2026-06-11,ecmwf,3,14.3,11.8,9,24.5
2026-06-11,ecmwf,4,14.3,11.9,2.1,24.3
2026-06-11,ecmwf,5,14.6,13,3,37.4
2026-06-11,ecmwf,6,14.7,12.2,5.7,27
2026-06-11,ecmwf,7,16.4,14.4,1.5,31.1
2026-06-11,gem,1,15.9,10,0.5,22.7
2026-06-11,gem,2,15.6,9.5,1.1,22
2026-06-11,gem,3,14.2,13.2,0,22
2026-06-11,gem,4,14.3,12.1,3.5,25.2
2026-06-11,gem,5,14.7,12.7,3.7,
2026-06-11,gem,7,15.4,12.8,7.3,28.1
2026-06-11,gfs,1,14.7,10.8,1.4,20.2
2026-06-11,gfs,2,14.9,11,1.3,22.3
2026-06-11,gfs,3,14.3,10.7,2.6,22
2026-06-11,gfs,4,14.7,11.3,4.7,22.4
2026-06-11,gfs,5,15.2,11.5,1.9,27.2
2026-06-11,gfs,6,16.1,11.5,1,31.9
2026-06-11,gfs,7,17.5,10.7,0.6,45.2
2026-06-11,icon,1,15.9,12.2,0.6,23.8
2026-06-11,icon,2,15.2,12.3,0.6,19.7
2026-06-11,icon,3,15.4,12.6,0.8,19.5
2026-06-11,icon,4,15.8,12.1,5.4,36.4
2026-06-11,icon,5,16.4,12.7,0.8,26.8
2026-06-11,icon,6,15.8,12.8,0.5,28
2026-06-11,ukmo,1,14.6,13.4,,25.6
2026-06-11,ukmo,2,14.8,12.1,,
2026-06-11,ukmo,4,14.8,12.6,11.7,33.8
2026-06-11,ukmo,6,15.9,13.6,,37.1
2026-06-12,arpege,1,15.5,13,4.8,
2026-06-12,arpege,2,15.7,12.1,9.5,
2026-06-12,arpege,3,14.9,12.8,2.9,
2026-06-12,ecmwf,1,15.1,13.5,2.1,43.2
2026-06-12,ecmwf,2,15.4,13.8,5.1,41.8
2026-06-12,ecmwf,3,15.4,13.9,8.4,42.5
2026-06-12,ecmwf,4,15.5,14.1,6.9,45.2
2026-06-12,ecmwf,5,15.5,14,8.4,51.4
2026-06-12,ecmwf,6,15.4,14.4,8.4,47.8
2026-06-12,ecmwf,7,15.8,14,8.4,45.3
2026-06-12,gem,1,16.5,11.6,4.8,45.4
2026-06-12,gem,2,16.4,11.9,12.7,33.1
2026-06-12,gem,3,15,12.5,6.2,42.8
2026-06-12,gem,4,15.3,13.1,4,36.7
2026-06-12,gem,5,15.1,12.6,10.3,
2026-06-12,gem,7,14.7,12.8,2.5,45.4
2026-06-12,gfs,1,15.6,12,3.2,36.8
2026-06-12,gfs,2,15.9,11.3,3.2,33.3
2026-06-12,gfs,3,15.4,11.1,0.7,27.4
2026-06-12,gfs,4,14.8,11.5,5.7,29.1
2026-06-12,gfs,5,15.4,11.5,0.2,30.4
2026-06-12,gfs,6,14.7,11.1,1.7,25.3
2026-06-12,gfs,7,14.6,11.4,2.7,41.1
2026-06-12,icon,1,16.5,13.2,2.8,31.5
2026-06-12,icon,2,16.4,12.8,3.5,36.8
2026-06-12,icon,3,16.1,13.5,3.1,37.4
2026-06-12,icon,4,16.6,13.7,3,38.3
2026-06-12,icon,5,15.5,12.8,14.1,45.3
2026-06-12,icon,6,17.2,13.2,6.6,39.2
2026-06-12,ukmo,1,15.1,12.5,7.2,43.9
2026-06-12,ukmo,2,15.3,12.9,,
2026-06-12,ukmo,4,15.3,12.6,8,46.4
2026-06-12,ukmo,6,16,13.1,,54
2026-06-13,arpege,1,14.9,13.3,9.9,
2026-06-13,arpege,2,15,13.3,5.7,
2026-06-13,arpege,3,15.6,13,2.7,
2026-06-13,ecmwf,1,14.9,13.8,4.8,49.3
2026-06-13,ecmwf,2,15.1,13.9,3.9,50.5
2026-06-13,ecmwf,3,15,13.5,6.9,49.6
2026-06-13,ecmwf,4,15.4,14.2,2.4,49.7
2026-06-13,ecmwf,5,15.4,13.8,2.7,47.6
2026-06-13,ecmwf,6,15.9,14,2.4,48.1
2026-06-13,ecmwf,7,16.3,14.3,1.8,43
2026-06-13,gem,1,15.9,12.9,2.9,50
2026-06-13,gem,2,15.7,13.3,1.5,43.6
2026-06-13,gem,3,14.7,13.5,0.6,40.3
2026-06-13,gem,4,15,13.7,0,39.2
2026-06-13,gem,5,15.7,14.1,1.8,
2026-06-13,gem,7,16.3,12.7,0,45.4
2026-06-13,gfs,1,14.3,12.6,2.6,44.4
2026-06-13,gfs,2,14.2,12.6,3.3,43.9
2026-06-13,gfs,3,14.9,12.7,1,40.3
2026-06-13,gfs,4,15.2,12.6,0.6,39.3
2026-06-13,gfs,5,16.5,13.2,0.2,40
2026-06-13,gfs,6,15.3,11.8,0.6,37.3
2026-06-13,gfs,7,14.8,12.1,3.4,41.9
2026-06-13,icon,1,15,13.6,1.8,42
2026-06-13,icon,2,15.5,13.6,1.3,36.7
2026-06-13,icon,3,15.5,13.3,1,37.2
2026-06-13,icon,4,16.8,14.2,0.6,34.1
2026-06-13,icon,5,18.5,14.5,0.2,36.1
2026-06-13,icon,6,17.1,13.1,0,47.1
2026-06-13,ukmo,1,15.5,13,12.2,53.3
2026-06-13,ukmo,2,15.6,13.8,,
2026-06-13,ukmo,4,15.7,14.1,3.6,51.5
2026-06-13,ukmo,6,14.9,13.6,,55.4
2026-06-14,arpege,1,14.6,12.1,12,
2026-06-14,arpege,2,15.7,12.6,5.5,
2026-06-14,arpege,3,15.7,13,1.9,
2026-06-14,ecmwf,1,14.5,13.6,5.4,49.2
2026-06-14,ecmwf,2,14.5,13.6,6,47.9
2026-06-14,ecmwf,3,14.5,13.6,2.7,47.7
2026-06-14,ecmwf,4,14.3,13.6,4.5,54.3
2026-06-14,ecmwf,5,14.5,13.9,2.7,47.7
2026-06-14,ecmwf,6,17.5,14.7,0,39.8
2026-06-14,ecmwf,7,16.2,14.1,0.9,45.7
2026-06-14,gem,1,15.1,11.9,3.4,45
2026-06-14,gem,2,15.6,11.4,6.7,41.4
2026-06-14,gem,3,15.3,13.6,0.7,40.3
2026-06-14,gem,4,14.8,13.2,1.5,45.7
2026-06-14,gem,5,14.4,13.7,0,
2026-06-14,gem,7,14.4,13.4,0.1,41.8
2026-06-14,gfs,1,14.9,12.3,2.2,41.6
2026-06-14,gfs,2,14.8,12.5,3.7,37.9
2026-06-14,gfs,3,15,12.5,2.7,39.4
2026-06-14,gfs,4,14.9,12.7,2.1,43.2
2026-06-14,gfs,5,16.8,11.8,0.1,44
2026-06-14,gfs,6,17.6,14,0.2,31.8
2026-06-14,gfs,7,15.2,12.1,0.2,40
2026-06-14,icon,1,15.1,13,5.8,36.5
2026-06-14,icon,2,15.4,13.2,6.3,35.2
2026-06-14,icon,3,15.5,13.1,6.2,36.4
2026-06-14,icon,4,15.5,13.6,0.8,38.7
2026-06-14,icon,5,16,14,0,45.7
2026-06-14,icon,6,19.6,13,0.2,47.1
2026-06-14,ukmo,1,14.2,13.5,3.7,49.3
2026-06-14,ukmo,2,14.4,13.7,,
2026-06-14,ukmo,4,14.5,13.6,1.7,49.3
2026-06-14,ukmo,6,14.7,13.7,,48.2
2026-06-15,arpege,1,14.8,13.4,0,
2026-06-15,arpege,2,15.6,13.1,0,
2026-06-15,arpege,3,15.6,13.2,0,
2026-06-15,ecmwf,1,14.5,13.3,1.2,47.5
2026-06-15,ecmwf,2,14.4,13,0.6,46
2026-06-15,ecmwf,3,14.3,13.3,0.9,50.3
2026-06-15,ecmwf,4,14,13.1,0.9,46.3
2026-06-15,ecmwf,5,13.9,13.2,1.5,48.7
2026-06-15,ecmwf,6,16.4,13,0.9,38.2
2026-06-15,ecmwf,7,15.6,13.6,0.3,34.5
2026-06-15,gem,1,15.1,12.4,0.1,44.3
2026-06-15,gem,2,15.2,12.6,0.1,38.9
2026-06-15,gem,3,15.3,12.9,0.1,40
2026-06-15,gem,4,14.6,13.4,0,33.5
2026-06-15,gem,5,14.6,13.4,0,
2026-06-15,gem,7,18,13.4,0.1,36.7
2026-06-15,gfs,1,14.4,12.6,0.2,41.8
2026-06-15,gfs,2,13.5,12.6,0.5,40.6
2026-06-15,gfs,3,14.3,12.7,0.2,39.8
2026-06-15,gfs,4,14.3,12.4,0.5,39.5
2026-06-15,gfs,5,15,12,0,33.2
2026-06-15,gfs,6,19.2,12.3,0,34.5
2026-06-15,gfs,7,19.2,13.3,0,33.8
2026-06-15,icon,1,14.5,12.3,0,36.5
2026-06-15,icon,2,14.9,13.4,0,33.9
2026-06-15,icon,3,15.1,13.6,0,33.8
2026-06-15,icon,4,15.1,13.9,0,35.2
2026-06-15,icon,5,15.5,13.4,0,38.5
2026-06-15,icon,6,16.2,13.4,0.9,31.3
2026-06-15,ukmo,1,14,12.8,0,42.5
2026-06-15,ukmo,2,14,12.5,0,42.5
2026-06-15,ukmo,3,14.3,13,0.1,41.4
2026-06-15,ukmo,4,14,12.8,0,50
2026-06-15,ukmo,5,15,13.4,0,49.3
2026-06-15,ukmo,6,14.6,12.7,0,48.2
2026-06-16,arpege,1,14.8,12.7,0,
2026-06-16,arpege,2,15.9,12.4,0,
2026-06-16,arpege,3,16.9,12.6,0,
2026-06-16,ecmwf,1,13.9,13.2,0.3,31.3
2026-06-16,ecmwf,2,13.8,12.6,0.6,31.4
2026-06-16,ecmwf,3,13.8,13,0,30.3
2026-06-16,ecmwf,4,14.7,12.9,0,29.5
2026-06-16,ecmwf,5,16,13.2,0,36.4
2026-06-16,ecmwf,6,14,13.3,1.2,36.2
2026-06-16,ecmwf,7,18.1,13,0,29
2026-06-16,gem,1,15.2,11.3,0,25.6
2026-06-16,gem,2,15.2,11.4,0,25.9
2026-06-16,gem,3,13.8,12.7,0,28.4
2026-06-16,gem,4,18.3,12.7,0,28.1
2026-06-16,gem,5,17.1,12.8,0,
2026-06-16,gem,7,16.9,13.6,0,23.8
2026-06-16,gfs,1,14.5,11.7,0,23.7
2026-06-16,gfs,2,14.3,11.5,0,25.6
2026-06-16,gfs,3,14.5,12,0.1,31.2
2026-06-16,gfs,4,14.6,12.2,0.3,34.3
2026-06-16,gfs,5,14.9,11.6,0,29.6
2026-06-16,gfs,6,16.3,11.4,0,19.8
2026-06-16,gfs,7,20.5,13.2,1.2,20.6
2026-06-16,icon,1,15.3,12,0,20.3
2026-06-16,icon,2,15.5,13.2,0,22
2026-06-16,icon,3,15.3,13,0,24
2026-06-16,icon,4,18.5,13.1,0,23.7
2026-06-16,icon,5,17.2,12.6,0,40.1
2026-06-16,icon,6,17.1,12.3,0,20.9
2026-06-16,ukmo,1,13.7,12.9,0,29.2
2026-06-16,ukmo,2,13,11.7,0,30.2
2026-06-16,ukmo,3,14.5,12.3,0,32
2026-06-16,ukmo,4,13.1,12.4,0,40.7
2026-06-16,ukmo,5,16,12.6,0,41
2026-06-16,ukmo,6,16.6,13.2,0,33.8
2026-06-17,arpege,1,19,12,3.7,
2026-06-17,arpege,2,18.5,11.3,1.1,
2026-06-17,arpege,3,18.3,11.6,0.8,
2026-06-17,ecmwf,1,17,13.6,1.5,25.6
2026-06-17,ecmwf,2,16.7,13.7,1.5,23.2
2026-06-17,ecmwf,3,17.1,13.6,0.3,26.2
2026-06-17,ecmwf,4,18,14.9,3.6,32.4
2026-06-17,ecmwf,5,16.5,16,3,32.1
2026-06-17,ecmwf,6,16.7,14.6,1.8,28.5
2026-06-17,ecmwf,7,15.7,13.6,0.6,19.1
2026-06-17,gem,1,20.8,9.8,0.1,27.4
2026-06-17,gem,2,19.1,10.1,0.1,19.1
2026-06-17,gem,3,18.7,12.8,0.4,24.8
2026-06-17,gem,4,18.9,15.7,0,25.6
2026-06-17,gem,5,18.5,16,0.6,
2026-06-17,gem,7,20,15.2,0,27.4
2026-06-17,gfs,1,17.4,10.8,0.8,23.8
2026-06-17,gfs,2,17.4,11.2,0.1,23.7
2026-06-17,gfs,3,18.6,10.5,0,17.9
2026-06-17,gfs,4,18.4,13.8,3.7,27.5
2026-06-17,gfs,5,17.6,12.3,0,28.1
2026-06-17,gfs,6,18,14.8,0.6,30.7
2026-06-17,gfs,7,18.3,15,0.3,31.3
2026-06-17,icon,1,16.9,11.5,1.1,22.1
2026-06-17,icon,2,18.1,13.1,0.2,21.3
2026-06-17,icon,3,17.6,13.3,2.8,17.9
2026-06-17,icon,4,18.4,15.7,2.6,22.2
2026-06-17,icon,5,20.4,15.2,2.3,24.8
2026-06-17,icon,6,22.1,12.8,0,21.8
2026-06-17,ukmo,1,16.7,13.2,0.9,31
2026-06-17,ukmo,2,16.3,12.2,0.2,27.4
2026-06-17,ukmo,3,16.2,13.1,1.3,31
2026-06-17,ukmo,4,16,13.1,0.4,28.4
2026-06-17,ukmo,5,16.8,14,2.3,28.8
2026-06-17,ukmo,6,17.1,15.5,0.6,34.2
2026-06-18,arpege,1,20.7,15.8,0,
2026-06-18,arpege,2,22.8,14.8,0,
2026-06-18,arpege,3,23.3,14.9,0,
2026-06-18,ecmwf,1,17.6,16.3,0.3,24.4
2026-06-18,ecmwf,2,17.7,16.4,1.2,20.3
2026-06-18,ecmwf,3,17.5,16.4,0,22.2
2026-06-18,ecmwf,4,17,16.6,0,23.5
2026-06-18,ecmwf,5,17.4,15.7,0,28.3
2026-06-18,ecmwf,6,16.5,15.1,0,35.9
2026-06-18,ecmwf,7,17.6,16.1,0,18.8
2026-06-18,gem,1,22.5,14.8,0.8,17.3
2026-06-18,gem,2,20.8,14.7,1.7,16.9
2026-06-18,gem,3,17.8,16.2,0,14.8
2026-06-18,gem,4,18.7,16.3,0.3,16.9
2026-06-18,gem,5,18.3,15.9,1.3,
2026-06-18,gem,7,17.7,16.1,0,23.8
2026-06-18,gfs,1,19.6,15.4,0.3,19.4
2026-06-18,gfs,2,19.1,15.5,0.1,19.7
2026-06-18,gfs,3,19.6,15.9,0,18.8
2026-06-18,gfs,4,19.6,15.8,0.3,21.7
2026-06-18,gfs,5,19.2,15,0,23.5
2026-06-18,gfs,6,19.5,14.5,0.5,22.2
2026-06-18,gfs,7,21.1,14.3,0,24.5
2026-06-18,icon,1,19.5,15.9,0,17.3
2026-06-18,icon,2,19.6,16.3,0.1,19.1
2026-06-18,icon,3,21.2,16.9,0.7,18
2026-06-18,icon,4,19.3,16.4,0,17.5
2026-06-18,icon,5,22.6,15.9,0,38.2
2026-06-18,icon,6,21.2,16.1,0,18.4
2026-06-18,ukmo,1,17,16.1,0,24.8
2026-06-18,ukmo,2,17.1,16.2,0.3,22
2026-06-18,ukmo,3,17.2,15.9,0.3,23.4
2026-06-18,ukmo,4,17.5,14.6,0,24.1
2026-06-18,ukmo,5,17.1,16,0,29.9
2026-06-18,ukmo,6,17.7,15.8,0,28.4
2026-06-19,arpege,1,28.7,17.7,0.3,
2026-06-19,arpege,2,30.7,18,1.2,
2026-06-19,arpege,3,28.5,15.2,0.8,
2026-06-19,ecmwf,1,22.8,17.8,4.5,22.7
2026-06-19,ecmwf,2,21.6,17.7,2.1,20.3
2026-06-19,ecmwf,3,23.3,17.6,2.1,25.2
2026-06-19,ecmwf,4,21.4,16.7,0.6,29.4
2026-06-19,ecmwf,5,22.1,16.3,1.2,25
2026-06-19,ecmwf,6,22.1,15.2,4.2,28.5
2026-06-19,ecmwf,7,18.5,14.9,0,17.8
2026-06-19,gem,1,31.8,15.8,0.5,25.9
2026-06-19,gem,2,31.9,15.9,5.1,28.4
2026-06-19,gem,3,24.3,16.5,0.7,23.8
2026-06-19,gem,4,23.5,16.8,1.8,23
2026-06-19,gem,5,23.9,16.5,0.5,
2026-06-19,gem,7,24.2,15.3,14.4,20.5
2026-06-19,gfs,1,24.5,16.6,1.3,17.2
2026-06-19,gfs,2,24.7,16,0,17.5
2026-06-19,gfs,3,24.3,15.9,0,15
2026-06-19,gfs,4,24.8,14.9,1.2,13.8
2026-06-19,gfs,5,25.4,14,0.6,15.8
2026-06-19,gfs,6,23,14.2,2.2,21
2026-06-19,gfs,7,26.5,14.4,2.2,25.1
2026-06-19,icon,1,28.3,16.3,0,17.8
2026-06-19,icon,2,28,17.1,0,17.3
2026-06-19,icon,3,27,17.6,0.1,17
2026-06-19,icon,4,26.3,16,6.7,14
2026-06-19,icon,5,28.6,15.5,10.5,15.4
2026-06-19,icon,6,30.6,14,0,22.6
2026-06-19,ukmo,1,23.2,16.9,1.3,21.2
2026-06-19,ukmo,2,21.1,17.1,0,20.2
2026-06-19,ukmo,3,22.3,16.7,0,27.7
2026-06-19,ukmo,4,20.9,17.5,0.2,24.5
2026-06-19,ukmo,5,21.7,15,0.4,23
2026-06-19,ukmo,6,20.8,15.3,1.6,21.6
2026-06-20,arpege,1,24.9,17.1,5.6,
2026-06-20,arpege,2,27.6,19.1,1.3,
2026-06-20,arpege,3,24.9,19,4.5,
2026-06-20,ecmwf,1,19.3,17.8,0,22.1
2026-06-20,ecmwf,2,20.3,17.7,8.4,22.8
2026-06-20,ecmwf,3,20.4,17.2,0,24.1
2026-06-20,ecmwf,4,19.6,17.5,0,22.1
2026-06-20,ecmwf,5,20.7,18,0.3,20.4
2026-06-20,ecmwf,6,20.7,17.1,0,26.8
2026-06-20,ecmwf,7,18.8,17.1,0,24.7
2026-06-20,gem,1,23.9,16.2,10.8,33.8
2026-06-20,gem,2,25.3,16.1,0.5,24.8
2026-06-20,gem,3,19.4,16.7,10.7,21.2
2026-06-20,gem,4,20.8,17.2,0,21.6
2026-06-20,gem,5,20.8,17,5.8,
2026-06-20,gem,7,21.9,17.4,0.6,18
2026-06-20,gfs,1,21.7,16.6,20.4,32.6
2026-06-20,gfs,2,22.5,16,9,41.9
2026-06-20,gfs,3,22,16.1,3,22.6
2026-06-20,gfs,4,21.4,15.6,3.4,32.2
2026-06-20,gfs,5,21.9,16.3,3.2,22.9
2026-06-20,gfs,6,23.3,17.4,1.1,19.6
2026-06-20,gfs,7,23.4,16.7,2.6,26.8
2026-06-20,icon,1,22,16.6,2.9,24.5
2026-06-20,icon,2,22.6,16.3,2.5,17
2026-06-20,icon,3,21.4,15.6,1.6,24.1
2026-06-20,icon,4,21.5,16.6,2.3,17.2
2026-06-20,icon,5,20.5,16.3,0,20.2
2026-06-20,icon,6,21.7,15.6,1.7,26
2026-06-20,ukmo,1,21.7,17.3,1,29.9
2026-06-20,ukmo,2,21,18,1,23.8
2026-06-20,ukmo,3,20.1,17.7,5.1,26.3
2026-06-20,ukmo,4,20.6,17.5,12.6,23.8
2026-06-20,ukmo,5,18.5,17.1,4.6,19.1
2026-06-20,ukmo,6,21.9,17.4,0,23
2026-06-21,arpege,1,22.7,16.4,0,
2026-06-21,arpege,2,24.1,16.3,0,
2026-06-21,arpege,3,24.3,14.2,0,
2026-06-21,ecmwf,1,17.6,17,0,29.9
2026-06-21,ecmwf,2,17.6,16.7,0,28.1
2026-06-21,ecmwf,3,17.7,16.7,0,26
2026-06-21,ecmwf,4,17.6,16.4,0,22.8
2026-06-21,ecmwf,5,18.3,16.6,0,21.3
2026-06-21,ecmwf,6,20.8,17.4,1.2,17.5
2026-06-21,ecmwf,7,17.3,16.2,0.6,28.6
2026-06-21,gem,1,21.3,15,0,29.5
2026-06-21,gem,2,18.7,13.5,0,25.2
2026-06-21,gem,3,17.1,15.4,0,32
2026-06-21,gem,4,17,15.6,0,23.4
2026-06-21,gem,5,18.7,15.9,0,23.8
2026-06-21,gem,6,25.5,17.6,0,29.5
2026-06-21,gem,7,22.8,17.2,0,16.2
2026-06-21,gfs,1,19.3,15.7,0,28.2
2026-06-21,gfs,2,18.6,14.7,0,23.1
2026-06-21,gfs,3,18.6,14.8,0,20.8
2026-06-21,gfs,4,18.7,13.9,0,21.7
2026-06-21,gfs,5,20.8,14.6,0,23.3
2026-06-21,gfs,6,22.5,14.8,0,16
2026-06-21,gfs,7,18.9,15.6,3.6,31.2
2026-06-21,icon,1,20.5,16,0,23.8
2026-06-21,icon,2,19.5,15.8,0,19.5
2026-06-21,icon,3,19.6,14.8,0,20.3
2026-06-21,icon,4,18.8,15.3,0,19
2026-06-21,icon,5,20.2,14.6,0,16.5
2026-06-21,icon,6,23.1,14.6,0,16.6
2026-06-21,ukmo,1,18.4,15.8,0,29.5
2026-06-21,ukmo,2,18.6,16.1,0,26.6
2026-06-21,ukmo,3,18.6,15.7,0,29.2
2026-06-21,ukmo,4,17.4,15.5,0,28.4
2026-06-21,ukmo,5,18.6,15.7,0,20.9
2026-06-21,ukmo,6,21.1,16.7,0,22.3
2026-06-22,arpege,1,20.7,15.2,0,
2026-06-22,arpege,2,21.1,16.3,0,
2026-06-22,arpege,3,24.4,16,0.1,
2026-06-22,ecmwf,1,17.2,15.2,0,28.5
2026-06-22,ecmwf,2,17.3,15.5,0,28
2026-06-22,ecmwf,3,17.4,15.4,0,31.3
2026-06-22,ecmwf,4,18,15.9,0,26.7
2026-06-22,ecmwf,5,20.2,16.2,0,22.7
2026-06-22,ecmwf,6,22.1,18.7,9,19.1
2026-06-22,ecmwf,7,23.6,16.5,1.2,23.4
2026-06-22,gem,1,19.5,13.4,0,24.1
2026-06-22,gem,2,19,12.3,0,25.6
2026-06-22,gem,3,17.1,14.3,0,28.8
2026-06-22,gem,4,18.8,15.3,0,31.7
2026-06-22,gem,5,18.8,14.9,0,29.5
2026-06-22,gem,6,24.5,16.5,6,29.2
2026-06-22,gem,7,23.2,16.8,0.4,30.6
2026-06-22,gfs,1,16.9,12.6,0,22.7
2026-06-22,gfs,2,17.3,12.5,0,24
2026-06-22,gfs,3,18.9,11.9,0,22
2026-06-22,gfs,4,18.4,13.3,0,22.1
2026-06-22,gfs,5,17.6,12.9,0,33.9
2026-06-22,gfs,6,22.6,15.9,0.4,21.3
2026-06-22,gfs,7,25.9,15.1,2.2,32.8
2026-06-22,icon,1,19.2,14.2,0,24.1
2026-06-22,icon,2,20.5,14.8,0,25.7
2026-06-22,icon,3,21.7,14.4,0,20.9
2026-06-22,icon,4,24.2,14.4,0,18.1
2026-06-22,icon,5,20.6,12.7,0,16.9
2026-06-22,icon,6,20.6,14.7,0,21.9
2026-06-22,ukmo,1,18,15.4,0,31
2026-06-22,ukmo,2,18.1,15.2,0,31.7
2026-06-22,ukmo,3,19.2,16,0,34.2
2026-06-22,ukmo,4,20.2,14.4,0,27
2026-06-22,ukmo,5,18.7,15.8,0,27.4
2026-06-22,ukmo,6,20.2,17.6,8.9,23.4
2026-06-23,arpege,1,21.9,13.3,0,
2026-06-23,arpege,2,24.1,14.7,0,
2026-06-23,arpege,3,24.4,15.2,0,
2026-06-23,ecmwf,1,18.7,14.8,0,25.7
2026-06-23,ecmwf,2,18.1,15.4,0,23.3
2026-06-23,ecmwf,3,18.9,15.3,0,27.5
2026-06-23,ecmwf,4,17.8,14.9,0,22.2
2026-06-23,ecmwf,5,21.9,17.6,0,26.3
2026-06-23,ecmwf,6,23.5,17.1,17.1,31.1
2026-06-23,ecmwf,7,21.9,16.4,14.7,40.4
2026-06-23,gem,1,21.6,11.7,0,19.4
2026-06-23,gem,2,21.2,12.7,0,17.6
2026-06-23,gem,3,17.5,14,0,24.8
2026-06-23,gem,4,18.1,14.6,0,29.5
2026-06-23,gem,5,18.4,14.9,0,25.2
2026-06-23,gem,6,20.1,16.3,5,17.6
2026-06-23,gem,7,19.2,15.4,1.8,36
2026-06-23,gfs,1,20.2,11.5,0,19.1
2026-06-23,gfs,2,19.9,11.4,0,16.6
2026-06-23,gfs,3,19.2,12.5,0,17
2026-06-23,gfs,4,20.9,12.7,0,15.8
2026-06-23,gfs,5,20.9,13.3,0,22.8
2026-06-23,gfs,6,18.1,10.9,0,24.7
2026-06-23,gfs,7,19,13.3,0.5,38.8
2026-06-23,icon,1,20.7,12.8,0,16.2
2026-06-23,icon,2,21.3,13.3,0,13.4
2026-06-23,icon,3,24.2,14,0,13.8
2026-06-23,icon,4,24.2,17.4,0.2,15.9
2026-06-23,icon,5,25.1,14.2,0.2,25
2026-06-23,icon,6,21.5,11.6,0,20.9
2026-06-23,ukmo,1,18.3,15.1,0,26.3
2026-06-23,ukmo,2,18.9,14.8,0,24.5
2026-06-23,ukmo,3,19.5,14.5,0,26.6
2026-06-23,ukmo,4,18.4,15.8,0,25.6
2026-06-23,ukmo,5,19.6,14.3,0,27
2026-06-23,ukmo,6,20.6,15.9,5.2,36
2026-06-24,arpege,1,24.8,16.7,0,
2026-06-24,arpege,2,26.6,17.4,0,
2026-06-24,arpege,3,28.1,17.5,0,
2026-06-24,ecmwf,1,19.8,17.9,0,12.8
2026-06-24,ecmwf,2,19.9,17.9,0,16
2026-06-24,ecmwf,3,20,18,0,15.2
2026-06-24,ecmwf,4,20,18,0,24.1
2026-06-24,ecmwf,5,21.3,17.7,0.6,26.7
2026-06-24,ecmwf,6,18.2,16,0,37.8
2026-06-24,ecmwf,7,16.7,15.7,0,37
2026-06-24,gem,1,27.1,15.1,0.1,15.1
2026-06-24,gem,2,27.9,14.1,0,17.3
2026-06-24,gem,3,23.1,16.7,0,23.4
2026-06-24,gem,4,21,16.2,0,21.6
2026-06-24,gem,5,21.3,16.3,0,27
2026-06-24,gem,6,20.6,16.8,0.9,27.7
2026-06-24,gem,7,18.4,15.8,0.3,29.2
2026-06-24,gfs,1,23.2,16.6,0,13.4
2026-06-24,gfs,2,22.5,16.6,0,14.7
2026-06-24,gfs,3,22.2,15.9,0,18.8
2026-06-24,gfs,4,22.5,15.4,0,13.8
2026-06-24,gfs,5,20.9,15.8,0,19.9
2026-06-24,gfs,6,17.7,14.2,0,26.8
2026-06-24,gfs,7,18.1,13.3,0,23.8
2026-06-24,icon,1,23.9,16.2,0,11
2026-06-24,icon,2,23.4,17.5,0,15.2
2026-06-24,icon,3,27,18,0,18.3
2026-06-24,icon,4,20.1,17.9,0,29.4
2026-06-24,icon,5,22.3,15.4,0,33.2
2026-06-24,icon,6,18.4,14.6,0,30.7
2026-06-24,ukmo,1,19.6,17.2,0,14.4
2026-06-24,ukmo,2,19.3,18.1,0,22
2026-06-24,ukmo,3,20.5,18.5,0,22
2026-06-24,ukmo,4,19.4,17.8,0,27.4
2026-06-24,ukmo,5,20.5,17.5,0,19.1
2026-06-24,ukmo,6,19.6,16,0,36
2026-06-25,arpege,1,22.2,17,0,
2026-06-25,arpege,2,22.6,18.7,0,
2026-06-25,arpege,3,30.5,19.7,0,
2026-06-25,ecmwf,1,19.5,16.6,0,25.8
2026-06-25,ecmwf,2,19.8,17.2,0,27.7
2026-06-25,ecmwf,3,19.9,17.9,0,25.2
2026-06-25,ecmwf,4,22.6,17.7,0,20.3
2026-06-25,ecmwf,5,22.4,15.9,0,30.7
2026-06-25,ecmwf,6,17,14.9,0,36
2026-06-25,ecmwf,7,16.3,14.9,0,45.6
2026-06-25,gem,1,21.3,16.1,0,25.6
2026-06-25,gem,2,21.9,16.3,0,23.8
2026-06-25,gem,3,20.1,17.5,0,23.4
2026-06-25,gem,4,19.5,17.4,0,24.8
2026-06-25,gem,5,18.2,16.2,0,29.2
2026-06-25,gem,6,20.2,14.8,0,34.9
2026-06-25,gem,7,16.8,14.9,0,37.8
2026-06-25,gfs,1,18.8,16.5,0,24.8
2026-06-25,gfs,2,19.1,16.6,0,21.8
2026-06-25,gfs,3,19.7,15.4,0,18.7
2026-06-25,gfs,4,20.7,15.1,0,18.8
2026-06-25,gfs,5,18.6,14.6,0,23.8
2026-06-25,gfs,6,20.9,13.5,0,31
2026-06-25,gfs,7,18.9,13.6,0,28.1
2026-06-25,icon,1,20.3,15.6,0,22.6
2026-06-25,icon,2,21.3,17.7,0,21.1
2026-06-25,icon,3,20.5,17.4,0,23.3
2026-06-25,icon,4,22,17,0,23.9
2026-06-25,icon,5,19.6,14.7,0,26.7
2026-06-25,icon,6,17.9,14.3,0,33.6
2026-06-25,ukmo,1,18.8,16.5,0,27
2026-06-25,ukmo,2,19,15.5,0,28.8
2026-06-25,ukmo,3,19.9,16,0,26.6
2026-06-25,ukmo,4,20.3,15.6,0,28.8
2026-06-25,ukmo,5,20.1,15.9,0,27.4
2026-06-25,ukmo,6,20,15.9,0,33.1
2026-06-26,arpege,1,33.2,15,0,
2026-06-26,arpege,2,33.8,17,0,
2026-06-26,arpege,3,32.7,18.2,0,
2026-06-26,ecmwf,1,24.8,17.6,0,20
2026-06-26,ecmwf,2,24.9,17.8,0,20.8
2026-06-26,ecmwf,3,25.7,18,0,21
2026-06-26,ecmwf,4,24.9,20.4,0,23.7
2026-06-26,ecmwf,5,26,20.9,0,24.7
2026-06-26,ecmwf,6,25.9,15.3,0,28.8
2026-06-26,ecmwf,7,19.4,15.4,0,28.2
2026-06-26,gem,1,31.7,14.2,0,19.4
2026-06-26,gem,2,32.2,14.9,0,19.4
2026-06-26,gem,3,25.2,19.1,0,24.5
2026-06-26,gem,4,25.9,18.8,0,27
2026-06-26,gem,5,25.2,17.3,0,27.4
2026-06-26,gem,6,24,15.4,0,21.6
2026-06-26,gem,7,17,14.1,0,32
2026-06-26,gfs,1,27.1,15.5,0,17.5
2026-06-26,gfs,2,27,15.8,0,18
2026-06-26,gfs,3,26.7,16.7,0,17.6
2026-06-26,gfs,4,27,16.5,0,16.6
2026-06-26,gfs,5,27.6,16.9,0,16.7
2026-06-26,gfs,6,26.7,13.4,0,24
2026-06-26,gfs,7,23.8,12.9,0,21.5
2026-06-26,icon,1,30.6,14.9,0,18.3
2026-06-26,icon,2,30.1,15.8,0,15.9
2026-06-26,icon,3,29.8,16.9,0,17.9
2026-06-26,icon,4,29.3,17.7,0,20
2026-06-26,icon,5,30.8,15.4,0,23.5
2026-06-26,icon,6,27.8,14.1,0,17.3
2026-06-26,ukmo,1,25.9,16.6,0,19.4
2026-06-26,ukmo,2,24.3,17.5,0,21.2
2026-06-26,ukmo,3,24.1,18.2,0,23.8
2026-06-26,ukmo,4,24.4,19.9,0,26.6
2026-06-26,ukmo,5,25.1,18.2,0,24.8
2026-06-26,ukmo,6,24.1,14.8,0,28.4
2026-06-27,arpege,1,29.8,20.9,8.8,
2026-06-27,arpege,2,28.5,21.6,0,
2026-06-27,arpege,3,29.4,21.2,0,
2026-06-27,ecmwf,1,23.7,19.5,0,19.7
2026-06-27,ecmwf,2,23.9,19.1,0,21.9
2026-06-27,ecmwf,3,24.4,19.1,0,23.5
2026-06-27,ecmwf,4,24.4,19,0,27.3
2026-06-27,ecmwf,5,25.3,20.3,0,25.5
2026-06-27,ecmwf,6,23.7,19.2,0.9,21.7
2026-06-27,ecmwf,7,23,19,0,32.7
2026-06-27,gem,1,32.4,22.5,6,22.3
2026-06-27,gem,2,32,19.8,0.9,25.9
2026-06-27,gem,3,24.6,19.3,0.3,31.3
2026-06-27,gem,4,26.9,19.9,10.8,27.4
2026-06-27,gem,5,24.5,19.6,0,30.6
2026-06-27,gem,6,22.1,19,0.3,37.4
2026-06-27,gem,7,24.9,16.6,0.3,22.3
2026-06-27,gfs,1,25.6,20.9,0.8,16.7
2026-06-27,gfs,2,25,19.6,0.3,19.2
2026-06-27,gfs,3,26.1,20.5,1.4,20.6
2026-06-27,gfs,4,23.7,20.2,0.1,19.8
2026-06-27,gfs,5,25.9,18.5,0,23.7
2026-06-27,gfs,6,25.9,17.6,0.1,22.1
2026-06-27,gfs,7,26.4,16.9,0,25.4
2026-06-27,icon,1,25.7,21.3,0,16.9
2026-06-27,icon,2,26.8,21.8,0.5,19.7
2026-06-27,icon,3,24.2,21.2,0,17.9
2026-06-27,icon,4,26.2,20.3,0,16.4
2026-06-27,icon,5,31.7,21.2,0.9,22.5
2026-06-27,icon,6,25.4,20,0,20.2
2026-06-27,ukmo,1,24.1,20,0,32
2026-06-27,ukmo,2,23.1,19.7,1.7,22
2026-06-27,ukmo,3,22.8,19.5,0.8,26.6
2026-06-27,ukmo,4,23,19.3,0.6,27.4
2026-06-27,ukmo,5,21.5,19.4,0,20.5
2026-06-27,ukmo,6,22.3,18.3,5,29.5
2026-06-28,arpege,1,22.6,19.2,20.2,
2026-06-28,arpege,2,24.6,19.5,9.8,
2026-06-28,arpege,3,30,19.7,0,
2026-06-28,ecmwf,1,22,19.7,7.5,22.6
2026-06-28,ecmwf,2,22.3,20.2,4.8,24.2
2026-06-28,ecmwf,3,24.6,19.8,1.8,40.5
2026-06-28,ecmwf,4,24.8,20.1,0,26.2
2026-06-28,ecmwf,5,23.1,21,0,25.7
2026-06-28,ecmwf,6,26.9,19.5,0,19.2
2026-06-28,ecmwf,7,20.9,18.5,2.1,21.6
2026-06-28,gem,1,24.8,18.9,3.1,22.3
2026-06-28,gem,2,26,19.1,2.1,20.2
2026-06-28,gem,3,20.2,18.7,16.8,42.1
2026-06-28,gem,4,20.3,19,4.8,30.2
2026-06-28,gem,5,20.4,19,3.9,36.4
2026-06-28,gem,6,20.3,17.9,8.7,43.2
2026-06-28,gem,7,20.6,18.3,0,17.3
2026-06-28,gfs,1,23.1,18.3,0.9,23.5
2026-06-28,gfs,2,23.8,18.3,7.8,38.5
2026-06-28,gfs,3,25.1,18.6,2.5,26.7
2026-06-28,gfs,4,25,18.2,12.9,49.4
2026-06-28,gfs,5,24.9,16.9,13.2,27.6
2026-06-28,gfs,6,22.8,16.4,0,25.1
2026-06-28,gfs,7,22.9,16.8,1.2,27.9
2026-06-28,icon,1,24.6,19.1,34.9,24.4
2026-06-28,icon,2,23.9,19.6,16.5,24.6
2026-06-28,icon,3,27.3,19.6,0.2,25.8
2026-06-28,icon,4,25.8,18.7,10.2,21.3
2026-06-28,icon,5,25.3,18.9,10.7,21.6
2026-06-28,icon,6,22.5,18.4,0.6,23.1
2026-06-28,ukmo,1,22,19.4,3.2,33.5
2026-06-28,ukmo,2,22.9,20.7,5.2,36.4
2026-06-28,ukmo,3,22.4,20.1,5.8,29.5
2026-06-28,ukmo,4,22.1,19.2,5.9,39.6
2026-06-28,ukmo,5,21,19.3,21.6,37.8
2026-06-28,ukmo,6,20.4,19.3,10.6,25.9
2026-06-29,arpege,1,21.6,18.4,0,
2026-06-29,arpege,2,20.9,17.4,1.4,
2026-06-29,arpege,3,23.4,16.8,0,
2026-06-29,ecmwf,1,19.9,18.7,0,25.8
2026-06-29,ecmwf,2,20.1,18.1,0,26.6
2026-06-29,ecmwf,3,19.6,18.4,0,28
2026-06-29,ecmwf,4,19.8,18,0,26
2026-06-29,ecmwf,5,20.9,19.1,0.3,32.9
2026-06-29,ecmwf,6,22.8,19,2.1,25
2026-06-29,ecmwf,7,22.1,18.4,12.9,28.5
2026-06-29,gem,1,21.9,16.8,0,22.3
2026-06-29,gem,2,22.2,15.4,0,25.2
2026-06-29,gem,3,19.9,17.7,0,29.2
2026-06-29,gem,4,19.3,17.4,0,20.5
2026-06-29,gem,5,19.3,17.3,0,32.4
2026-06-29,gem,6,19.1,17.1,0.4,33.1
2026-06-29,gem,7,19.2,17.1,0.2,24.5
2026-06-29,gfs,1,21,16.2,0,20.6
2026-06-29,gfs,2,21.7,16.7,0,25.9
2026-06-29,gfs,3,20.9,16.7,0.1,24.3
2026-06-29,gfs,4,22.1,16,1.2,26.2
2026-06-29,gfs,5,19.3,15.6,0,21.1
2026-06-29,gfs,6,19.6,15.4,0,28.8
2026-06-29,gfs,7,19.5,15.1,0.6,31
2026-06-29,icon,1,21.4,17.2,0,22.3
2026-06-29,icon,2,21.2,17.9,0.3,21.9
2026-06-29,icon,3,21.7,17.7,0,21.7
2026-06-29,icon,4,20.2,18.2,0.3,29.3
2026-06-29,icon,5,19.9,16.1,2,29.2
2026-06-29,icon,6,20.9,16.1,0,17.9
2026-06-29,ukmo,1,20.1,19,0,24.1
2026-06-29,ukmo,2,20.8,18.4,0,33.5
2026-06-29,ukmo,3,20.5,18.3,0,29.5
2026-06-29,ukmo,4,19.4,17.9,0,35.3
2026-06-29,ukmo,5,19.3,18,0,38.5
2026-06-29,ukmo,6,20.2,17.6,0,25.9
2026-06-30,arpege,1,21.8,13.9,0.2,
2026-06-30,arpege,2,21.8,14.9,2.1,
2026-06-30,arpege,3,21.2,15.4,0,
2026-06-30,ecmwf,1,20.1,17.3,0,25.2
2026-06-30,ecmwf,2,20,16.3,0,24.2
2026-06-30,ecmwf,3,18.5,17.4,0,16.2
2026-06-30,ecmwf,4,19.1,16.4,0,22.7
2026-06-30,ecmwf,5,19.5,17,0,28.4
2026-06-30,ecmwf,6,18.6,17.3,0,20.9
2026-06-30,ecmwf,7,18.3,17.1,0,25.1
2026-06-30,gem,1,24,15.1,0.2,17.6
2026-06-30,gem,2,24.1,12.1,0.1,18
2026-06-30,gem,3,20.1,16.2,0,25.2
2026-06-30,gem,4,19.6,16,0,33.5
2026-06-30,gem,5,18.5,16.8,0,26.3
2026-06-30,gem,6,18,16.9,0,24.8
2026-06-30,gem,7,18.1,16.9,0,20.2
2026-06-30,gfs,1,19.6,13.6,2.2,19
2026-06-30,gfs,2,19.6,14.4,0,17.3
2026-06-30,gfs,3,19.3,13.9,0,18.6
2026-06-30,gfs,4,18.2,15.3,0,23.9
2026-06-30,gfs,5,17.9,14.6,0,28.1
2026-06-30,gfs,6,18.2,15.1,0,23.8
2026-06-30,gfs,7,18.4,14.2,0,18.3
2026-06-30,icon,1,23.1,15.1,0.1,19.5
2026-06-30,icon,2,22.2,15.6,0.1,23.3
2026-06-30,icon,3,21.1,16.1,0.3,12
2026-06-30,icon,4,20.5,16.2,0.5,13.6
2026-06-30,icon,5,20.3,15.6,0,21.6
2026-06-30,icon,6,20.3,15.4,0,21.7
2026-06-30,ukmo,1,20.8,17.1,3.4,20.2
2026-06-30,ukmo,2,19.9,17.7,0,24.8
2026-06-30,ukmo,3,19.1,18,0,16.9
2026-06-30,ukmo,4,20.2,17.8,0,21.6
2026-06-30,ukmo,5,18.9,17.3,0,33.1
2026-06-30,ukmo,6,18.1,17.4,0.5,21.6
2026-07-01,arpege,1,21.4,16.1,0,
2026-07-01,arpege,2,21.8,15.7,2.8,
2026-07-01,arpege,3,21.5,17.1,0.2,
2026-07-01,ecmwf,1,19.3,17.3,0,26.9
2026-07-01,ecmwf,2,19,17.4,0.3,27.7
2026-07-01,ecmwf,3,18.7,18.3,0.6,27.6
2026-07-01,ecmwf,4,19.3,17.2,0,21.7
2026-07-01,ecmwf,5,18.8,17.3,0,24.9
2026-07-01,ecmwf,6,18.3,17.5,1.8,25.4
2026-07-01,ecmwf,7,18,17.1,0,17.2
2026-07-01,gem,1,21.5,16,0.8,23.8
2026-07-01,gem,2,20.5,14.4,0.3,27.4
2026-07-01,gem,3,19,17.2,0.3,29.2
2026-07-01,gem,4,19,16.5,3.6,26.6
2026-07-01,gem,5,18.9,17.5,0,34.2
2026-07-01,gem,6,17.7,16.7,0,28.4
2026-07-01,gem,7,17.7,16.8,0,31.7
2026-07-01,gfs,1,19.3,14.3,4.9,22.6
2026-07-01,gfs,2,20,14.9,0.3,19.3
2026-07-01,gfs,3,21.1,13.7,0,19.2
2026-07-01,gfs,4,19.4,13.9,0,16.9
2026-07-01,gfs,5,18.4,14.7,0.2,25.6
2026-07-01,gfs,6,18.3,14.2,0,19.7
2026-07-01,gfs,7,19.8,13.9,0,26.3
2026-07-01,icon,1,21.4,15.7,0.1,34.5
2026-07-01,icon,2,21.2,16.6,1.1,24.5
2026-07-01,icon,3,22,16.2,0.1,25.8
2026-07-01,icon,4,20.7,16.8,2.8,21.7
2026-07-01,icon,5,20.5,14.8,0,26.1
2026-07-01,icon,6,22.4,15.5,0,22.2
2026-07-01,ukmo,1,19.3,16.3,6.1,26.3
2026-07-01,ukmo,2,19.4,16.9,0.5,31
2026-07-01,ukmo,3,20.2,18.7,0.2,21.6
2026-07-01,ukmo,4,19.1,17.4,0,23
2026-07-01,ukmo,5,18.5,17.7,0,35.6
2026-07-01,ukmo,6,18.4,17.1,0,31.7
2026-07-02,arpege,1,19.5,17.1,1.1,
2026-07-02,arpege,2,20.4,16.2,2.1,
2026-07-02,arpege,3,20.1,16.8,4.3,
2026-07-02,ecmwf,1,19,17.3,3.6,53.9
2026-07-02,ecmwf,2,19.3,17.4,3.6,51.3
2026-07-02,ecmwf,3,19.5,17.1,3.6,41.4
2026-07-02,ecmwf,4,19.3,17.2,7.2,45.1
2026-07-02,ecmwf,5,19.3,17.3,2.7,53
2026-07-02,ecmwf,6,18.7,17.2,0.6,38.8
2026-07-02,ecmwf,7,18.8,17.5,0.9,33.6
2026-07-02,gem,1,20,14.2,3.7,48.2
2026-07-02,gem,2,19,14.1,4.2,51.1
2026-07-02,gem,3,18.7,16,1.6,43.2
2026-07-02,gem,4,19.9,16.9,1.2,36
2026-07-02,gem,5,18.6,16.7,0,29.9
2026-07-02,gem,6,19.4,16.7,0.8,30.2
2026-07-02,gem,7,18.1,16.3,0,30.2
2026-07-02,gfs,1,18.3,15.5,2.1,48.7
2026-07-02,gfs,2,18.3,15.9,3,46.7
2026-07-02,gfs,3,19.7,15.6,0.9,48.9
2026-07-02,gfs,4,20.5,15.3,0.3,45.5
2026-07-02,gfs,5,19.5,15.1,2.1,39.6
2026-07-02,gfs,6,18.3,14.6,1.9,36.4
2026-07-02,gfs,7,18.8,13.8,0.9,33.8
2026-07-02,icon,1,20.5,16.4,2,43.6
2026-07-02,icon,2,19.5,16.5,1.6,40.9
2026-07-02,icon,3,19.3,16.8,6.4,41.3
2026-07-02,icon,4,20.4,17.9,1.3,43.8
2026-07-02,icon,5,20.8,16.1,6,32.9
2026-07-02,icon,6,19.1,16.3,5.9,33.7
2026-07-02,ukmo,1,19.1,17,5.2,51.5
2026-07-02,ukmo,2,19.2,17.4,2.6,53.3
2026-07-02,ukmo,3,19.5,17.3,1.9,54
2026-07-02,ukmo,4,19.6,18.2,0.3,44.6
2026-07-02,ukmo,5,19.4,18,4.3,41.8
2026-07-02,ukmo,6,19.2,17.6,0.7,37.1
2026-07-03,arpege,1,18.5,17,0.5,
2026-07-03,arpege,2,19,17,0.2,
2026-07-03,arpege,3,18.8,16.7,0,
2026-07-03,ecmwf,1,17.2,16.1,0,58.6
2026-07-03,ecmwf,2,17.3,16.4,0.9,54.3
2026-07-03,ecmwf,3,17,16.5,0.6,52.7
2026-07-03,ecmwf,4,18.2,16.6,0.6,46.6
2026-07-03,ecmwf,5,17.5,16.1,0,52.5
2026-07-03,ecmwf,6,17.4,16.7,0,37.2
2026-07-03,ecmwf,7,18.1,16.3,0.9,34.4
2026-07-03,gem,1,18.1,16,0.1,47.5
2026-07-03,gem,2,17.8,15.8,0.2,49.7
2026-07-03,gem,3,16.4,15.3,0.2,49.7
2026-07-03,gem,4,16.9,15.7,0.1,40
2026-07-03,gem,5,18.5,15.9,0.2,32.8
2026-07-03,gem,6,17.4,16.1,0,34.6
2026-07-03,gem,7,17.1,16,0,29.5
2026-07-03,gfs,1,17.7,16.2,0.4,51.9
2026-07-03,gfs,2,17.5,16,0.6,46.9
2026-07-03,gfs,3,17.2,16,0.5,50.4
2026-07-03,gfs,4,18.4,15.8,0.5,43.4
2026-07-03,gfs,5,17.4,15,1.6,59.4
2026-07-03,gfs,6,17.5,15.3,0.2,43
2026-07-03,gfs,7,17.1,14.6,0.3,40.4
2026-07-03,icon,1,18.5,16.7,0,46.5
2026-07-03,icon,2,18.6,16.2,0,41.5
2026-07-03,icon,3,18.6,16.4,0,43.5
2026-07-03,icon,4,18.3,15.9,0,51.8
2026-07-03,icon,5,18.1,16.4,0.7,53
2026-07-03,icon,6,18.5,15.1,2.3,52
2026-07-03,ukmo,1,16.8,15.9,0,51.1
2026-07-03,ukmo,2,17.3,15.8,0.3,54.4
2026-07-03,ukmo,3,17.4,16.3,0,48.6
2026-07-03,ukmo,4,18.9,16.3,0.8,46.4
2026-07-03,ukmo,5,18.7,16.7,0.8,46.1
2026-07-03,ukmo,6,19.3,16.9,5.1,59
2026-07-04,arpege,1,17.6,16.6,0.7,
2026-07-04,arpege,2,18.4,16.3,8.1,
2026-07-04,arpege,3,20.1,16.8,4.2,
2026-07-04,ecmwf,1,17.9,16.9,3,43.6
2026-07-04,ecmwf,2,18.2,16.6,3,38.4
2026-07-04,ecmwf,3,18.5,16.8,2.7,38.7
2026-07-04,ecmwf,4,18.4,17.2,1.8,39.1
2026-07-04,ecmwf,5,19,16.6,2.1,44.8
2026-07-04,ecmwf,6,18.5,16.8,0.9,41.5
2026-07-04,ecmwf,7,19.3,17.3,0.9,43.5
2026-07-04,gem,1,18,15.8,4.8,34.2
2026-07-04,gem,2,19.5,15.7,0.7,29.9
2026-07-04,gem,3,19,15.6,0.5,41.8
2026-07-04,gem,4,18.1,15.8,0,36
2026-07-04,gem,5,17.6,16.1,1.9,41
2026-07-04,gem,6,17.7,16,0.3,36.7
2026-07-04,gem,7,17.2,13.3,7.2,30.2
2026-07-04,gfs,1,17.6,15.4,4.5,34.8
2026-07-04,gfs,2,18.3,16,4.4,34.9
2026-07-04,gfs,3,19.7,16,0.9,34.1
2026-07-04,gfs,4,19,16.1,2.3,36.2
2026-07-04,gfs,5,19.1,15,0.1,32
2026-07-04,gfs,6,18.2,15.1,1.2,45.4
2026-07-04,gfs,7,18.3,15.5,0,44.5
2026-07-04,icon,1,18.9,16.3,2.7,35.2
2026-07-04,icon,2,18.8,16.4,7.7,32
2026-07-04,icon,3,19.9,16.5,3.5,32.1
2026-07-04,icon,4,20,17.1,0.7,32.6
2026-07-04,icon,5,19.6,16.3,1.5,52.6
2026-07-04,icon,6,19.4,15.6,3.5,48.1
2026-07-04,ukmo,1,17.8,15.9,2.2,41
2026-07-04,ukmo,2,17.4,16.3,3.6,38.2
2026-07-04,ukmo,3,18.6,16.5,0.8,47.5
2026-07-04,ukmo,4,18.8,16.8,0.3,44.3
2026-07-04,ukmo,5,18.5,16.3,0,46.1
2026-07-04,ukmo,6,18.3,16.3,0.1,49
2026-07-05,arpege,1,17.6,14.7,0.3,
2026-07-05,arpege,2,18.3,15.3,2.7,
2026-07-05,arpege,3,19.1,17.1,2.1,
2026-07-05,ecmwf,1,18,16,1.2,43.6
2026-07-05,ecmwf,2,18.1,16.4,1.5,43.3
2026-07-05,ecmwf,3,18.3,17.1,1.5,40.5
2026-07-05,ecmwf,4,18.5,16.2,2.7,39.4
2026-07-05,ecmwf,5,18.9,16.4,6,48.3
2026-07-05,ecmwf,6,18.6,16.2,5.1,44.7
2026-07-05,ecmwf,7,18.3,17.3,0.6,38.3
2026-07-05,gem,1,18.8,14.8,0.7,36.4
2026-07-05,gem,2,19,15.3,2.3,36.7
2026-07-05,gem,3,17.5,16.2,1,36.7
2026-07-05,gem,4,17.5,15.4,0.4,35.3
2026-07-05,gem,5,17.8,16.5,1.1,38.5
2026-07-05,gem,6,16.8,15.5,0.3,36.7
2026-07-05,gem,7,18.4,15.7,0,38.9
2026-07-05,gfs,1,17.7,14.8,0.6,39.3
2026-07-05,gfs,2,17.7,15.6,1,43.9
2026-07-05,gfs,3,18.9,16.8,5.1,38.8
2026-07-05,gfs,4,19.6,16.6,3.8,37.6
2026-07-05,gfs,5,18.4,15.4,0.9,45.1
2026-07-05,gfs,6,20.9,15.3,0,45.3
2026-07-05,gfs,7,18.4,15.4,0.6,43.9
2026-07-05,icon,1,18.4,15,2.1,37.2
2026-07-05,icon,2,18.8,16.7,1.1,34.2
2026-07-05,icon,3,19.8,17.8,2.2,29.7
2026-07-05,icon,4,19.2,18.2,2.1,29.8
2026-07-05,icon,5,19.9,17.3,1.2,35.3
2026-07-05,icon,6,18.7,16.3,1.5,45.1
2026-07-05,ukmo,1,17.9,16,0,38.5
2026-07-05,ukmo,2,17.9,16.6,0.7,46.1
2026-07-05,ukmo,3,18.2,17.5,2.6,43.2
2026-07-05,ukmo,4,18.7,16.1,1.6,40
2026-07-05,ukmo,5,18.7,15.8,0.1,41.4
2026-07-05,ukmo,6,19,16.6,0.1,48.6
2026-07-06,arpege,1,17.6,14.5,5.1,
2026-07-06,arpege,2,16.9,15.2,7.8,
2026-07-06,arpege,3,17.5,15.7,14.3,
2026-07-06,ecmwf,1,18,16.1,7.5,48.1
2026-07-06,ecmwf,2,18.2,16.5,6.6,45.5
2026-07-06,ecmwf,3,17.6,17,8.1,42.7
2026-07-06,ecmwf,4,17.7,17.1,4.5,39.1
2026-07-06,ecmwf,5,17.4,15.7,3.9,41.6
2026-07-06,ecmwf,6,18.1,16.6,9.3,41.7
2026-07-06,ecmwf,7,17.7,15.6,1.5,54
2026-07-06,gem,1,18.1,14.5,6.6,40.7
2026-07-06,gem,2,17.2,14.9,16,39.6
2026-07-06,gem,3,17.2,15.4,4.3,43.2
2026-07-06,gem,4,17.1,15.4,3.8,40
2026-07-06,gem,5,16.8,15.5,1.5,46.1
2026-07-06,gem,6,17.2,15,0.3,37.1
2026-07-06,gem,7,18.4,16.3,0.3,39.2
2026-07-06,gfs,1,18.3,14.7,5.6,41.4
2026-07-06,gfs,2,18.2,15,5.9,44.4
2026-07-06,gfs,3,18.3,16,11.4,38.1
2026-07-06,gfs,4,19.4,16.5,6.2,40.3
2026-07-06,gfs,5,19.2,15.2,2.1,43.5
2026-07-06,gfs,6,18.2,15,0,45
2026-07-06,gfs,7,19,15.4,0,33.3
2026-07-06,icon,1,17.5,15.1,6,39.6
2026-07-06,icon,2,17.9,16,5.6,38.2
2026-07-06,icon,3,18.3,16.9,4.3,35.4
2026-07-06,icon,4,18.7,15.8,11.8,31.4
2026-07-06,icon,5,19.3,16.3,2.3,36.7
2026-07-06,icon,6,21.6,16.3,0,29.2
2026-07-06,ukmo,1,17.7,16.2,4.9,47.2
2026-07-06,ukmo,2,18.2,15.8,6.6,48.2
2026-07-06,ukmo,3,18.2,15.6,3.6,46.4
2026-07-06,ukmo,4,18.4,17,0.9,49
2026-07-06,ukmo,5,18.4,15.9,1.4,41.4
2026-07-06,ukmo,6,19.3,17.5,0,44.3
2026-07-07,arpege,1,17.9,15.2,0,
2026-07-07,arpege,2,17.2,14.7,3.7,
2026-07-07,arpege,3,18.3,15.6,0.2,
2026-07-07,ecmwf,1,18,16,3,49.6
2026-07-07,ecmwf,2,18.1,16.2,2.7,53.1
2026-07-07,ecmwf,3,18.2,16,4.8,56.4
2026-07-07,ecmwf,4,17.6,16.2,7.2,52
2026-07-07,ecmwf,5,17.4,16.4,4.2,49.6
2026-07-07,ecmwf,6,17.4,15.9,9.3,36.7
2026-07-07,ecmwf,7,17.9,16.3,4.2,42.3
2026-07-07,gem,1,17.6,14.4,2.9,43.2
2026-07-07,gem,2,18,14.5,1.2,45
2026-07-07,gem,3,17.8,15.8,1.6,49
2026-07-07,gem,4,17.1,14.6,4.6,59
2026-07-07,gem,5,17.2,15.3,3.9,46.1
2026-07-07,gem,6,17.5,15.3,0.9,42.1
2026-07-07,gem,7,18.2,16.3,0.9,38.9
2026-07-07,gfs,1,17.3,14.7,3.2,47.1
2026-07-07,gfs,2,19.2,14.9,1.1,44.9
2026-07-07,gfs,3,18.7,16.7,6.5,44.1
2026-07-07,gfs,4,18.1,16.3,6.4,42.1
2026-07-07,gfs,5,18.6,15.8,1.9,39.8
2026-07-07,gfs,6,18.9,15.4,0.8,50.3
2026-07-07,gfs,7,20.8,15.5,0.5,36.4
2026-07-07,icon,1,17.4,14.5,2.4,42.4
2026-07-07,icon,2,17.8,15.1,4.4,39.2
2026-07-07,icon,3,18.5,15.5,2.8,37.6
2026-07-07,icon,4,17.9,15.1,7.1,41.7
2026-07-07,icon,5,18,15,8.6,51.1
2026-07-07,icon,6,19.7,16.3,0.8,49
2026-07-07,ukmo,1,18.2,15.5,0.6,47.2
2026-07-07,ukmo,2,18.2,16,0.6,52.9
2026-07-07,ukmo,3,18.8,16.8,3.3,52.6
2026-07-07,ukmo,4,18.3,17.2,7.3,54
2026-07-07,ukmo,5,18.3,14.9,0.1,38.5
2026-07-07,ukmo,6,19.5,17,1.3,49.7
2026-07-08,arpege,1,17.1,14.7,0,
2026-07-08,arpege,2,17.9,14.1,0,
2026-07-08,arpege,3,17.9,13.9,0,
2026-07-08,ecmwf,1,17.2,16,0,44.1
2026-07-08,ecmwf,2,17.6,16.1,0.3,46.8
2026-07-08,ecmwf,3,18.1,16,0,49.6
2026-07-08,ecmwf,4,17.9,15.8,0.3,51.7
2026-07-08,ecmwf,5,17.1,15.4,0.3,45.4
2026-07-08,ecmwf,6,17.5,16,0,34.4
2026-07-08,ecmwf,7,17.2,16.3,3.3,49
2026-07-08,gem,1,17.9,13.9,0,32.8
2026-07-08,gem,2,17.6,14.2,0,33.8
2026-07-08,gem,3,17.2,15.7,0,32.8
2026-07-08,gem,4,17.8,15.2,0.3,56.5
2026-07-08,gem,5,17,15.1,2.1,49
2026-07-08,gem,6,17.6,15.2,0,50.8
2026-07-08,gem,7,16.5,15.4,0.2,40.3
2026-07-08,gfs,1,17.5,14.4,0,35.4
2026-07-08,gfs,2,17.7,14.6,0,36.2
2026-07-08,gfs,3,17.5,15.5,0.4,34.4
2026-07-08,gfs,4,17.8,15.1,0.4,41.3
2026-07-08,gfs,5,17.1,15.1,0,47.6
2026-07-08,gfs,6,19.7,15.9,0.5,42.1
2026-07-08,gfs,7,19.7,15.5,0,35.5
2026-07-08,icon,1,16.8,13.8,0,32.2
2026-07-08,icon,2,17.1,14.8,0,29.5
2026-07-08,icon,3,18.1,15.2,0,30
2026-07-08,icon,4,18,15.6,0,41.8
2026-07-08,icon,5,19.1,15.3,0,50.9
2026-07-08,icon,6,19.5,15.3,0,46.2
2026-07-08,ukmo,1,16.7,15.3,0,39.2
2026-07-08,ukmo,2,16.4,15.2,0,42.1
2026-07-08,ukmo,3,17.1,15.7,0,42.5
2026-07-08,ukmo,4,17.8,15.4,0.3,52.9
2026-07-08,ukmo,5,17.4,15.6,0,58
2026-07-08,ukmo,6,18.6,16.7,0,37.1
2026-07-09,arpege,1,17.1,15.7,0,
2026-07-09,arpege,2,17.9,15,0,
2026-07-09,arpege,3,17.7,15.5,0,
2026-07-09,ecmwf,1,17.7,16.4,0.3,34.4
2026-07-09,ecmwf,2,17.6,16.4,1.2,36.7
2026-07-09,ecmwf,3,17.9,16.6,0.6,33.8
2026-07-09,ecmwf,4,17.8,17.3,0.3,28.2
2026-07-09,ecmwf,5,17.7,17.1,0.3,25.8
2026-07-09,ecmwf,6,17.7,17.1,0.9,32.6
2026-07-09,ecmwf,7,17.9,16.4,0,40.3
2026-07-09,gem,1,18.5,15.1,0,25.9
2026-07-09,gem,2,18.4,14.3,0,25.6
2026-07-09,gem,3,17.1,16.1,0,29.2
2026-07-09,gem,4,17.8,16.6,0,28.1
2026-07-09,gem,5,17.3,16,0.3,26.6
2026-07-09,gem,6,17,15.8,0,24.5
2026-07-09,gem,7,17.4,15.2,0,31
2026-07-09,gfs,1,18.3,15.8,0,28.8
2026-07-09,gfs,2,18.6,16,0.1,27.2
2026-07-09,gfs,3,18.8,16.5,0,30.1
2026-07-09,gfs,4,19.3,16.3,0,32.6
2026-07-09,gfs,5,18.9,15,0,30.3
2026-07-09,gfs,6,18.1,15.4,0,29.5
2026-07-09,gfs,7,19.7,15.2,0,32.8
2026-07-09,icon,1,16.8,15.4,0,27.5
2026-07-09,icon,2,17.6,15.9,0,21.9
2026-07-09,icon,3,18.3,16.9,0,24.9
2026-07-09,icon,4,18.7,17.1,0,23.3
2026-07-09,icon,5,20.5,16.1,0,26.4
2026-07-09,icon,6,19.2,15.2,0.1,30.4
2026-07-09,ukmo,1,17.4,16,0,34.2
2026-07-09,ukmo,2,17,15.2,0.3,35.6
2026-07-09,ukmo,3,17.5,16.6,0,37.4
2026-07-09,ukmo,4,18,17.1,0,29.2
2026-07-09,ukmo,5,17.6,16.1,0,36
2026-07-09,ukmo,6,17.9,15.9,0,37.1
2026-07-10,arpege,1,19.3,15.6,0,
2026-07-10,arpege,2,19.7,14.8,0,
2026-07-10,arpege,3,21.5,15.4,0,
2026-07-10,ecmwf,1,18.3,17.7,0,27
2026-07-10,ecmwf,2,18.2,17.5,0,27.1
2026-07-10,ecmwf,3,18.3,17.4,0,27.4
2026-07-10,ecmwf,4,18.5,17.4,0,25.9
2026-07-10,ecmwf,5,18.6,17,0,23.5
2026-07-10,ecmwf,6,19.4,16.8,0,18
2026-07-10,ecmwf,7,18.9,16.5,0,17.5
2026-07-10,gem,1,21.7,15.3,0,23
2026-07-10,gem,2,21.9,15,0,25.9
2026-07-10,gem,3,17.7,16.1,0,27.7
2026-07-10,gem,4,17.7,16.1,0,27.4
2026-07-10,gem,5,18.1,16.7,0,27.7
2026-07-10,gem,6,20.7,16.4,0,25.2
2026-07-10,gem,7,18.8,16.7,0,23
2026-07-10,gfs,1,20.3,16.2,0,22.3
2026-07-10,gfs,2,19.9,16.5,0,25
2026-07-10,gfs,3,20.4,16.8,0,22.5
2026-07-10,gfs,4,20.8,16.7,0,22.3
2026-07-10,gfs,5,21.1,16.3,0,18.3
2026-07-10,gfs,6,24.5,14.8,0,24
2026-07-10,gfs,7,19.1,14.8,0,21.3
2026-07-10,icon,1,20.4,15.8,0,20.2
2026-07-10,icon,2,20.4,15.6,0,21
2026-07-10,icon,3,21,15.7,0,20.2
2026-07-10,icon,4,21.5,16,0,18.1
2026-07-10,icon,5,24.9,15.4,0,12.6
2026-07-10,icon,6,25.9,15.2,0,17.1
2026-07-10,ukmo,1,17.8,16.2,0,25.2
2026-07-10,ukmo,2,17.3,15.9,0,33.1
2026-07-10,ukmo,3,17.3,16.7,0,31.7
2026-07-10,ukmo,4,17.1,16.4,0,22.3
2026-07-10,ukmo,5,19.5,15.4,0,21.2
2026-07-10,ukmo,6,19.5,16.5,0,21.6
2026-07-11,arpege,1,22.3,15.3,0,
2026-07-11,arpege,2,23.8,15.4,0,
2026-07-11,arpege,3,25.3,15.1,0,
2026-07-11,ecmwf,1,19,17.8,0,20.3
2026-07-11,ecmwf,2,18.8,17.6,0,21.7
2026-07-11,ecmwf,3,19.1,17.6,0,22.4
2026-07-11,ecmwf,4,18.8,17.4,0,23.9
2026-07-11,ecmwf,5,18.6,17.4,0,25.5
2026-07-11,ecmwf,6,21,17.9,0,19.9
2026-07-11,ecmwf,7,22.5,17,0,22.5
2026-07-11,gem,1,23.6,15.3,0,21.6
2026-07-11,gem,2,25.7,14.5,0,23.8
2026-07-11,gem,3,20.2,16.6,0,25.6
2026-07-11,gem,4,20.1,16.5,0,24.8
2026-07-11,gem,5,18.5,15.7,0,34.2
2026-07-11,gem,6,20.8,17.9,0,25.2
2026-07-11,gem,7,21.4,17.5,0,25.2
2026-07-11,gfs,1,21.4,16.7,0,19.6
2026-07-11,gfs,2,21.8,16.2,0,27.5
2026-07-11,gfs,3,21.5,15.8,0,26.8
2026-07-11,gfs,4,21.8,16.2,0,30
2026-07-11,gfs,5,21.8,16.4,0,33.6
2026-07-11,gfs,6,24.8,15.2,0,21.3
2026-07-11,gfs,7,26,15.3,0,25.1
2026-07-11,icon,1,22.5,15.2,0,19.2
2026-07-11,icon,2,22.8,16.4,0,18.1
2026-07-11,icon,3,23.1,16.5,0,15.6
2026-07-11,icon,4,23.3,17.2,0,17.9
2026-07-11,icon,5,25,15.9,0,20.4
2026-07-11,icon,6,25.1,15.9,0,25.7
2026-07-11,ukmo,1,18.2,17.4,0,25.9
2026-07-11,ukmo,2,17.7,16.2,0,25.6
2026-07-11,ukmo,3,18.3,15.7,0,26.6
2026-07-11,ukmo,4,17.4,15.8,0,44.6
2026-07-11,ukmo,5,19.2,16.1,0,28.1
2026-07-11,ukmo,6,21.8,18.2,0,23
2026-07-12,arpege,1,19.8,17,0,
2026-07-12,arpege,2,21.1,16.4,0,
2026-07-12,arpege,3,24.1,16.3,0,
2026-07-12,ecmwf,1,18.5,17,0,29.2
2026-07-12,ecmwf,2,18.6,16.9,0,30.4
2026-07-12,ecmwf,3,18.9,17,0,30.4
2026-07-12,ecmwf,4,19.8,17.5,0,30.5
2026-07-12,ecmwf,5,18.6,16.7,0,31.2
2026-07-12,ecmwf,6,19.8,17.5,0,22.7
2026-07-12,ecmwf,7,22.3,16.8,0,28.1
2026-07-12,gem,1,19.9,15.1,0,28.1
2026-07-12,gem,2,21,15.2,0,25.9
2026-07-12,gem,3,19.1,17.6,0,26.6
2026-07-12,gem,4,19.6,17.3,0,29.2
2026-07-12,gem,5,17.9,16.1,0,31
2026-07-12,gem,6,18.4,17,0,28.1
2026-07-12,gem,7,19.4,17.6,0,28.1
2026-07-12,gfs,1,18.8,15.6,0,28.5
2026-07-12,gfs,2,18.6,16,0,28.8
2026-07-12,gfs,3,18.7,15.9,0,27.1
2026-07-12,gfs,4,18.4,15.4,0,28.3
2026-07-12,gfs,5,20.3,16.1,0,29.3
2026-07-12,gfs,6,18.8,17.2,0,24.2
2026-07-12,gfs,7,25.1,16.2,0,27.9
2026-07-12,icon,1,18.2,15.7,0,25.3
2026-07-12,icon,2,18.6,16.6,0,22.7
2026-07-12,icon,3,19.7,17.1,0,22.7
2026-07-12,icon,4,18.9,16.1,0,19.5
2026-07-12,icon,5,21.7,15.9,0,23.7
2026-07-12,icon,6,21.2,16.7,0,16.4
2026-07-12,ukmo,1,18.3,16.6,0,33.5
2026-07-12,ukmo,2,17.7,15.7,0,31
2026-07-12,ukmo,3,18.8,15.8,0,24.8
2026-07-12,ukmo,4,17.9,16,0,43.9
2026-07-12,ukmo,5,19,16.2,0,32.8
2026-07-12,ukmo,6,19.6,16.3,0,34.2
2026-07-13,arpege,1,26.6,12.5,0.4,
2026-07-13,arpege,2,24.8,15.4,0.3,
2026-07-13,arpege,3,26.3,15.2,0,
2026-07-13,ecmwf,1,22,17.2,0,24.3
2026-07-13,ecmwf,2,21.7,18.4,0,24.8
2026-07-13,ecmwf,3,21.1,18.2,0,23.6
2026-07-13,ecmwf,4,21.2,17.3,0,28.1
2026-07-13,ecmwf,5,18.7,17.2,0,26
2026-07-13,ecmwf,6,19.6,18,0,26.6
2026-07-13,ecmwf,7,21,18,0,26.3
2026-07-13,gem,1,27.4,13.3,0,19.8
2026-07-13,gem,2,26.8,13.1,1.1,20.2
2026-07-13,gem,3,21.5,16.4,0.1,25.6
2026-07-13,gem,4,19.5,17,0,28.4
2026-07-13,gem,5,19.8,16.7,0,23.8
2026-07-13,gem,6,20.2,17.2,0,18.7
2026-07-13,gem,7,19.5,17.6,0,28.4
2026-07-13,gfs,1,23.3,14.7,0.2,22.9
2026-07-13,gfs,2,24.5,15.4,0.2,23.3
2026-07-13,gfs,3,24.1,15.7,0.6,20.1
2026-07-13,gfs,4,22.4,14.8,0,24.1
2026-07-13,gfs,5,25.3,15.6,0,20.2
2026-07-13,gfs,6,24.2,15.4,0,25
2026-07-13,gfs,7,25,15.8,0,28.3
2026-07-13,icon,1,27.2,13.3,0.7,29.8
2026-07-13,icon,2,23.5,15.9,0.3,21.7
2026-07-13,icon,3,23.3,16.5,0,21.7
2026-07-13,icon,4,24.4,15.9,0,18.8
2026-07-13,icon,5,24.9,15.5,0,23.5
2026-07-13,icon,6,24.8,15.9,0,16.2
2026-07-13,ukmo,1,22.3,17,0,23
2026-07-13,ukmo,2,21.2,17.2,0.5,20.9
2026-07-13,ukmo,3,19.9,15.9,0,22
2026-07-13,ukmo,4,19.6,16.4,0,29.2
2026-07-13,ukmo,5,19.4,16,0.3,28.4
2026-07-13,ukmo,6,19.3,16.3,0,27
2026-07-14,arpege,1,26,16.5,0,
2026-07-14,arpege,2,26,18.3,0,
2026-07-14,arpege,3,24,17.7,0,
2026-07-14,ecmwf,1,21.1,18.2,0,24.7
2026-07-14,ecmwf,2,21.4,18.3,0,25.8
2026-07-14,ecmwf,3,22,18.1,0,23.6
2026-07-14,ecmwf,4,22.2,17.9,0,21.3
2026-07-14,ecmwf,5,24.1,18.1,0,25.2
2026-07-14,ecmwf,6,19.2,17.8,0,23.7
2026-07-14,ecmwf,7,19.9,17.8,1.2,22.7
2026-07-14,gem,1,25.7,15.7,1.6,20.2
2026-07-14,gem,2,26.4,16.1,0.2,20.9
2026-07-14,gem,3,21.5,17.7,0.3,25.9
2026-07-14,gem,4,22.3,17.5,2.2,23.8
2026-07-14,gem,5,23.2,17,0,24.8
2026-07-14,gem,6,22.3,18.9,0.7,26.3
2026-07-14,gem,7,20.8,18,0,22
2026-07-14,gfs,1,25,15.6,0,20.3
2026-07-14,gfs,2,24.1,16.3,0.1,22.9
2026-07-14,gfs,3,24.8,15.7,0,22.1
2026-07-14,gfs,4,25.8,16,0,23.9
2026-07-14,gfs,5,25.7,15.8,0,26.6
2026-07-14,gfs,6,25.6,15.6,0.2,32.1
2026-07-14,gfs,7,24.4,15.8,0,20.5
2026-07-14,icon,1,25.2,15.9,0,21
2026-07-14,icon,2,24.9,17,0,18.2
2026-07-14,icon,3,25.8,16.8,0,20.6
2026-07-14,icon,4,24,16.3,0,24.6
2026-07-14,icon,5,24.8,15.5,0,20.1
2026-07-14,icon,6,24.9,14,0,15.7
2026-07-14,ukmo,1,20.9,17.2,0,28.4
2026-07-14,ukmo,2,21,17.7,0,27.7
2026-07-14,ukmo,3,20.8,17.2,1.2,28.4
2026-07-14,ukmo,4,20.6,16.4,0,25.6
2026-07-14,ukmo,5,22.3,17.2,0,29.9
2026-07-14,ukmo,6,18.7,17.3,0,34.6
2026-07-15,arpege,1,27.3,16.6,0,
2026-07-15,arpege,2,25.8,17,0,
2026-07-15,arpege,3,25,16.6,0,
2026-07-15,ecmwf,1,22.8,18.6,0,23.8
2026-07-15,ecmwf,2,22.4,18.6,0,24.6
2026-07-15,ecmwf,3,21.8,19,0,29.5
2026-07-15,ecmwf,4,22.8,18.9,0,29.4
2026-07-15,ecmwf,5,21.6,18.6,0,24
2026-07-15,ecmwf,6,23.8,19.2,0,27.4
2026-07-15,ecmwf,7,20,16.8,0,31.2
2026-07-15,gem,1,27.3,14.1,0,27.7
2026-07-15,gem,2,24.7,14.8,0,29.5
2026-07-15,gem,3,22.2,17.6,0,26.6
2026-07-15,gem,4,22.2,18.3,0,26.3
2026-07-15,gem,5,23.1,17.7,0,24.5
2026-07-15,gem,6,23.1,18,0,27.7
2026-07-15,gem,7,22.2,18.1,20.7,29.9
2026-07-15,gfs,1,22.5,15.9,0,18.8
2026-07-15,gfs,2,22.8,16.2,0,19.9
2026-07-15,gfs,3,26.7,16,0,23.2
2026-07-15,gfs,4,26.8,16.7,0,19
2026-07-15,gfs,5,28.4,16.4,0,23.1
2026-07-15,gfs,6,27.2,16.1,0,23.4
2026-07-15,gfs,7,27.8,17.5,0.9,20.4
2026-07-15,icon,1,25.5,15.3,0,21.1
2026-07-15,icon,2,25.1,16.3,0,19.1
2026-07-15,icon,3,24.6,15.8,0,21.7
2026-07-15,icon,4,25.8,14.9,0,19.2
2026-07-15,icon,5,26.6,15.1,0,20.6
2026-07-15,icon,6,25.7,15.3,0,23
2026-07-15,ukmo,1,23.9,17.6,0,24.1
2026-07-15,ukmo,2,22.5,18.3,0,23.8
2026-07-15,ukmo,3,22.6,18.3,0,27
2026-07-15,ukmo,4,23.2,18.2,0,23
2026-07-15,ukmo,5,21,18.7,0,29.2
2026-07-15,ukmo,6,22.8,18.1,0,31.3
2026-07-16,arpege,1,25.4,14.7,6.2,
2026-07-16,arpege,2,21.5,16.1,3.8,
2026-07-16,arpege,3,25.8,17.6,0,
2026-07-16,ecmwf,1,20.4,18.4,0.9,20.6
2026-07-16,ecmwf,2,21.1,17.5,3.9,18.2
2026-07-16,ecmwf,3,21.4,17.9,0.6,16.4
2026-07-16,ecmwf,4,21,18.6,0,19.7
2026-07-16,ecmwf,5,22.8,18.5,0.3,28.8
2026-07-16,ecmwf,6,22.1,18.4,0,22.5
2026-07-16,ecmwf,7,24.2,18.2,0.9,27.1
2026-07-16,gem,1,25.7,13.7,0,21.6
2026-07-16,gem,2,24.9,14.8,0.4,23.4
2026-07-16,gem,3,21.3,17.2,0,17.3
2026-07-16,gem,4,23.2,18.2,0,18
2026-07-16,gem,5,22.8,18.5,0,20.2
2026-07-16,gem,6,23.2,18.2,0,22.3
2026-07-16,gem,7,25.2,18.1,1.6,33.5
2026-07-16,gfs,1,21.6,15.5,5.5,20.2
2026-07-16,gfs,2,23.3,15.9,1.2,18.2
2026-07-16,gfs,3,24.4,15.3,4,17
2026-07-16,gfs,4,27.1,17.1,0,22.5
2026-07-16,gfs,5,27.5,15.8,0,19.2
2026-07-16,gfs,6,29.8,16.2,0,22.8
2026-07-16,gfs,7,28.1,16.7,0.3,27.4
2026-07-16,icon,1,22.1,14.8,0.9,12
2026-07-16,icon,2,21.3,17.7,0,13.2
2026-07-16,icon,3,23.1,16.5,0,11.9
2026-07-16,icon,4,27,16.1,0,21.6
2026-07-16,icon,5,29.5,14.4,0,25.5
2026-07-16,icon,6,28.4,15.9,0,22.7
2026-07-16,ukmo,1,20.7,16.7,0.1,27
2026-07-16,ukmo,2,21,17.2,2.1,18.4
2026-07-16,ukmo,3,20.1,19.1,0,17.3
2026-07-16,ukmo,4,21.6,18.1,0,20.9
2026-07-16,ukmo,5,21.9,17.8,0,18.4
2026-07-16,ukmo,6,19.9,18.8,0,30.6
2026-07-17,arpege,1,21.3,17.3,9,
2026-07-17,arpege,2,24.3,16.9,3.1,
2026-07-17,arpege,3,23.3,16.9,0,
2026-07-17,ecmwf,1,19.7,18.2,3.6,27.8
2026-07-17,ecmwf,2,20.1,18.3,4.2,32.6
2026-07-17,ecmwf,3,20.5,18.1,0,29.8
2026-07-17,ecmwf,4,21.2,18.4,2.1,28.2
2026-07-17,ecmwf,5,21.8,19.6,0.6,28.5
2026-07-17,ecmwf,6,21.5,18.9,0,36.5
2026-07-17,ecmwf,7,22.6,18.7,1.8,23
2026-07-17,gem,1,23.4,16.4,12.8,26.6
2026-07-17,gem,2,23.5,14.9,1.2,26.3
2026-07-17,gem,3,20,17.8,0.3,25.9
2026-07-17,gem,4,21.9,18.6,0,21.6
2026-07-17,gem,5,23.8,19.8,0,27
2026-07-17,gem,6,23.9,20.4,0,24.5
2026-07-17,gem,7,25.5,19.8,0.3,25.9
2026-07-17,gfs,1,22,16,1.8,25.7
2026-07-17,gfs,2,21.3,16.2,3.7,30.9
2026-07-17,gfs,3,22.1,15.8,0.6,32.1
2026-07-17,gfs,4,22.6,16.5,0.2,25.6
2026-07-17,gfs,5,22.2,17.2,1.3,28.3
2026-07-17,gfs,6,28.2,18.6,0,22.1
2026-07-17,gfs,7,28.3,17.3,1,21.1
2026-07-17,icon,1,22.5,17,0.2,26
2026-07-17,icon,2,23,16.5,0.7,23.7
2026-07-17,icon,3,21.2,16.1,0,21.2
2026-07-17,icon,4,21.4,16.7,0.1,17.8
2026-07-17,icon,5,27.2,16.9,0,17.7
2026-07-17,icon,6,29.8,17.5,0,24.7
2026-07-17,ukmo,1,20.2,17.8,2.3,29.9
2026-07-17,ukmo,2,20.9,17.8,0.6,27.4
2026-07-17,ukmo,3,19.8,17.6,1.4,31
2026-07-17,ukmo,4,20.5,16.9,0,29.2
2026-07-17,ukmo,5,21.7,19,0,21.2
2026-07-17,ukmo,6,24.1,18.3,0,27.4
2026-07-18,arpege,1,18.7,17.2,0,
2026-07-18,arpege,2,18.8,16.9,0,
2026-07-18,arpege,3,18.3,16.4,0,
2026-07-18,ecmwf,1,18,16.3,0.9,41.2
2026-07-18,ecmwf,2,18,16.3,0.9,39.9
2026-07-18,ecmwf,3,18.2,16.7,1.2,46.5
2026-07-18,ecmwf,4,18.1,16.9,0.9,55.7
2026-07-18,ecmwf,5,19.2,16.8,1.2,52.2
2026-07-18,ecmwf,6,21.7,17.1,0,53.3
2026-07-18,ecmwf,7,21.1,15.9,3,61.6
2026-07-18,gem,1,18.9,15.4,0,34.9
2026-07-18,gem,2,18.7,15.3,0.3,38.9
2026-07-18,gem,3,17.7,15.8,1.5,47.9
2026-07-18,gem,4,18.2,15.4,0.6,47.9
2026-07-18,gem,5,20.8,16.1,0,52.2
2026-07-18,gem,6,20,16.6,0,44.6
2026-07-18,gem,7,21.5,17.1,0.4,30.6
2026-07-18,gfs,1,17.7,15.4,0.1,34.8
2026-07-18,gfs,2,17.8,15.5,0.2,37.2
2026-07-18,gfs,3,17.7,15.5,0.5,43.3
2026-07-18,gfs,4,17.7,15.5,0.3,41.5
2026-07-18,gfs,5,17.7,15.7,0,39.9
2026-07-18,gfs,6,20.5,15.5,0,36.8
2026-07-18,gfs,7,28.5,18.4,0.6,27.1
2026-07-18,icon,1,18.7,15.6,0,35.4
2026-07-18,icon,2,17.9,15.8,0,35.8
2026-07-18,icon,3,18,15.9,0.6,36
2026-07-18,icon,4,17.8,15.9,0,41
2026-07-18,icon,5,18.3,15.5,0,47.1
2026-07-18,icon,6,26.4,15.7,0,25.8
2026-07-18,ukmo,1,17.7,16.1,0,39.6
2026-07-18,ukmo,2,18.3,16.1,0,40.7
2026-07-18,ukmo,3,18,16.4,1.1,47.2
2026-07-18,ukmo,4,17,16,0.6,50.4
2026-07-18,ukmo,5,20.4,16.2,0,47.2
2026-07-18,ukmo,6,21.9,16.8,0,33.8
2026-07-19,arpege,1,18.7,15.5,6.3,
2026-07-19,arpege,2,19.6,15.8,10.9,
2026-07-19,arpege,3,19.7,15.3,7.3,
2026-07-19,ecmwf,1,17,16.3,14.1,45.7
2026-07-19,ecmwf,2,17.1,16.3,5.4,47.3
2026-07-19,ecmwf,3,17,16.5,6.3,47
2026-07-19,ecmwf,4,17.1,16.3,3.3,50.1
2026-07-19,ecmwf,5,17.6,16.2,3.3,47.4
2026-07-19,ecmwf,6,18.3,16.8,2.1,49.7
2026-07-19,ecmwf,7,21.1,16.1,0,44.8
2026-07-19,gem,1,18.9,15.2,3.7,38.9
2026-07-19,gem,2,19,15.2,6.2,33.8
2026-07-19,gem,3,17.5,15.3,0.6,40
2026-07-19,gem,4,17.2,15.2,3.1,46.8
2026-07-19,gem,5,18.1,15.7,1.8,52.9
2026-07-19,gem,6,17.4,16.2,0,45
2026-07-19,gem,7,17.9,16,0,52.6
2026-07-19,gfs,1,17.5,14.6,20.8,32.4
2026-07-19,gfs,2,18.4,14.7,5.2,33
2026-07-19,gfs,3,18,15,0.2,34.9
2026-07-19,gfs,4,17.9,15,0.5,34.7
2026-07-19,gfs,5,17.2,13.9,0.7,40.5
2026-07-19,gfs,6,18.6,14.5,0.1,34.4
2026-07-19,gfs,7,19,15.4,0,29.4
2026-07-19,icon,1,19.2,15,11.9,33.2
2026-07-19,icon,2,18.1,15.8,3.9,30.6
2026-07-19,icon,3,17,15.4,6.3,39.7
2026-07-19,icon,4,20,15.7,0.3,33.4
2026-07-19,icon,5,18.1,13.8,3.4,42
2026-07-19,icon,6,18.6,14.9,0,37.4
2026-07-19,ukmo,1,17.8,16,9.8,37.4
2026-07-19,ukmo,2,16.9,15.8,13.8,39.2
2026-07-19,ukmo,3,17.7,15.6,2.3,41.4
2026-07-19,ukmo,4,18.4,15.8,19.2,48.2
2026-07-19,ukmo,5,17.8,15.3,3.4,43.6
2026-07-19,ukmo,6,18.3,16.4,0,34.2
2026-07-20,arpege,1,19,15.4,1.8,
2026-07-20,arpege,2,19.7,15.9,0.1,
2026-07-20,arpege,3,21,15.8,0.4,
2026-07-20,ecmwf,1,18.4,16.3,2.4,45.1
2026-07-20,ecmwf,2,18.6,16.6,0.9,50.3
2026-07-20,ecmwf,3,18.9,16.6,1.2,45.6
2026-07-20,ecmwf,4,18.2,16.7,1.2,43.3
2026-07-20,ecmwf,5,17.4,16,0.3,40.2
2026-07-20,ecmwf,6,17.8,16.2,0.3,39
2026-07-20,ecmwf,7,17,16.2,0.6,37.2
2026-07-20,gem,1,21,16.2,0,38.2
2026-07-20,gem,2,20.7,14.8,1,41.4
2026-07-20,gem,3,18.5,15.7,0.2,49.3
2026-07-20,gem,4,18.1,15.8,0,35.3
2026-07-20,gem,5,16.6,15.5,0.1,29.2
2026-07-20,gem,6,16.3,15.3,2.1,34.6
2026-07-20,gem,7,17.1,15.7,0,43.9
2026-07-20,gfs,1,18.5,15.2,3,37.8
2026-07-20,gfs,2,18.2,14.8,2.7,36.5
2026-07-20,gfs,3,18.5,15.6,1.1,31.9
2026-07-20,gfs,4,18.3,13.1,0.7,31.2
2026-07-20,gfs,5,18.1,14.5,0,28
2026-07-20,gfs,6,17.4,13.7,0.1,31.1
2026-07-20,gfs,7,18.8,15.2,0,33.3
2026-07-20,icon,1,19.9,16,1,35.5
2026-07-20,icon,2,20.3,16.5,0,32.7
2026-07-20,icon,3,20.3,15.8,1.7,38.8
2026-07-20,icon,4,20.1,14.4,0,35.2
2026-07-20,icon,5,19.5,13.9,0,34.2
2026-07-20,icon,6,17.6,14.5,0,37.2
2026-07-20,ukmo,1,18.7,16,3.8,41.4
2026-07-20,ukmo,2,18.2,16.3,1.5,54
2026-07-20,ukmo,3,19.7,16.7,2.5,53.6
2026-07-20,ukmo,4,18.8,16.5,0.3,46.1
2026-07-20,ukmo,5,17.2,15.9,0,37.1
2026-07-20,ukmo,6,17.4,15.3,0,33.5
2026-07-21,arpege,1,18.3,14.3,0,
2026-07-21,arpege,2,18.9,15.3,0,
2026-07-21,arpege,3,19.2,15.4,0,
2026-07-21,ecmwf,1,18.3,16.4,0.3,30.8
2026-07-21,ecmwf,2,18.7,16.2,0.3,33.4
2026-07-21,ecmwf,3,18.5,16.3,0.3,34.6
2026-07-21,ecmwf,4,17.8,16.3,0.3,35.9
2026-07-21,ecmwf,5,17,16,0.3,34.9
2026-07-21,ecmwf,6,17.8,16,3.6,40.5
2026-07-21,ecmwf,7,17.6,16.1,0,35.7
2026-07-21,gem,1,19.4,13.8,0,27.7
2026-07-21,gem,2,20,14.8,0,28.8
2026-07-21,gem,3,17.6,15.8,0,31
2026-07-21,gem,4,17.5,15.8,0,33.1
2026-07-21,gem,5,16.8,15.7,0,27.7
2026-07-21,gem,6,17.5,15.4,0,33.1
2026-07-21,gem,7,19.3,15.4,0.1,27.7
2026-07-21,gfs,1,18.2,15.4,0,32.2
2026-07-21,gfs,2,18.3,15.4,0.1,30.5
2026-07-21,gfs,3,18.7,15.8,0,27.4
2026-07-21,gfs,4,18.8,16.4,0.1,28.4
2026-07-21,gfs,5,18.1,14.4,0,27.7
2026-07-21,gfs,6,18,15.3,1.3,27.1
2026-07-21,gfs,7,18.5,13.4,0.6,20.9
2026-07-21,icon,1,18.1,15.2,0,25.9
2026-07-21,icon,2,18.2,16.4,0,26.3
2026-07-21,icon,3,18.5,16.8,0,26.1
2026-07-21,icon,4,18.7,16,0,29.1
2026-07-21,icon,5,18.6,15.4,0,38.4
2026-07-21,icon,6,18.1,15.3,0,35.4
2026-07-21,ukmo,1,18.8,15.5,0.2,35.3
2026-07-21,ukmo,2,18.4,16.2,0,36.7
2026-07-21,ukmo,3,19.3,16,0,37.8
2026-07-21,ukmo,4,18.7,16.1,0,35.6
2026-07-21,ukmo,5,17.8,15.6,0,38.9
2026-07-21,ukmo,6,19.3,15.5,0.6,33.8
2026-07-22,arpege,1,17.2,16.1,0.7,
2026-07-22,arpege,2,17.6,15.6,0.2,
2026-07-22,arpege,3,17.8,15.5,1,
2026-07-22,ecmwf,1,16.9,16.2,2.1,50.1
2026-07-22,ecmwf,2,16.8,16.2,2.4,48.9
2026-07-22,ecmwf,3,17.1,16.3,3,46.6
2026-07-22,ecmwf,4,16.8,16.4,4.2,46.5
2026-07-22,ecmwf,5,17.5,16.3,15.9,56.8
2026-07-22,ecmwf,6,16.8,16.1,3.3,43.4
2026-07-22,ecmwf,7,16.8,16.4,3.6,38.3
2026-07-22,gem,1,18.4,14.9,1.5,42.1
2026-07-22,gem,2,18,15,1.3,44.6
2026-07-22,gem,3,17.1,15.4,1.2,47.9
2026-07-22,gem,4,16.6,15.3,1.5,44.3
2026-07-22,gem,5,16.9,15.4,2.5,46.4
2026-07-22,gem,6,16.4,15.4,1.8,31.3
2026-07-22,gem,7,16.4,15.4,1.3,29.5
2026-07-22,gfs,1,17.2,15.5,1.8,40.8
2026-07-22,gfs,2,16.8,15.7,1.8,41.7
2026-07-22,gfs,3,17.6,15.9,1.6,41.4
2026-07-22,gfs,4,17.7,16.4,2.8,39.3
2026-07-22,gfs,5,17.8,15.7,10,49.7
2026-07-22,gfs,6,18.2,16,0.9,23
2026-07-22,gfs,7,17.5,15.4,2,28.6
2026-07-22,icon,1,18.3,15.7,0,39.7
2026-07-22,icon,2,17.8,15.5,0.2,40
2026-07-22,icon,3,18,16.2,1,40.7
2026-07-22,icon,4,18.3,16.4,4.9,39.7
2026-07-22,icon,5,17.8,16,7.6,38.3
2026-07-22,icon,6,18.2,16.1,1.5,38.2
2026-07-22,ukmo,1,17.2,15.3,3.4,38.9
2026-07-22,ukmo,2,17,15.5,1.8,51.5
2026-07-22,ukmo,3,16.4,15.8,1.6,48.2
2026-07-22,ukmo,4,16.6,15.8,1.9,47.5
2026-07-22,ukmo,5,16.8,15.6,2.9,42.8
2026-07-22,ukmo,6,18.1,16,2,43.6
2026-07-23,arpege,1,17.8,15.2,0,
2026-07-23,arpege,2,18.3,15,0,
2026-07-23,arpege,3,18.4,15,0,
2026-07-23,ecmwf,1,16.4,15.5,0,40.9
2026-07-23,ecmwf,2,16.9,15.4,0,40
2026-07-23,ecmwf,3,16.8,15.6,0,40.3
2026-07-23,ecmwf,4,16.9,15.6,0,44.3
2026-07-23,ecmwf,5,17.3,15.9,1.8,49.7
2026-07-23,ecmwf,6,17.3,16.2,2.1,43.6
2026-07-23,ecmwf,7,17.5,16.1,2.4,41.6
2026-07-23,gem,1,19.2,15,0,32
2026-07-23,gem,2,20.7,15,0,33.5
2026-07-23,gem,3,17.1,15.7,0,39.6
2026-07-23,gem,4,17,15.5,0,38.2
2026-07-23,gem,5,17,15.5,0,39.6
2026-07-23,gem,6,18.2,14.6,3.9,34.2
2026-07-23,gem,7,17.8,15.6,1.5,24.5
2026-07-23,gfs,1,18,14.6,0.1,32.3
2026-07-23,gfs,2,17.7,15,0,33.2
2026-07-23,gfs,3,17.7,15.6,0,37.6
2026-07-23,gfs,4,16.9,15,0.2,33.5
2026-07-23,gfs,5,18.6,16,4.3,43.8
2026-07-23,gfs,6,20.3,15.5,1.6,34.8
2026-07-23,gfs,7,19.3,15.4,1,24.5
2026-07-23,icon,1,18,14.5,0,28.2
2026-07-23,icon,2,19.2,15.1,0,28.6
2026-07-23,icon,3,19.4,15.9,0,29.1
2026-07-23,icon,4,19.6,15.6,0.8,35.7
2026-07-23,icon,5,21.4,15.9,3.3,37.1
2026-07-23,icon,6,21.5,15.6,0,33.8
2026-07-23,ukmo,1,16.4,15.7,0,36.7
2026-07-23,ukmo,2,16.7,15.2,0,41
2026-07-23,ukmo,3,16.4,15.6,0,43.2
2026-07-23,ukmo,4,16.1,15.3,0,43.9
2026-07-23,ukmo,5,16.5,15.7,0.2,45.7
2026-07-23,ukmo,6,18,15.4,1.8,43.2
2026-07-24,arpege,1,17.9,15.2,0,
2026-07-24,arpege,2,19.3,15.1,0,
2026-07-24,arpege,3,19.2,15.2,0,
2026-07-24,ecmwf,1,17.7,15.6,0.6,28.9
2026-07-24,ecmwf,2,18,15.3,0.3,24.6
2026-07-24,ecmwf,3,17.7,15.5,0.3,25.2
2026-07-24,ecmwf,4,17.9,15.3,0.6,25.8
2026-07-24,ecmwf,5,18,15.9,1.2,26.9
2026-07-24,ecmwf,6,18.3,15,0.6,35.7
2026-07-24,ecmwf,7,17.9,15.6,0.9,31.3
2026-07-24,gem,1,18.7,14.3,0,21.6
2026-07-24,gem,2,19,15,0.4,22.7
2026-07-24,gem,3,17,15.8,0.3,26.6
2026-07-24,gem,4,17.6,15.9,0.3,26.3
2026-07-24,gem,5,17.3,16.2,0.2,23.8
2026-07-24,gem,6,16.4,15.7,0.2,25.9
2026-07-24,gem,7,16.5,15,0.1,26.3
2026-07-24,gfs,1,18.3,14.8,0.1,24.2
2026-07-24,gfs,2,18.2,15,0.2,25
2026-07-24,gfs,3,18.6,14.6,0,21.9
2026-07-24,gfs,4,18.7,16,0,23.8
2026-07-24,gfs,5,18.6,15.3,0.2,25.8
2026-07-24,gfs,6,19.4,15.4,0,31
2026-07-24,gfs,7,18.7,15.5,0.2,24.3
2026-07-24,icon,1,18.4,14.1,0,24.5
2026-07-24,icon,2,18.7,15,0.1,17.8
2026-07-24,icon,3,18.7,15.4,0,18.9
2026-07-24,icon,4,19,15.2,0,22.9
2026-07-24,icon,5,18.7,15.8,3.9,28.5
2026-07-24,icon,6,20.5,16.1,0,32.5
2026-07-24,ukmo,1,17.8,15.7,0.3,28.1
2026-07-24,ukmo,2,18.2,15.5,0,28.8
2026-07-24,ukmo,3,18.1,15.6,0.3,26.6
2026-07-24,ukmo,4,18.1,15.6,0.1,30.2
2026-07-24,ukmo,5,18.1,16,0.3,33.5
2026-07-24,ukmo,6,17.9,15.3,0.1,35.6
2026-07-25,arpege,1,20.9,17.1,0,
2026-07-25,arpege,2,22.2,17.4,0.1,
2026-07-25,arpege,3,21.3,16.8,0,
2026-07-25,ecmwf,1,18.9,17.9,0,31.4
2026-07-25,ecmwf,2,19.8,17.6,0,33
2026-07-25,ecmwf,3,19.5,17.7,0.3,28
2026-07-25,ecmwf,4,19,17.5,0.6,26.8
2026-07-25,ecmwf,5,20.2,17.8,0,31
2026-07-25,ecmwf,6,19.1,17.9,2.1,37.2
2026-07-25,ecmwf,7,17.9,16.6,0.6,33.2
2026-07-25,gem,1,21.6,14.7,0.3,31
2026-07-25,gem,2,22.1,14.8,0,25.2
2026-07-25,gem,3,19.9,17.1,0,27.4
2026-07-25,gem,4,19.8,16.7,0,27
2026-07-25,gem,5,19.1,16.6,0.6,34.6
2026-07-25,gem,6,20.1,16,0,29.2
2026-07-25,gem,7,19.4,15.6,0.3,26.3
2026-07-25,gfs,1,20.6,16.4,0.2,27.4
2026-07-25,gfs,2,20.4,16.7,0.1,29.3
2026-07-25,gfs,3,20,16.4,1.1,32.3
2026-07-25,gfs,4,21.3,16.1,0.5,24
2026-07-25,gfs,5,22.9,16.2,0,27.4
2026-07-25,gfs,6,18.2,15.6,3.4,34
2026-07-25,gfs,7,18.3,15.3,2.7,37.4
2026-07-25,icon,1,20.8,16.6,0.4,29.6
2026-07-25,icon,2,20.2,17.2,0.1,20.3
2026-07-25,icon,3,21.1,17,0.2,20.7
2026-07-25,icon,4,20.3,17.1,0.6,22.4
2026-07-25,icon,5,20.9,17.2,3,24.4
2026-07-25,icon,6,18,16.1,2.2,30.4
2026-07-25,ukmo,1,19.4,17.8,0,34.6
2026-07-25,ukmo,2,19.5,17.4,0.8,32.4
2026-07-25,ukmo,3,19.7,18.1,0,27
2026-07-25,ukmo,4,19.7,17.4,0,28.1
2026-07-25,ukmo,5,20.4,17.4,0,23.8
2026-07-25,ukmo,6,19.7,17.1,0,32.4
2026-07-26,arpege,1,18.7,16.4,3,
2026-07-26,arpege,2,18.9,16,3.9,
2026-07-26,arpege,3,18.7,14.2,11.7,
2026-07-26,ecmwf,1,18.6,17.2,12.6,43.1
2026-07-26,ecmwf,2,18.4,17,3.3,31.5
2026-07-26,ecmwf,3,18.4,17,16.8,28.6
2026-07-26,ecmwf,4,18.6,16.4,10.8,28.8
2026-07-26,ecmwf,5,18.1,16.7,13.2,30.8
2026-07-26,ecmwf,6,18.6,16.4,0.3,26.7
2026-07-26,ecmwf,7,18.6,17.1,1.5,38.6
2026-07-26,gem,1,19.3,15.7,14.5,31.3
2026-07-26,gem,2,18.7,15,11.8,29.2
2026-07-26,gem,3,18,15.8,9.4,36
2026-07-26,gem,4,18,16.1,1.4,32.4
2026-07-26,gem,5,18.8,16.4,1.5,36
2026-07-26,gem,6,17.8,16.5,2.2,44.3
2026-07-26,gem,7,20.3,16.5,1.6,21.6
2026-07-26,gfs,1,17.9,16.1,7.2,35.4
2026-07-26,gfs,2,18.9,15.6,3.5,32.1
2026-07-26,gfs,3,18.7,15.2,1.9,28.2
2026-07-26,gfs,4,17.9,14.8,1.2,33.1
2026-07-26,gfs,5,18.5,15.6,5.2,27.4
2026-07-26,gfs,6,18.3,15.6,1.5,40.1
2026-07-26,gfs,7,19.1,15,0.8,30.1
2026-07-26,icon,1,18.5,16.4,11.6,28.6
2026-07-26,icon,2,18.7,16.5,6,24.4
2026-07-26,icon,3,18.6,16,2.5,25.5
2026-07-26,icon,4,18,16.4,2.7,23.8
2026-07-26,icon,5,18.9,16,1.4,25.7
2026-07-26,icon,6,18.7,15.7,5.1,32.7
2026-07-26,ukmo,1,17.9,15.6,11.7,37.1
2026-07-26,ukmo,2,18.6,16.5,1.8,31.7
2026-07-26,ukmo,3,19.6,17.7,2.3,36
2026-07-26,ukmo,4,19.1,17.7,2.4,34.6
2026-07-26,ukmo,5,20.1,16.3,10,39.2
2026-07-26,ukmo,6,20.3,18.2,0,32.4
2026-07-27,arpege,1,17.7,15.3,10,
2026-07-27,arpege,2,17.4,14.7,0.5,
2026-07-27,arpege,3,18.2,14.2,0.2,
2026-07-27,ecmwf,1,17.5,16,14.1,38.8
2026-07-27,ecmwf,2,17.9,15.9,6.6,40.9
2026-07-27,ecmwf,3,17.6,15.8,3.6,34.4
2026-07-27,ecmwf,4,17.4,15.9,0.9,34.3
2026-07-27,ecmwf,5,17.6,15.6,0.3,46.3
2026-07-27,ecmwf,6,16.6,15.5,1.5,42.1
2026-07-27,ecmwf,7,18,16.9,6.6,30.1
2026-07-27,gem,1,17.4,14.9,0,38.9
2026-07-27,gem,2,17.4,14.5,1.4,37.8
2026-07-27,gem,3,17.2,14.7,2.1,30.6
2026-07-27,gem,4,17.8,15.5,0.7,32.8
2026-07-27,gem,5,17.7,16,0.3,28.4
2026-07-27,gem,6,17.8,16,1.5,38.5
2026-07-27,gem,7,17.8,15.8,0.3,41.4
2026-07-27,gfs,1,17.2,14.8,2.2,40.2
2026-07-27,gfs,2,17.2,15.3,0.5,37.9
2026-07-27,gfs,3,17.3,14.6,0.3,29.2
2026-07-27,gfs,4,17.3,15,0.4,31.3
2026-07-27,gfs,5,18.5,14.7,0.3,25.6
2026-07-27,gfs,6,18.3,14.6,1.3,35.9
2026-07-27,gfs,7,18.3,14.5,0.5,30.5
2026-07-27,icon,1,18.3,15,0.5,35.7
2026-07-27,icon,2,17.8,15.3,0.9,31.5
2026-07-27,icon,3,17.8,15.1,0.7,29.1
2026-07-27,icon,4,18.8,15.7,2.2,30.3
2026-07-27,icon,5,18.4,15.3,0,34.9
2026-07-27,icon,6,18.2,15.5,4,34.7
2026-07-27,ukmo,1,17.3,15.7,2.7,38.2
2026-07-27,ukmo,2,17,16.1,3.4,41.8
2026-07-27,ukmo,3,18.3,16.3,0.4,41.4
2026-07-27,ukmo,4,18.1,16.2,0.2,43.2
2026-07-27,ukmo,5,17.6,16.2,0.3,42.5
2026-07-27,ukmo,6,19.3,15.5,0,41.4
2026-07-28,arpege,1,20,16.7,2,
2026-07-28,arpege,2,20.2,16.4,0,
2026-07-28,arpege,3,20.5,16.7,1.3,
2026-07-28,ecmwf,1,20,17,0.6,33.8
2026-07-28,ecmwf,2,19.7,16.9,0.6,36.8
2026-07-28,ecmwf,3,19.6,17.2,1.2,34.8
2026-07-28,ecmwf,4,20,17.3,0.3,29.8
2026-07-28,ecmwf,5,19.6,17.7,0.6,33.9
2026-07-28,ecmwf,6,20.6,16.4,0,39
2026-07-28,ecmwf,7,19.3,16.4,0,41.4
2026-07-28,gem,1,21.7,14.1,0,27.4
2026-07-28,gem,2,20.9,14.7,0,27.7
2026-07-28,gem,3,19.2,16.2,0.1,31.7
2026-07-28,gem,4,19.6,17.1,0.1,38.5
2026-07-28,gem,5,19.2,16.3,0.2,29.2
2026-07-28,gem,6,18.2,16.3,0,32.4
2026-07-28,gem,7,19.8,16.4,0.2,34.2
2026-07-28,gfs,1,20.2,15.3,0,25
2026-07-28,gfs,2,20,15.5,0.3,30.5
2026-07-28,gfs,3,20,15.7,0.4,28.6
2026-07-28,gfs,4,20.9,16.2,0,22.7
2026-07-28,gfs,5,21.3,14.6,0.1,22.2
2026-07-28,gfs,6,21.7,16,0,22.4
2026-07-28,gfs,7,21.9,15,0.2,28.2
2026-07-28,icon,1,20.4,15.9,0,22.6
2026-07-28,icon,2,20.3,16.2,0,22.3
2026-07-28,icon,3,20.7,17.1,0.5,20.9
2026-07-28,icon,4,20.5,15.7,0.8,22.1
2026-07-28,icon,5,20.2,15.3,0,24.9
2026-07-28,icon,6,19.2,15.7,0,25.4
2026-07-28,ukmo,1,19.8,17.1,0,32.4
2026-07-28,ukmo,2,19.3,16.7,0,34.9
2026-07-28,ukmo,3,19,17.1,0,34.2
2026-07-28,ukmo,4,19.3,17.7,0,30.2
2026-07-28,ukmo,5,19.7,16.6,0,34.2
2026-07-28,ukmo,6,18.7,16.2,0.6,32
2026-07-29,arpege,1,28.4,18.7,0,
2026-07-29,arpege,2,27.2,18.5,0,
2026-07-29,arpege,3,28.1,17.8,0,
2026-07-29,ecmwf,1,23.2,19.7,0,21.6
2026-07-29,ecmwf,2,23.1,19.8,0,24.3
2026-07-29,ecmwf,3,22.7,19.5,0,21.3
2026-07-29,ecmwf,4,23.2,19.3,0.3,22.4
2026-07-29,ecmwf,5,22.9,19.1,0,18.9
2026-07-29,ecmwf,6,20.9,18.9,0,21.2
2026-07-29,ecmwf,7,22.3,19,0,21.9
2026-07-29,gem,1,29,16.9,0,18
2026-07-29,gem,2,28.7,16.6,0,15.8
2026-07-29,gem,3,23.8,18.4,0,20.2
2026-07-29,gem,4,23.3,18.1,0,16.2
2026-07-29,gem,5,23.5,18.1,0,22.3
2026-07-29,gem,6,23.2,17.8,0,22.3
2026-07-29,gem,7,22.7,18.2,0,30.6
2026-07-29,gfs,1,26.3,18,2.2,17.8
2026-07-29,gfs,2,26.9,17.3,0,22.7
2026-07-29,gfs,3,26.4,17.1,0,21.1
2026-07-29,gfs,4,24.8,16.8,0,19
2026-07-29,gfs,5,26.7,19.2,0,19.8
2026-07-29,gfs,6,26.7,16.2,0,19.5
2026-07-29,gfs,7,25.4,17.5,0,23.3
2026-07-29,icon,1,27.3,18.1,0,15.4
2026-07-29,icon,2,26,18.9,0,15.6
2026-07-29,icon,3,26.6,18.9,0,13.2
2026-07-29,icon,4,27.1,17.9,0,10
2026-07-29,icon,5,25,17.1,0.1,14.4
2026-07-29,icon,6,24.3,16.5,0,14.1
2026-07-29,ukmo,1,22.3,19.5,0,19.1
2026-07-29,ukmo,2,21.6,19.2,0,19.1
2026-07-29,ukmo,3,22.3,18.9,0,20.9
2026-07-29,ukmo,4,21.5,18.9,0,20.2
2026-07-29,ukmo,5,22.4,19.2,0,15.5
2026-07-29,ukmo,6,20.7,18.4,0.4,32.8
2026-07-30,arpege,1,23.5,18.4,0,
2026-07-30,arpege,2,28.2,19.3,0,
2026-07-30,arpege,3,27.9,18.1,0,
2026-07-30,ecmwf,1,22.7,18.7,0.6,25.2
2026-07-30,ecmwf,2,22.8,18.7,0.6,28.9
2026-07-30,ecmwf,3,22.4,18.7,0,23.3
2026-07-30,ecmwf,4,22.7,18.9,0,31.8
2026-07-30,ecmwf,5,25.6,19.5,0,35.7
2026-07-30,ecmwf,6,21.4,19.1,0,22.1
2026-07-30,ecmwf,7,23.8,19.7,0,16.9
2026-07-30,gem,1,27.1,17.1,0,30.2
2026-07-30,gem,2,24.8,18.1,0.2,25.9
2026-07-30,gem,3,22.3,18.9,0,24.8
2026-07-30,gem,4,22.8,19.7,0.6,23
2026-07-30,gem,5,22,19.3,1.8,25.6
2026-07-30,gem,6,24.2,20.1,1.5,36.4
2026-07-30,gem,7,21.7,17.7,0.2,32
2026-07-30,gfs,1,22.8,17.6,0,29.1
2026-07-30,gfs,2,22.8,17.3,0,34.4
2026-07-30,gfs,3,23.4,17.6,0,27.4
2026-07-30,gfs,4,27,17.8,0,30.8
2026-07-30,gfs,5,30.8,18.8,0.9,34.3
2026-07-30,gfs,6,25.8,18,0,26.6
2026-07-30,gfs,7,29.1,18.8,0,24.1
2026-07-30,icon,1,24.4,17,0,21.5
2026-07-30,icon,2,23.5,17.8,0,21.4
2026-07-30,icon,3,24.6,18.3,0,17.4
2026-07-30,icon,4,26.8,19.4,0,20.9
2026-07-30,icon,5,31.4,19.3,0,27
2026-07-30,icon,6,28.4,18.8,0,16
2026-07-30,ukmo,1,21.4,18.5,0,29.9
2026-07-30,ukmo,2,21.4,18.9,0,24.5
2026-07-30,ukmo,3,22.3,19.1,0,31.7
2026-07-30,ukmo,4,21.9,18,0,37.4
2026-07-30,ukmo,5,25.5,20.2,0,31.7
2026-07-30,ukmo,6,25.1,20.3,0,27
2026-07-31,arpege,1,18.1,14.3,11.6,
2026-07-31,arpege,2,20.2,14.8,5.4,
2026-07-31,arpege,3,20.9,16.4,0,
2026-07-31,ecmwf,1,18.5,17,7.8,35
2026-07-31,ecmwf,2,18.6,16.9,1.2,25.5
2026-07-31,ecmwf,3,18.5,17.5,0,25.3
2026-07-31,ecmwf,4,18.7,17.5,0.6,30.8
2026-07-31,ecmwf,5,20.4,17.1,0,20
2026-07-31,ecmwf,6,20.3,18.2,0,21.9
2026-07-31,ecmwf,7,22.5,18.3,0.3,28.7
2026-07-31,gem,1,18.8,15,1.3,25.9
2026-07-31,gem,2,19,15.6,0,21.6
2026-07-31,gem,3,18.8,16.3,0.1,25.9
2026-07-31,gem,4,19.3,15.9,0,25.6
2026-07-31,gem,5,19.1,16.8,0,21.2
2026-07-31,gem,6,20.5,18.5,0.6,25.9
2026-07-31,gem,7,21,17.2,0.2,23.8
2026-07-31,gfs,1,19.7,15,1.7,29.9
2026-07-31,gfs,2,18.6,15.8,0.1,21.5
2026-07-31,gfs,3,19.1,15.8,0.1,26.7
2026-07-31,gfs,4,21.1,15,0,21.4
2026-07-31,gfs,5,21.7,16.9,0.4,24.9
2026-07-31,gfs,6,20.2,17.8,0,28.9
2026-07-31,gfs,7,27.8,17.6,0,25.6
2026-07-31,icon,1,18,14.6,9.5,26.3
2026-07-31,icon,2,18.1,16.3,0,18.7
2026-07-31,icon,3,18.7,15.8,0.4,12.4
2026-07-31,icon,4,19.2,15.7,1.4,21
2026-07-31,icon,5,20.4,16,0.1,23.1
2026-07-31,icon,6,23.3,17.6,0.3,14.7
2026-07-31,ukmo,1,18.6,17.2,1.5,33.8
2026-07-31,ukmo,2,18.7,18,0,24.8
2026-07-31,ukmo,3,19.2,18.3,0,31.7
2026-07-31,ukmo,4,18.6,16.3,0,29.5
2026-07-31,ukmo,5,23.9,17.3,0,44.3
2026-07-31,ukmo,6,24,17.4,0,27.7
2026-08-01,arpege,1,19.3,14.2,0,
2026-08-01,arpege,2,19.3,13.7,0.2,
2026-08-01,arpege,3,19,15,0,
2026-08-01,ecmwf,1,18.3,16.7,0,24.8
2026-08-01,ecmwf,2,18.5,16.8,0,22.6
2026-08-01,ecmwf,3,18.4,16.1,0,22.1
2026-08-01,ecmwf,4,18.1,16.7,0.3,25.8
2026-08-01,ecmwf,5,18.3,16.6,0,13.7
2026-08-01,ecmwf,6,18.9,16.5,0,17.6
2026-08-01,ecmwf,7,19.7,17.4,0,23.5
2026-08-01,gem,1,20.3,12.8,0.1,23
2026-08-01,gem,2,19.7,13,0,22
2026-08-01,gem,3,17.5,14.6,0,18.4
2026-08-01,gem,4,17.2,14.6,1.2,17.6
2026-08-01,gem,5,17.4,16.3,0,25.9
2026-08-01,gem,6,18.3,16.3,0,21.6
2026-08-01,gem,7,19.6,17.8,0,31.3
2026-08-01,gfs,1,19,14.6,0,19.2
2026-08-01,gfs,2,18.7,14.1,0,16.5
2026-08-01,gfs,3,18.9,15.7,0,20.3
2026-08-01,gfs,4,18.8,14.1,0,17.1
2026-08-01,gfs,5,20.2,15.3,0,20.2
2026-08-01,gfs,6,19.4,15.1,0,20.4
2026-08-01,gfs,7,27.2,17.6,0.6,21.5
2026-08-01,icon,1,19.8,15.3,0,18.2
2026-08-01,icon,2,19.3,15.2,0,19.4
2026-08-01,icon,3,19,14,0,15.6
2026-08-01,icon,4,18.4,13.3,0,13.3
2026-08-01,icon,5,19.2,14.8,0,16.1
2026-08-01,icon,6,21.3,15.9,0.6,24.2
2026-08-01,ukmo,1,18.4,17,0,27.7
2026-08-01,ukmo,2,18.3,16.9,0,25.6
2026-08-01,ukmo,3,19,16,0.2,22
2026-08-01,ukmo,4,18.8,16.3,0,27.4
2026-08-01,ukmo,5,20.9,17,0,24.5
2026-08-01,ukmo,6,19.3,16.5,0.6,30.6
2026-08-02,arpege,1,21.4,16.8,0,
2026-08-02,arpege,2,21.2,16,0.2,
2026-08-02,arpege,3,21.4,15.7,0,
2026-08-02,ecmwf,1,19,18,0.3,22.6
2026-08-02,ecmwf,2,19,17.8,0,22.2
2026-08-02,ecmwf,3,18.8,17.8,0,22.5
2026-08-02,ecmwf,4,19,17.6,0,19.5
2026-08-02,ecmwf,5,19.3,17.7,0,16
2026-08-02,ecmwf,6,19.5,16.9,0,25.1
2026-08-02,ecmwf,7,19.7,17,0,18.1
2026-08-02,gem,1,21.6,13.9,0,14.8
2026-08-02,gem,2,21.5,13.2,0,18
2026-08-02,gem,3,18.2,16.5,0,18
2026-08-02,gem,4,18,17.2,0,24.5
2026-08-02,gem,5,19.8,14.8,0,19.1
2026-08-02,gem,6,18.5,15.1,0,17.6
2026-08-02,gem,7,18,16.9,0,27.7
2026-08-02,gfs,1,20,15.6,0,18.4
2026-08-02,gfs,2,20.4,15.2,0,17.8
2026-08-02,gfs,3,19.1,15.1,0,16.3
2026-08-02,gfs,4,19.2,15.2,0,20.3
2026-08-02,gfs,5,20,14.5,0,22.5
2026-08-02,gfs,6,19.5,15.5,0,31.5
2026-08-02,gfs,7,18.5,15.2,0,19.9
2026-08-02,icon,1,21,15.1,0,21.1
2026-08-02,icon,2,20.5,16.6,0,14.4
2026-08-02,icon,3,20.1,16.8,0,12.9
2026-08-02,icon,4,21.4,16.9,0,11.3
2026-08-02,icon,5,22.2,14.5,0,23.1
2026-08-02,icon,6,21.9,12.9,0,12
2026-08-02,ukmo,1,19.2,16.5,0.4,27.7
2026-08-02,ukmo,2,19.5,17.5,0,24.1
2026-08-02,ukmo,3,18.8,17.5,0,23
2026-08-02,ukmo,4,19.2,17.9,0,23
2026-08-02,ukmo,5,19.2,17.9,0,22.3
2026-08-02,ukmo,6,20.3,16.7,0,23.4
2026-08-03,arpege,1,26.6,12.5,0,
2026-08-03,arpege,2,26.4,15,0,
2026-08-03,arpege,3,26.3,15.3,0,
2026-08-03,ecmwf,1,23.2,16.9,0,32.1
2026-08-03,ecmwf,2,23,16.9,0,33.9
2026-08-03,ecmwf,3,23.2,17.1,0,32.3
2026-08-03,ecmwf,4,22.9,16.7,0,27.7
2026-08-03,ecmwf,5,23.3,17,0,30.7
2026-08-03,ecmwf,6,20.6,18.2,0,30.2
2026-08-03,ecmwf,7,20.3,18,0,25.9
2026-08-03,gem,1,26.6,12.7,0,24.1
2026-08-03,gem,2,25.9,12.8,0,21.6
2026-08-03,gem,3,22.1,15.9,0,28.8
2026-08-03,gem,4,22.4,16,1.8,29.2
2026-08-03,gem,5,21.1,16.4,0,27
2026-08-03,gem,6,21.9,17,1.4,35.3
2026-08-03,gem,7,20.2,16.7,0,20.5
2026-08-03,gfs,1,25.4,13.4,0,27.4
2026-08-03,gfs,2,25.7,14.8,0,26.2
2026-08-03,gfs,3,25.9,12.9,0,24.3
2026-08-03,gfs,4,25.4,12.4,0,29
2026-08-03,gfs,5,22.9,12.9,0,21
2026-08-03,gfs,6,23.8,12.3,0,25.3
2026-08-03,gfs,7,18,12.6,0,27.1
2026-08-03,icon,1,26.4,12.9,0,24.2
2026-08-03,icon,2,25.7,15,0,22.4
2026-08-03,icon,3,26.2,15,0,23.7
2026-08-03,icon,4,24,16.4,0.1,23.2
2026-08-03,icon,5,23.8,15.8,0.6,29
2026-08-03,icon,6,24.5,16.9,8.2,19.4
2026-08-03,ukmo,1,23.6,15.3,0,27.7
2026-08-03,ukmo,2,22.7,16.5,0,29.5
2026-08-03,ukmo,3,23.2,16.4,0,29.5
2026-08-03,ukmo,4,22.3,15.8,0,28.4
2026-08-03,ukmo,5,20.9,15.8,0,28.1
2026-08-03,ukmo,6,21.5,17,0,30.2
2026-08-04,arpege,1,29.4,17.9,0.1,
2026-08-04,arpege,2,31,18.7,0,
2026-08-04,arpege,3,31.4,18.6,0,
2026-08-04,ecmwf,1,22.2,19.5,0.9,31.8
2026-08-04,ecmwf,2,22.7,19.4,0.3,32
2026-08-04,ecmwf,3,22.4,19.7,1.8,31.6
2026-08-04,ecmwf,4,22.8,20,0.3,27.9
2026-08-04,ecmwf,5,21,18.1,9.6,26.2
2026-08-04,ecmwf,6,20.8,19.3,5.1,28.2
2026-08-04,ecmwf,7,22.6,19.7,0,35.7
2026-08-04,gem,1,30.7,19.3,0.8,27.4
2026-08-04,gem,2,31,17.5,4.2,25.6
2026-08-04,gem,3,24.2,17.5,8.4,26.6
2026-08-04,gem,4,22.1,18.4,15.5,33.8
2026-08-04,gem,5,20.3,17.4,14,31
2026-08-04,gem,6,18.2,14.7,6.9,33.8
2026-08-04,gem,7,20.1,16.9,0.1,29.2
2026-08-04,gfs,1,25.9,17.6,1.5,25.2
2026-08-04,gfs,2,26.2,18,1.3,32
2026-08-04,gfs,3,27.1,17.2,2.1,24.3
2026-08-04,gfs,4,24.8,16.4,1.1,22.8
2026-08-04,gfs,5,21.2,15.3,24.1,31.8
2026-08-04,gfs,6,20.1,13.2,1.3,28.7
2026-08-04,gfs,7,24.3,15.2,7.5,33.8
2026-08-04,icon,1,27.2,17.7,0,24.2
2026-08-04,icon,2,28.1,17.9,9.8,22.3
2026-08-04,icon,3,25.9,18,1.9,23
2026-08-04,icon,4,22.1,18,6.8,22.3
2026-08-04,icon,5,23.6,18.4,4.9,20.7
2026-08-04,icon,6,21.9,16.8,14.4,23.4
2026-08-04,ukmo,1,23.4,18.2,2.2,31
2026-08-04,ukmo,2,22.9,18.7,5.8,31
2026-08-04,ukmo,3,22.2,18.9,0,29.2
2026-08-04,ukmo,4,21.2,20,1.5,25.9
2026-08-04,ukmo,5,20.4,18.3,0.5,27.4
2026-08-04,ukmo,6,19.3,16.8,29.8,33.5
2026-08-05,arpege,1,22.8,19.7,3.1,
2026-08-05,arpege,2,24.7,19,2.8,
2026-08-05,arpege,3,24.4,20.1,0.4,
2026-08-05,ecmwf,1,21.9,19.9,3.3,31.6
2026-08-05,ecmwf,2,21.9,19.6,0.6,31.6
2026-08-05,ecmwf,3,22.3,20.1,0,30.8
2026-08-05,ecmwf,4,21.6,19.8,0,30.2
2026-08-05,ecmwf,5,20.8,18.5,2.1,28.2
2026-08-05,ecmwf,6,21,18.3,0.3,20.8
2026-08-05,ecmwf,7,19.4,16.8,1.2,40.7
2026-08-05,gem,1,23.3,17.8,9,36.7
2026-08-05,gem,2,23.4,17.8,0,33.5
2026-08-05,gem,3,21.3,19,3.9,41.4
2026-08-05,gem,4,20.6,19.5,1.4,33.1
2026-08-05,gem,5,21.1,17.6,0,42.1
2026-08-05,gem,6,20.3,16.3,0.3,36.4
2026-08-05,gem,7,16.7,15.1,0,28.4
2026-08-05,gfs,1,22.4,17.9,0.4,31
2026-08-05,gfs,2,22.2,18.4,0.2,30.7
2026-08-05,gfs,3,22.8,18.1,0.1,22.7
2026-08-05,gfs,4,23.3,18.7,0,24.7
2026-08-05,gfs,5,23.2,18.2,0,20.3
2026-08-05,gfs,6,19.5,14.8,1.1,22.5
2026-08-05,gfs,7,17.2,13.4,0.8,37.5
2026-08-05,icon,1,22.2,19,0.2,31.7
2026-08-05,icon,2,21.9,18.6,1.6,28.3
2026-08-05,icon,3,22,18.8,0.7,26
2026-08-05,icon,4,22.8,19,0.1,27.5
2026-08-05,icon,5,23.3,19.4,0.6,30.5
2026-08-05,icon,6,22,17.9,0.2,24.5
2026-08-05,ukmo,1,21.2,20,11.9,38.5
2026-08-05,ukmo,2,21.4,20.2,6.2,34.2
2026-08-05,ukmo,3,20.8,20.2,0.9,31
2026-08-05,ukmo,4,20.6,20.2,0.4,32
2026-08-05,ukmo,5,20.5,19.8,0,28.8
2026-08-05,ukmo,6,20,16.4,0.2,33.8
2026-08-06,arpege,1,19.6,17.5,3,
2026-08-06,arpege,2,20.7,17.1,0.2,
2026-08-06,arpege,3,20.4,17.1,0.2,
2026-08-06,ecmwf,1,19.9,17.4,3,48.1
2026-08-06,ecmwf,2,20.2,17.4,1.8,45.5
2026-08-06,ecmwf,3,20.2,17.3,1.5,45.6
2026-08-06,ecmwf,4,20.8,18,1.2,41.6
2026-08-06,ecmwf,5,20.7,18.3,0.6,42.1
2026-08-06,ecmwf,6,20,16.8,0.3,35.6
2026-08-06,ecmwf,7,18.5,16.1,0,33.8
2026-08-06,gem,1,20.2,15.7,0.7,41.8
2026-08-06,gem,2,20.7,16.1,0.4,41.8
2026-08-06,gem,3,19.6,17.3,0.2,47.5
2026-08-06,gem,4,20,17,0.5,52.2
2026-08-06,gem,5,20.1,16.8,0.8,35.6
2026-08-06,gem,6,20,17.2,0.3,46.1
2026-08-06,gem,7,20.5,15.9,0.2,48.6
2026-08-06,gfs,1,18.9,16.7,2.4,43.6
2026-08-06,gfs,2,19.2,16.6,0.5,43.6
2026-08-06,gfs,3,19.3,16.7,1.9,39.2
2026-08-06,gfs,4,19.6,16.9,0.1,40
2026-08-06,gfs,5,20.9,17.1,0,29.4
2026-08-06,gfs,6,22.2,16.4,1,30.2
2026-08-06,gfs,7,25.9,14.7,0,23
2026-08-06,icon,1,19.3,17.1,0.6,42.4
2026-08-06,icon,2,19.3,16.1,0.1,37.3
2026-08-06,icon,3,19.2,16.6,0.8,36.9
2026-08-06,icon,4,19.6,16.5,0,39.5
2026-08-06,icon,5,19.7,15.8,0,43.9
2026-08-06,icon,6,23.4,17.2,0,34.9
2026-08-06,ukmo,1,20,17.2,0.4,44.6
2026-08-06,ukmo,2,20.7,17.7,1,47.2
2026-08-06,ukmo,3,20.7,18,1.4,47.9
2026-08-06,ukmo,4,20.4,17.7,2.4,49
2026-08-06,ukmo,5,20.2,17.6,12,41.8
2026-08-06,ukmo,6,20.9,19.5,0,26.3
2026-08-07,arpege,1,18.3,16.8,0,
2026-08-07,arpege,2,19.9,16.4,0,
2026-08-07,arpege,3,19.2,16.2,0,
2026-08-07,ecmwf,1,18.3,16.6,0.3,38
2026-08-07,ecmwf,2,18.1,16.3,0.3,37.9
2026-08-07,ecmwf,3,17.9,16.4,0.9,34.2
2026-08-07,ecmwf,4,17.6,16.3,0.6,38.6
2026-08-07,ecmwf,5,18.1,16.4,2.4,37.3
2026-08-07,ecmwf,6,17.5,16.5,0.3,44.2
2026-08-07,ecmwf,7,21.7,16.4,3.3,23.2
2026-08-07,gem,1,18.2,14.7,0.7,31.3
2026-08-07,gem,2,18.5,14.4,0.6,30.2
2026-08-07,gem,3,17.1,15.8,1.5,41
2026-08-07,gem,4,16.9,16.4,1,38.5
2026-08-07,gem,5,16.8,15.7,0.6,33.8
2026-08-07,gem,6,17.8,16.1,0.6,31.3
2026-08-07,gem,7,19.4,17.6,3.3,22.7
2026-08-07,gfs,1,17.8,15.2,0.3,29
2026-08-07,gfs,2,17.6,15.5,0.3,33.3
2026-08-07,gfs,3,18,15.5,0.1,32.9
2026-08-07,gfs,4,17.7,15.8,0.4,28.2
2026-08-07,gfs,5,18,15.9,0.2,28.9
2026-08-07,gfs,6,18.1,15.7,0.2,33.2
2026-08-07,gfs,7,17.5,15.1,1,35.6
2026-08-07,icon,1,18.9,15.7,0.1,30.1
2026-08-07,icon,2,18.4,15.9,0.1,25.9
2026-08-07,icon,3,18.6,15.5,0,24.9
2026-08-07,icon,4,17.8,15.7,0,25
2026-08-07,icon,5,17.3,15.4,0,26.6
2026-08-07,icon,6,19.9,16,0,34.5
2026-08-07,ukmo,1,18,16.2,1.5,33.8
2026-08-07,ukmo,2,18.2,17,0.2,40.7
2026-08-07,ukmo,3,18,16.8,0.9,40
2026-08-07,ukmo,4,17.8,16.7,0.8,40
2026-08-07,ukmo,5,17.8,17,0.2,41
2026-08-07,ukmo,6,19.6,17,0,25.2
2026-08-08,arpege,1,20.5,16.4,0,16.2
2026-08-08,arpege,2,21.6,15.5,0.1,
2026-08-08,arpege,3,22.7,15.4,0,
2026-08-08,ecmwf,1,19,17.4,0,20.6
2026-08-08,ecmwf,2,19.1,17.4,0,19.5
2026-08-08,ecmwf,3,19.1,17.7,0,17
2026-08-08,ecmwf,4,21.1,17.1,0,27.8
2026-08-08,ecmwf,5,18.9,16.2,0.3,23.1
2026-08-08,ecmwf,6,20.2,16.1,2.1,20.4
2026-08-08,ecmwf,7,18.8,16.2,1.8,37.7
2026-08-08,gem,1,20.7,13.8,0,15.8
2026-08-08,gem,2,21,13.7,0,15.5
2026-08-08,gem,3,19.3,16.6,0,18
2026-08-08,gem,4,20.4,16.5,0,22
2026-08-08,gem,5,20.3,16.3,0,24.1
2026-08-08,gem,6,18.8,17.5,0,28.4
2026-08-08,gem,7,19.8,17.3,0,35.6
2026-08-08,gfs,1,20.1,15.4,0,16.3
2026-08-08,gfs,2,19.8,15.3,0,17.8
2026-08-08,gfs,3,19.9,14.5,0,14.8
2026-08-08,gfs,4,20,15.6,0,18.4
2026-08-08,gfs,5,19.7,15.5,0,21.7
2026-08-08,gfs,6,20,14.3,0,29.3
2026-08-08,gfs,7,18.3,14.7,1.5,37.2
2026-08-08,icon,1,20.8,15.7,0,18
2026-08-08,icon,2,21.1,16.9,0,11.8
2026-08-08,icon,3,20.8,16.5,0,16.3
2026-08-08,icon,4,22.8,15.5,0,19.1
2026-08-08,icon,5,19.9,15.7,0.6,32.2
2026-08-08,icon,6,17.5,14.6,11.7,33.3
2026-08-08,ukmo,1,19,17.4,0,16.6
2026-08-08,ukmo,2,18.9,18.1,0,20.9
2026-08-08,ukmo,3,19.1,17.7,0,22
2026-08-08,ukmo,4,19.4,17.4,0.3,21.6
2026-08-08,ukmo,5,19.8,17.3,6.4,34.9
2026-08-08,ukmo,6,18.3,17.3,8.6,25.2
2026-08-09,arpege,1,22.8,13.8,0,18.1
2026-08-09,arpege,2,24.5,17.7,0,19.7
2026-08-09,arpege,3,23.2,18.2,0,
2026-08-09,ecmwf,1,21.3,18.1,0,25.7
2026-08-09,ecmwf,2,20.7,18.5,0,24.2
2026-08-09,ecmwf,3,20.7,18.9,0,25.4
2026-08-09,ecmwf,4,20.7,18.8,0,29.3
2026-08-09,ecmwf,5,22.5,17.8,0.3,27.5
2026-08-09,ecmwf,6,20.8,19.6,0,19.5
2026-08-09,ecmwf,7,21.1,16.9,0.9,22.9
2026-08-09,gem,1,24.8,13.6,0,19.4
2026-08-09,gem,2,24.1,14,0,22
2026-08-09,gem,3,21.1,17.2,0,27
2026-08-09,gem,4,20.8,16.7,0,27.4
2026-08-09,gem,5,21.4,17.2,0,30.6
2026-08-09,gem,6,23.9,18.1,0.2,49
2026-08-09,gem,7,20.5,16.4,0.3,28.1
2026-08-09,gfs,1,23.8,15.4,0,20.2
2026-08-09,gfs,2,23.9,16.4,0,21.6
2026-08-09,gfs,3,24.6,15.8,0,21.6
2026-08-09,gfs,4,25.2,15.8,0,20.2
2026-08-09,gfs,5,24.2,17.1,0,19.1
2026-08-09,gfs,6,21.1,17.4,0,30.6
2026-08-09,gfs,7,19.9,13.6,0,27.1
2026-08-09,icon,1,22,15.2,0,17.7
2026-08-09,icon,2,22,17.2,0,17.9
2026-08-09,icon,3,22.9,16.8,0,18.2
2026-08-09,icon,4,24.7,17.6,0,21.1
2026-08-09,icon,5,24.4,16.4,0.8,20.4
2026-08-09,icon,6,24.6,16.1,2.1,32.1
2026-08-09,ukmo,1,20.6,15.8,0,24.8
2026-08-09,ukmo,2,20.2,18.3,0,26.6
2026-08-09,ukmo,3,20.7,18.5,0,26.3
2026-08-09,ukmo,4,21.6,17.4,0,33.8
2026-08-09,ukmo,5,20.4,17.7,0.3,32.8
2026-08-09,ukmo,6,20.2,17.7,11.8,39.6
2026-08-10,arpege,1,19.9,16,4.8,38
2026-08-10,arpege,2,19.4,16,6.4,34.1
2026-08-10,arpege,3,20.2,15.7,0.8,32.6
2026-08-10,ecmwf,1,20.9,16.9,1.8,40
2026-08-10,ecmwf,2,20.7,16.7,5.1,37
2026-08-10,ecmwf,3,20.4,16.8,9.6,41.5
2026-08-10,ecmwf,4,20.4,17.1,2.7,34
2026-08-10,ecmwf,5,21,17.4,2.7,46.3
2026-08-10,ecmwf,6,21.7,18,0.3,30.1
2026-08-10,ecmwf,7,21,17.8,1.2,34.4
2026-08-10,gem,1,18.6,15.6,4.3,32.4
2026-08-10,gem,2,18.4,15.4,3.6,32
2026-08-10,gem,3,19.4,17.1,0.4,25.2
2026-08-10,gem,4,19.7,16.3,10,29.2
2026-08-10,gem,5,20.3,16.9,1.3,56.2
2026-08-10,gem,6,19.3,16.2,2.8,40.3
2026-08-10,gem,7,17.7,15,1.2,27.4
2026-08-10,gfs,1,19.7,15.7,5.5,33.1
2026-08-10,gfs,2,18.9,15.9,4.6,34.4
2026-08-10,gfs,3,18.7,15.4,0.2,29.8
2026-08-10,gfs,4,21.3,16,0,27.4
2026-08-10,gfs,5,27,17.1,0,21.7
2026-08-10,gfs,6,24.5,16.2,0,32.9
2026-08-10,gfs,7,20.9,15.8,0.1,29.7
2026-08-10,icon,1,19.8,16.4,4.3,30
2026-08-10,icon,2,20.2,16,5.1,26.3
2026-08-10,icon,3,20.5,15.8,3.3,25.6
2026-08-10,icon,4,21,16.2,5.2,26
2026-08-10,icon,5,20,16.7,0.9,32
2026-08-10,icon,6,18.6,16.2,9.8,41.7
2026-08-10,ukmo,1,20.6,16.8,5.4,35.6
2026-08-10,ukmo,2,20.2,17.2,4.9,36
2026-08-10,ukmo,3,20.8,17.2,4.7,37.4
2026-08-10,ukmo,4,21.3,17.2,1.6,36.4
2026-08-10,ukmo,5,20,18,6.2,31
2026-08-10,ukmo,6,20.4,17.6,1.1,40.3
2026-08-11,arpege,1,17.3,15.1,0,40.7
2026-08-11,arpege,2,18.3,15.6,0,35.8
2026-08-11,arpege,3,18.1,15,0,33.8
2026-08-11,ecmwf,1,16.7,16,0,40.9
2026-08-11,ecmwf,2,16.6,15.9,0,39.8
2026-08-11,ecmwf,3,16.7,15.7,0,41.1
2026-08-11,ecmwf,4,17.1,16.1,0,37.4
2026-08-11,ecmwf,5,17.3,16.1,0.9,35.6
2026-08-11,ecmwf,6,17.9,16.6,0.3,34.4
2026-08-11,ecmwf,7,20.5,17.7,0,32.1
2026-08-11,gem,1,18.1,13.2,1,32.8
2026-08-11,gem,2,18.1,13.2,0,29.9
2026-08-11,gem,3,17.1,15.6,0.6,36.4
2026-08-11,gem,4,16.9,15.9,0.3,32.8
2026-08-11,gem,5,16.7,15.1,1.1,44.6
2026-08-11,gem,6,16.6,15.6,0.2,44.6
2026-08-11,gem,7,16.4,14.5,1.6,29.2
2026-08-11,gfs,1,17.1,14.4,0.1,33.4
2026-08-11,gfs,2,17.2,14.3,0.6,35
2026-08-11,gfs,3,17.4,14.2,0.5,32.3
2026-08-11,gfs,4,17.1,14.4,0.4,30.3
2026-08-11,gfs,5,18.2,14.8,0,22.6
2026-08-11,gfs,6,21.2,15.5,0,30.1
2026-08-11,gfs,7,18,15,0.4,33.2
2026-08-11,icon,1,17.5,14.6,0,32.4
2026-08-11,icon,2,17.2,15.1,0,25.6
2026-08-11,icon,3,16.9,14.8,0,25.5
2026-08-11,icon,4,17.6,15.1,0,25.8
2026-08-11,icon,5,18.3,15.5,0,23.7
2026-08-11,icon,6,19.9,15.3,0,24.6
2026-08-11,ukmo,1,16.7,15.4,0.2,37.4
2026-08-11,ukmo,2,17,15.8,0,41
2026-08-11,ukmo,3,17.1,15.6,0,38.9
2026-08-11,ukmo,4,17,16.2,0,36.4
2026-08-11,ukmo,5,18,15.8,0.1,44.6
2026-08-11,ukmo,6,19,16.7,0,33.1
2026-08-12,arpege,1,20.8,9.9,0,17
2026-08-12,arpege,2,20.8,13,0,15.5
2026-08-12,arpege,3,20.4,13.7,0,17.2
2026-08-12,ecmwf,1,18.9,15.9,0,21.9
2026-08-12,ecmwf,2,18.7,15.9,0,16.3
2026-08-12,ecmwf,3,18.1,16.1,0,19
2026-08-12,ecmwf,4,18,16.1,0,21.4
2026-08-12,ecmwf,5,17.9,16.3,0,25.2
2026-08-12,ecmwf,6,20.1,16.2,0,16.6
2026-08-12,ecmwf,7,20.8,17.7,0,20.4
2026-08-12,gem,1,21.9,10.1,0,17.3
2026-08-12,gem,2,21.5,10.4,0,11.9
2026-08-12,gem,3,18.6,15.3,0,16.9
2026-08-12,gem,4,18.4,15.5,0,17.6
2026-08-12,gem,5,19.1,15.6,0,19.1
2026-08-12,gem,6,19.6,15.5,0,29.2
2026-08-12,gem,7,19.4,14.5,0.4,28.1
2026-08-12,gfs,1,19,13,0,15.5
2026-08-12,gfs,2,19.3,12.3,0,14.2
2026-08-12,gfs,3,19.3,13.3,0,13.4
2026-08-12,gfs,4,19.2,13.3,0,15.9
2026-08-12,gfs,5,18.3,11.7,0,16.9
2026-08-12,gfs,6,22.3,11.3,0,16.6
2026-08-12,gfs,7,24.3,14.1,0,28.6
2026-08-12,icon,1,19.9,11.4,0,13.9
2026-08-12,icon,2,20.3,13.7,0,13.3
2026-08-12,icon,3,20.9,13.8,0,13.4
2026-08-12,icon,4,21.7,14.3,0,15.4
2026-08-12,icon,5,22.7,12.8,0,19.5
2026-08-12,icon,6,23.9,13.5,0,22.5
2026-08-12,ukmo,1,18.5,15.5,0,16.6
2026-08-12,ukmo,2,18.9,15.2,0,19.1
2026-08-12,ukmo,3,18.8,14.4,0,21.6
2026-08-12,ukmo,4,20.2,15.3,0,27.7
2026-08-12,ukmo,5,19.7,15.2,0,17.3
2026-08-12,ukmo,6,18.4,15.3,0,28.1
2026-08-13,arpege,1,28.4,12.6,0,19.7
2026-08-13,arpege,2,27,15.7,0,16.3
2026-08-13,arpege,3,27.7,15.8,0,17.8
2026-08-13,ecmwf,1,22.6,17.4,0,23
2026-08-13,ecmwf,2,22.8,16.5,0,23.1
2026-08-13,ecmwf,3,23,17,0,23.6
2026-08-13,ecmwf,4,21.9,16.7,0,22.2
2026-08-13,ecmwf,5,22.5,15.8,0,25.9
2026-08-13,ecmwf,6,21,15.5,0,21.2
2026-08-13,ecmwf,7,23.5,17.6,0,30.9
2026-08-13,gem,1,27.3,13.3,0,17.6
2026-08-13,gem,2,27.1,13.5,0,18.4
2026-08-13,gem,3,23.5,17.5,0,22.7
2026-08-13,gem,4,23.6,17.1,0,25.2
2026-08-13,gem,5,23,16.5,0,24.5
2026-08-13,gem,6,23.3,15.7,0,20.9
2026-08-13,gem,7,23.9,14.8,0,18.7
2026-08-13,gfs,1,26.4,15.5,0,18.7
2026-08-13,gfs,2,26.3,15.7,0,17.6
2026-08-13,gfs,3,26,15.2,0,19.3
2026-08-13,gfs,4,25.3,15,0,18.7
2026-08-13,gfs,5,25.8,14.2,0,18.3
2026-08-13,gfs,6,25,14.9,0,17.9
2026-08-13,gfs,7,28,16.5,0,23.8
2026-08-13,icon,1,27.3,14.1,0,15.3
2026-08-13,icon,2,27.1,15.3,0,15.8
2026-08-13,icon,3,26.9,15.5,0,15.5
2026-08-13,icon,4,27.4,15.2,0,19.1
2026-08-13,icon,5,28,14,0,22.7
2026-08-13,icon,6,27.4,14.9,0,20.2
2026-08-13,ukmo,1,23.5,15.5,0,18.4
2026-08-13,ukmo,2,22.7,16.6,0,22.7
2026-08-13,ukmo,3,23,15.7,0,22.3
2026-08-13,ukmo,4,22.2,15.8,0,28.4
2026-08-13,ukmo,5,21.9,16.1,0,27.7
2026-08-13,ukmo,6,23.6,15.6,0,27.7
2026-08-14,arpege,1,29.1,18.8,0,24.8
2026-08-14,arpege,2,29.1,18.4,0,20.7
2026-08-14,arpege,3,30.8,19.3,0,25.6
2026-08-14,ecmwf,1,22.2,19.6,0,24.9
2026-08-14,ecmwf,2,22.1,19.7,0,25.7
2026-08-14,ecmwf,3,22.1,19.7,0,24.5
2026-08-14,ecmwf,4,24.2,20,0,23.3
2026-08-14,ecmwf,5,22.8,19.3,0,26.1
2026-08-14,ecmwf,6,22.7,19,0,23.7
2026-08-14,ecmwf,7,22.2,19.2,0,21.7
2026-08-14,gem,1,31.2,18,0,22.7
2026-08-14,gem,2,29.7,17.5,0,22.7
2026-08-14,gem,3,24.3,19.8,0,24.5
2026-08-14,gem,4,24.2,20.7,0,26.6
2026-08-14,gem,5,24,20.3,0,27
2026-08-14,gem,6,23.5,18.9,0,23.8
2026-08-14,gem,7,23.8,19.4,0,23
2026-08-14,gfs,1,28.9,19.1,0,22.3
2026-08-14,gfs,2,29,19.2,0,21.6
2026-08-14,gfs,3,28.8,19.1,0,25
2026-08-14,gfs,4,29.3,18.4,0,26.7
2026-08-14,gfs,5,27.6,17.2,0,19.9
2026-08-14,gfs,6,28.3,18.2,0,23.9
2026-08-14,gfs,7,24.3,18.7,0,31.9
2026-08-14,icon,1,27.9,17.2,0,19
2026-08-14,icon,2,26.8,18.4,0,19.2
2026-08-14,icon,3,27.9,19.2,0,16.3
2026-08-14,icon,4,28.2,18.9,0,20.1
2026-08-14,icon,5,29.5,17.1,0,22.3
2026-08-14,icon,6,27.7,17.2,0,23.7
2026-08-14,ukmo,1,22.7,19.9,0,23.8
2026-08-14,ukmo,2,20.9,19.7,0,28.4
2026-08-14,ukmo,3,21.9,19.6,0,27.4
2026-08-14,ukmo,4,22.1,19.9,0,25.2
2026-08-14,ukmo,5,22.7,19.5,0,14.4
2026-08-14,ukmo,6,22.4,19.5,5.6,26.3
2026-08-15,arpege,1,20.3,17.1,0,32.4
2026-08-15,arpege,2,21.5,17.8,0.1,27.8
2026-08-15,arpege,3,22,17.5,0,22.7
2026-08-15,ecmwf,1,21.2,17.7,0,27
2026-08-15,ecmwf,2,21.6,17.6,0,25.4
2026-08-15,ecmwf,3,21.8,17.8,0,27.1
2026-08-15,ecmwf,4,23.8,17.9,3.3,31.5
2026-08-15,ecmwf,5,21.5,17.6,0,29
2026-08-15,ecmwf,6,21.7,18.3,0,25.9
2026-08-15,ecmwf,7,20.4,18.4,0,31.5
2026-08-15,gem,1,21.4,16.2,0,25.2
2026-08-15,gem,2,21.4,15.6,0.5,30.2
2026-08-15,gem,3,22.8,17.3,0.1,32.4
2026-08-15,gem,4,22.2,18,1.2,28.4
2026-08-15,gem,5,20.3,17.3,2.3,29.5
2026-08-15,gem,6,21,17,0.7,32.4
2026-08-15,gem,7,20.9,17.1,0,36
2026-08-15,gfs,1,20.7,16.8,0,26.3
2026-08-15,gfs,2,21.5,17,0,27.4
2026-08-15,gfs,3,22.7,17,0.7,28.6
2026-08-15,gfs,4,20.3,17,0,24.7
2026-08-15,gfs,5,22.3,17.1,0,25.5
2026-08-15,gfs,6,26.4,16.6,0,31.9
2026-08-15,gfs,7,20.1,16.7,0,37.5
2026-08-15,icon,1,20.5,17.3,0,20.8
2026-08-15,icon,2,20.2,17.1,0.2,21.2
2026-08-15,icon,3,20.5,16.9,0,19.4
2026-08-15,icon,4,19.9,17.6,0,23.8
2026-08-15,icon,5,20.6,17.4,0,27.7
2026-08-15,icon,6,19.9,16.8,0,31.1
2026-08-15,ukmo,1,20.5,18,0,27.4
2026-08-15,ukmo,2,19.5,17.7,0,30.6
2026-08-15,ukmo,3,22,17.6,0,30.2
2026-08-15,ukmo,4,20.3,17.5,0,31.3
2026-08-15,ukmo,5,21.4,18.4,0.2,27.4
2026-08-15,ukmo,6,21.1,16.9,2.4,30.6
2026-08-16,arpege,1,18.9,17,1.5,19.9
2026-08-16,arpege,2,19.9,16,1.6,29
2026-08-16,arpege,3,19.7,16.4,0.1,31.5
2026-08-16,ecmwf,1,17.9,17,0.6,27.6
2026-08-16,ecmwf,2,18.1,17.1,0.6,32.4
2026-08-16,ecmwf,3,18.1,17,1.2,33.3
2026-08-16,ecmwf,4,18.1,17.1,0,29.9
2026-08-16,ecmwf,5,18.8,17.2,0.6,25.1
2026-08-16,ecmwf,6,18.2,17.3,0.3,22.4
2026-08-16,ecmwf,7,18.3,16.3,4.2,28.6
2026-08-16,gem,1,19.6,15.5,0.1,23
2026-08-16,gem,2,19.1,15.5,0.1,24.5
2026-08-16,gem,3,17.6,16.7,0,31.3
2026-08-16,gem,4,17.9,16.1,0.9,27
2026-08-16,gem,5,17.6,16.5,0,27.7
2026-08-16,gem,6,18.4,16.2,0.9,27
2026-08-16,gem,7,17.7,16.6,0,30.2
2026-08-16,gfs,1,18.9,15.5,0,25.8
2026-08-16,gfs,2,18.6,15.9,0,25.8
2026-08-16,gfs,3,18.4,16.1,0,24.8
2026-08-16,gfs,4,18.3,15.8,0.3,27.2
2026-08-16,gfs,5,18.3,16.3,0,26.5
2026-08-16,gfs,6,19.1,16.3,0,26.5
2026-08-16,gfs,7,19.6,16,0,31.7
2026-08-16,icon,1,19.4,16.7,0,22.7
2026-08-16,icon,2,18.7,16.5,0.2,21.6
2026-08-16,icon,3,19.2,16,0,23.6
2026-08-16,icon,4,19,16.7,0,21.9
2026-08-16,icon,5,20,16.2,0.2,24.8
2026-08-16,icon,6,19.1,16.4,0,23
2026-08-16,ukmo,1,18.2,16.1,3,20.2
2026-08-16,ukmo,2,17.8,17.3,0,26.6
2026-08-16,ukmo,3,18,17.4,0,26.3
2026-08-16,ukmo,4,18.2,17.5,0,27
2026-08-16,ukmo,5,18.3,17.4,0.1,25.2
2026-08-16,ukmo,6,18.8,17.9,1,33.5
2026-08-17,arpege,1,18.6,16,0.8,30.1
2026-08-17,arpege,2,18.5,15.8,4.3,31.4
2026-08-17,arpege,3,18.6,15.9,0,34.3
2026-08-17,ecmwf,1,17.5,16.7,2.4,31.8
2026-08-17,ecmwf,2,17.3,16.2,7.5,37
2026-08-17,ecmwf,3,18,16.4,7.2,32.6
2026-08-17,ecmwf,4,17.2,16,1.5,36.7
2026-08-17,ecmwf,5,17.4,16.2,0.9,33.1
2026-08-17,ecmwf,6,18.1,17.4,0,18.5
2026-08-17,ecmwf,7,18.6,17,0.3,28.5
2026-08-17,gem,1,18.2,14.6,3.8,27.7
2026-08-17,gem,2,18.2,14.5,4.9,32.4
2026-08-17,gem,3,17.4,15.9,1.4,33.1
2026-08-17,gem,4,17.3,16.3,0,34.2
2026-08-17,gem,5,17.2,15.9,0,37.4
2026-08-17,gem,6,18.4,15.8,0.3,29.9
2026-08-17,gem,7,19.2,14.7,7.8,26.6
2026-08-17,gfs,1,17.5,15.2,2.2,29.4
2026-08-17,gfs,2,17.4,15.4,3.7,31.3
2026-08-17,gfs,3,17.9,15.5,1.2,29
2026-08-17,gfs,4,17.5,14.8,0.1,28.7
2026-08-17,gfs,5,17.2,14.8,1.9,26.8
2026-08-17,gfs,6,17.4,15.2,1,19.6
2026-08-17,gfs,7,17.3,15,0.4,34.4
2026-08-17,icon,1,17.9,16.2,0.2,23.5
2026-08-17,icon,2,17.8,15.7,4.1,27.3
2026-08-17,icon,3,18.9,15.9,0.9,23.2
2026-08-17,icon,4,18.2,16,0.6,18.3
2026-08-17,icon,5,18.5,15.9,0.6,27.2
2026-08-17,icon,6,17.8,15.3,0.6,23
2026-08-17,ukmo,1,17.6,15.7,4.7,33.8
2026-08-17,ukmo,2,17.5,16,3.8,34.6
2026-08-17,ukmo,3,17.5,16.5,0.9,28.8
2026-08-17,ukmo,4,18.2,16,0.3,36.4
2026-08-17,ukmo,5,18.8,16.3,11.4,43.2
2026-08-17,ukmo,6,18.7,17.7,5.6,53.6
2026-08-18,arpege,1,18.5,15.9,2.9,33.1
2026-08-18,arpege,2,18.6,14.7,4.8,30.9
2026-08-18,arpege,3,19.2,15.9,0,32.3
2026-08-18,ecmwf,1,18.2,16,3.3,31.6
2026-08-18,ecmwf,2,18.9,15.7,7.5,35
2026-08-18,ecmwf,3,18.1,16.1,8.4,35
2026-08-18,ecmwf,4,18.7,16.5,13.8,36.4
2026-08-18,ecmwf,5,19.2,16.4,1.8,35.3
2026-08-18,ecmwf,6,18.4,16.5,14.1,33.6
2026-08-18,ecmwf,7,17.5,16.3,0.9,26.2
2026-08-18,gem,1,16.9,14.4,6.3,21.2
2026-08-18,gem,2,18.4,14.8,2.2,26.6
2026-08-18,gem,3,18.3,15.8,2.1,31
2026-08-18,gem,4,18.6,15.2,9.5,36.7
2026-08-18,gem,5,18.5,15.3,10.6,40.7
2026-08-18,gem,6,18.1,13.7,9.8,46.8
2026-08-18,gem,7,17.8,16.2,0.6,28.4
2026-08-18,gfs,1,17.3,15.5,1.4,24
2026-08-18,gfs,2,16.8,14.8,1.4,27.8
2026-08-18,gfs,3,18,15.1,2.6,26
2026-08-18,gfs,4,18.1,14.8,6.4,29.1
2026-08-18,gfs,5,17.4,14.5,0.6,25
2026-08-18,gfs,6,18.1,14.8,2.1,25.1
2026-08-18,gfs,7,18.2,13.9,1.7,31.9
2026-08-18,icon,1,18.2,15.7,4.3,25.4
2026-08-18,icon,2,18,15.9,4.5,19.6
2026-08-18,icon,3,18.6,15.5,6.5,27.4
2026-08-18,icon,4,19.6,16.8,19.4,25.2
2026-08-18,icon,5,19.6,15.7,6.5,40.1
2026-08-18,icon,6,20.4,15.9,9.8,43.9
2026-08-18,ukmo,1,17.9,15.6,2.5,28.1
2026-08-18,ukmo,2,18.4,16,4.8,31
2026-08-18,ukmo,3,18.5,15.6,17.3,39.2
2026-08-18,ukmo,4,18.3,16.2,14.7,41.8
2026-08-18,ukmo,5,18.6,16.2,19.6,46.4
2026-08-18,ukmo,6,18.5,16.6,11.1,46.4
2026-08-19,arpege,1,18.3,17.1,1.8,36.7
2026-08-19,arpege,2,19.2,16.5,5,37.1
2026-08-19,arpege,3,18.9,17,8.4,33.4
2026-08-19,ecmwf,1,18.3,16.6,7.2,36.6
2026-08-19,ecmwf,2,18.4,16.7,4.2,36.9
2026-08-19,ecmwf,3,18.8,16.9,8.1,34.9
2026-08-19,ecmwf,4,18.9,17.8,3,31.5
2026-08-19,ecmwf,5,18.8,17.8,4.5,47.3
2026-08-19,ecmwf,6,20.3,17.6,3.6,40.3
2026-08-19,ecmwf,7,18.2,16.5,19.2,31.5
2026-08-19,gem,1,19.2,15.5,8.7,29.5
2026-08-19,gem,2,18.7,15.1,5.5,33.1
2026-08-19,gem,3,18,16.3,2.5,31.7
2026-08-19,gem,4,18.4,15.4,2.9,35.6
2026-08-19,gem,5,18.2,17.4,1.4,37.1
2026-08-19,gem,6,17.8,17,11.3,46.1
2026-08-19,gem,7,17.4,16.3,0.8,39.6
2026-08-19,gfs,1,18.4,15.7,6.2,34.6
2026-08-19,gfs,2,18.6,16.3,6.8,34.6
2026-08-19,gfs,3,19.1,16.5,5.5,32.4
2026-08-19,gfs,4,19.7,16.2,13,33.6
2026-08-19,gfs,5,18,15.3,6.1,39.6
2026-08-19,gfs,6,19.3,14.5,2.3,39.3
2026-08-19,gfs,7,18.6,15.9,1.2,54.1
2026-08-19,icon,1,19.1,16.4,2.5,28.1
2026-08-19,icon,2,18.1,16.5,5.9,26.1
2026-08-19,icon,3,18.6,17.3,9.9,27.8
2026-08-19,icon,4,18.8,16.7,7.4,30.6
2026-08-19,icon,5,18.7,16.9,1.2,35.5
2026-08-19,icon,6,18,15.6,0,34.5
2026-08-19,ukmo,1,18.5,17,2,31
2026-08-19,ukmo,2,18.3,16.8,5.4,42.5
2026-08-19,ukmo,3,18.7,17.7,1.3,40.7
2026-08-19,ukmo,4,18.4,17.6,2.9,43.2
2026-08-19,ukmo,5,18.6,17.3,13.6,44.3
2026-08-19,ukmo,6,18.7,16.8,0.6,35.6
2026-08-20,arpege,1,19.7,15.9,3.1,33.4
2026-08-20,arpege,2,19.2,14.6,10.7,29.9
2026-08-20,arpege,3,18.6,15.4,27.4,30.4
2026-08-20,ecmwf,1,18.3,16.3,5.7,29.9
2026-08-20,ecmwf,2,18.2,17.3,4.2,27
2026-08-20,ecmwf,3,18.1,17.5,2.7,25.7
2026-08-20,ecmwf,4,18.2,16.5,7.8,27.4
2026-08-20,ecmwf,5,18.8,16.8,7.2,27
2026-08-20,ecmwf,6,19.5,17.2,2.7,20.1
2026-08-20,ecmwf,7,19.7,17.8,2.7,37.4
2026-08-20,gem,1,19.2,14.1,1.7,24.1
2026-08-20,gem,2,19.2,14.9,10.5,23.4
2026-08-20,gem,3,18.1,15.4,4.2,25.2
2026-08-20,gem,4,17.7,15.8,10.6,27
2026-08-20,gem,5,17.9,16.3,4.5,40.3
2026-08-20,gem,6,20,15.6,3.9,25.9
2026-08-20,gem,7,18.8,16.1,1.7,41.4
2026-08-20,gfs,1,20,15.7,3.9,26.3
2026-08-20,gfs,2,19.8,16,5.6,27.5
2026-08-20,gfs,3,19.1,15.7,6.9,26.9
2026-08-20,gfs,4,20.4,15.7,4.1,27
2026-08-20,gfs,5,19.6,16.3,2.7,29.3
2026-08-20,gfs,6,18.1,15.2,3.1,33.1
2026-08-20,gfs,7,22.4,14.5,2.5,52.8
2026-08-20,icon,1,19.3,15.1,1.7,20.5
2026-08-20,icon,2,18.5,16.5,13.7,26.8
2026-08-20,icon,3,19,16.2,11.9,22.4
2026-08-20,icon,4,18.7,16.5,8.5,22.8
2026-08-20,icon,5,19.4,15.7,1.9,32.9
2026-08-20,icon,6,18.9,15.3,0.2,35.5
2026-08-20,ukmo,1,18.3,14.9,13.9,28.4
2026-08-20,ukmo,2,18.8,17.2,6.4,41.8
2026-08-20,ukmo,3,18.3,17.2,5.9,28.4
2026-08-20,ukmo,4,19.3,16.8,6.8,32.8
2026-08-20,ukmo,5,18.9,16.3,0.9,40
2026-08-20,ukmo,6,18.2,16.2,29.1,43.9
2026-08-21,arpege,1,18.2,15.6,6.4,32.3
2026-08-21,arpege,2,18.4,15.5,6.7,21.7
2026-08-21,arpege,3,18.3,14.4,3.6,21.8
2026-08-21,ecmwf,1,17.7,16.3,6,23.1
2026-08-21,ecmwf,2,17.7,16.2,8.4,25.3
2026-08-21,ecmwf,3,17.8,16,5.7,24.6
2026-08-21,ecmwf,4,18,16.6,6.3,27.4
2026-08-21,ecmwf,5,18.4,17.1,0.6,32.1
2026-08-21,ecmwf,6,18.4,16.8,11.4,35.2
2026-08-21,ecmwf,7,19.2,17.6,1.2,34
2026-08-21,gem,1,18.5,14.7,4.2,21.2
2026-08-21,gem,2,18.5,15,3.3,24.8
2026-08-21,gem,3,17.4,16.2,0.9,26.3
2026-08-21,gem,4,16.9,16.1,0.3,24.8
2026-08-21,gem,5,17.1,15.4,13.2,23.4
2026-08-21,gem,6,17.4,15.7,4.9,29.5
2026-08-21,gem,7,17.5,15.3,5.8,26.3
2026-08-21,gfs,1,18,15.9,5.6,24.8
2026-08-21,gfs,2,18.1,15.4,3.5,20.7
2026-08-21,gfs,3,18,15.1,0.2,24
2026-08-21,gfs,4,17.8,14.6,4.4,21.9
2026-08-21,gfs,5,17.9,15.4,9.6,28.5
2026-08-21,gfs,6,19,15,4.5,32
2026-08-21,gfs,7,17.9,13.9,1.8,27.6
2026-08-21,icon,1,18.6,13.5,6.8,19.8
2026-08-21,icon,2,18.7,15.7,2.5,17.1
2026-08-21,icon,3,18.5,16,1.6,17.3
2026-08-21,icon,4,18.9,16.2,4.7,18.5
2026-08-21,icon,5,20.4,15.6,1.5,21.6
2026-08-21,icon,6,20.7,14,0,14.7
2026-08-21,ukmo,1,18.1,16.4,10.5,28.4
2026-08-21,ukmo,2,17.6,16.8,3,32
2026-08-21,ukmo,3,18.3,16.4,7.7,24.5
2026-08-21,ukmo,4,18.3,16.2,29.5,29.9
2026-08-21,ukmo,5,19.5,15,9,33.8
2026-08-21,ukmo,6,18.4,16.1,1.3,27.7
2026-08-22,arpege,1,18,15.2,1.6,41.8
2026-08-22,arpege,2,17.7,15.2,2.4,36.9
2026-08-22,arpege,3,17.8,15.1,5.3,35.4
2026-08-22,ecmwf,1,17,15.8,4.2,44.5
2026-08-22,ecmwf,2,17.2,16,3.9,43.5
2026-08-22,ecmwf,3,16.9,15.6,3.6,43.6
2026-08-22,ecmwf,4,16.5,15.9,1.8,36.1
2026-08-22,ecmwf,5,17.7,15.9,0.9,30.1
2026-08-22,ecmwf,6,17.7,16.1,3.9,36.1
2026-08-22,ecmwf,7,17.4,15.8,3,32.4
2026-08-22,gem,1,17.7,14.3,2.9,40
2026-08-22,gem,2,17.1,14.2,3,36.7
2026-08-22,gem,3,16.8,15,2.2,33.5
2026-08-22,gem,4,16.4,15.3,0.2,32
2026-08-22,gem,5,16,15.4,0,27
2026-08-22,gem,6,16.5,15.4,0.4,27
2026-08-22,gem,7,17,14.9,2.3,27
2026-08-22,gfs,1,17.3,15.1,2.8,36.4
2026-08-22,gfs,2,16.9,15.4,2.2,36.3
2026-08-22,gfs,3,17,14.9,0.4,37.6
2026-08-22,gfs,4,17.8,14.2,0.9,26.6
2026-08-22,gfs,5,17.1,14.1,0.6,24.5
2026-08-22,gfs,6,17.2,14.5,0.9,31.7
2026-08-22,gfs,7,16.7,14.8,0.5,29.1
2026-08-22,icon,1,17,14.9,0.6,31.9
2026-08-22,icon,2,16.8,14.8,0.4,24.8
2026-08-22,icon,3,17.3,14.6,0,24.5
2026-08-22,icon,4,17.5,15.5,0,21.5
2026-08-22,icon,5,17.4,14.7,1.8,29.1
2026-08-22,icon,6,18.1,15.6,0,36.9
2026-08-22,ukmo,1,17.4,14.9,4.7,43.2
2026-08-22,ukmo,2,17.1,15.5,4.5,41.8
2026-08-22,ukmo,3,17.5,16,3.8,37.1
2026-08-22,ukmo,4,16.6,16.1,1.2,34.9
2026-08-22,ukmo,5,17.6,15.6,3.6,35.6
2026-08-22,ukmo,6,16.6,15.9,1.2,43.2
2026-08-23,arpege,1,18,15.5,3.7,45.2
2026-08-23,arpege,2,18.1,15.7,1.8,41.3
2026-08-23,arpege,3,18.6,15.6,0,36.9
2026-08-23,ecmwf,1,16.4,15.8,2.4,43.6
2026-08-23,ecmwf,2,17,15.7,3,43.8
2026-08-23,ecmwf,3,16.7,16,2.4,44.4
2026-08-23,ecmwf,4,17.3,16,3,39.3
2026-08-23,ecmwf,5,16.8,16.2,1.2,33.8
2026-08-23,ecmwf,6,16.8,15.7,0,35.4
2026-08-23,ecmwf,7,17.5,16.9,4.5,32.8
2026-08-23,gem,1,16.3,14,0.5,35.6
2026-08-23,gem,2,17.7,14.3,0,36.7
2026-08-23,gem,3,16.3,15.2,0.9,42.1
2026-08-23,gem,4,16.7,15.3,0.6,35.6
2026-08-23,gem,5,16.1,15.1,0,28.8
2026-08-23,gem,6,16.5,15.3,0.9,31.3
2026-08-23,gem,7,16.6,15,0.4,30.6
2026-08-23,gfs,1,17,15,2,35.4
2026-08-23,gfs,2,16.6,14.8,2.5,38.5
2026-08-23,gfs,3,16.7,14.9,1,36.5
2026-08-23,gfs,4,17.2,14.5,1.9,34.6
2026-08-23,gfs,5,18.1,14,1.4,26.9
2026-08-23,gfs,6,17.8,14.5,1.7,30.6
2026-08-23,gfs,7,17.7,14.5,1.5,30.2
2026-08-23,icon,1,17.2,15.4,3.6,33.4
2026-08-23,icon,2,17.9,14.8,0.1,26.6
2026-08-23,icon,3,17.7,14.9,0,28.6
2026-08-23,icon,4,17.3,14.9,0,24.1
2026-08-23,icon,5,17.9,14.2,0,24.6
2026-08-23,icon,6,17.6,13.8,0,22.3
2026-08-23,ukmo,1,16.7,15.5,1,39.2
2026-08-23,ukmo,2,16.9,15.3,0,43.2
2026-08-23,ukmo,3,16.9,15.7,0,42.8
2026-08-23,ukmo,4,17.2,15.9,0.2,37.4
2026-08-23,ukmo,5,16.7,15.4,1.5,34.9
2026-08-23,ukmo,6,16.6,15.9,0.6,34.9
2026-08-24,arpege,1,18.4,13.6,0,28.2
2026-08-24,arpege,2,19.5,15.5,0,25.9
2026-08-24,arpege,3,20,15.5,0,25
2026-08-24,ecmwf,1,17.3,16.2,0,26.1
2026-08-24,ecmwf,2,17.1,15.9,0,31.1
2026-08-24,ecmwf,3,17,16.2,0,31.7
2026-08-24,ecmwf,4,17.4,16.7,0.6,26.8
2026-08-24,ecmwf,5,17.2,16.4,1.5,21.7
2026-08-24,ecmwf,6,17.2,16.1,0.9,21.7
2026-08-24,ecmwf,7,16.9,15.8,1.2,24.8
2026-08-24,gem,1,19,13.3,0,21.6
2026-08-24,gem,2,18.6,12.9,0.2,22.3
2026-08-24,gem,3,17.1,15.9,0.2,27.7
2026-08-24,gem,4,16.9,15.8,0.3,25.9
2026-08-24,gem,5,17.3,14.9,1.1,23
2026-08-24,gem,6,16.4,14.4,0.3,21.2
2026-08-24,gem,7,17.4,15.3,1.4,26.3
2026-08-24,gfs,1,18.3,15,0,22.7
2026-08-24,gfs,2,18.2,14.8,0,24.5
2026-08-24,gfs,3,18.2,14.8,0.3,24.8
2026-08-24,gfs,4,18.2,14.9,0.2,28.2
2026-08-24,gfs,5,18.2,14.4,0,20.2
2026-08-24,gfs,6,17.7,13.2,0.1,17.3
2026-08-24,gfs,7,17.4,14.6,0,26.7
2026-08-24,icon,1,19.1,13.5,0,20.5
2026-08-24,icon,2,19.3,15,0,15.1
2026-08-24,icon,3,19.3,16,0,13
2026-08-24,icon,4,18.9,16.2,0,12.6
2026-08-24,icon,5,20.2,13.7,0,18.6
2026-08-24,icon,6,20.7,11.5,0,21.3
2026-08-24,ukmo,1,17.1,16.1,0,27.4
2026-08-24,ukmo,2,17.3,16.5,0,32.8
2026-08-24,ukmo,3,17.2,16.7,0,29.9
2026-08-24,ukmo,4,17.5,16.8,0.4,25.9
2026-08-24,ukmo,5,19.3,16.6,0,35.6
2026-08-24,ukmo,6,19.5,14.3,0,29.2
2026-08-25,arpege,1,23,10.4,0,24.9
2026-08-25,arpege,2,22.9,12.2,0,25.3
2026-08-25,arpege,3,23.7,12.7,0,27.2
2026-08-25,ecmwf,1,20.3,14.9,0,27.1
2026-08-25,ecmwf,2,20.5,15,0,28.7
2026-08-25,ecmwf,3,20.5,14.8,0,29.8
2026-08-25,ecmwf,4,20.7,14.6,0,30.1
2026-08-25,ecmwf,5,20.3,15.3,0,28.8
2026-08-25,ecmwf,6,21,15.6,0,31.5
2026-08-25,ecmwf,7,20.6,15.1,0.6,37.2
2026-08-25,gem,1,22.9,10.4,0,23.4
2026-08-25,gem,2,23.6,10.3,0,25.2
2026-08-25,gem,3,20.7,14.2,0,28.4
2026-08-25,gem,4,21.3,14.2,0,34.9
2026-08-25,gem,5,21,14.1,0,27.4
2026-08-25,gem,6,21,14.7,0,35.6
2026-08-25,gem,7,19.3,15.3,0,27.4
2026-08-25,gfs,1,22.7,12.3,0,24.5
2026-08-25,gfs,2,23.3,12.8,0,24.2
2026-08-25,gfs,3,23.4,12.5,0,25.1
2026-08-25,gfs,4,23.7,11.7,0,25.4
2026-08-25,gfs,5,23.4,13.4,0,24.9
2026-08-25,gfs,6,23.9,13,0,28.1
2026-08-25,gfs,7,19.5,13.7,0.2,34.1
2026-08-25,icon,1,22.2,10.6,0,21.6
2026-08-25,icon,2,22.3,13.3,0,22.3
2026-08-25,icon,3,23,13.7,0,22.8
2026-08-25,icon,4,23.3,13.9,0,19.7
2026-08-25,icon,5,23.2,13.4,0,25.9
2026-08-25,icon,6,21.5,14.2,0,31.3
2026-08-25,ukmo,1,20.6,12.6,0,22.3
2026-08-25,ukmo,2,20.5,14.3,0,28.4
2026-08-25,ukmo,3,20.7,14.3,0,32
2026-08-25,ukmo,4,21.1,14.4,0,32.8
2026-08-25,ukmo,5,21.6,14.6,0,36
2026-08-25,ukmo,6,20.7,15.1,0.6,33.1
2026-08-26,arpege,1,24.3,13,0,31.7
2026-08-26,arpege,2,24,14.5,0,32.5
2026-08-26,arpege,3,23.7,15.1,0,35.2
2026-08-26,ecmwf,1,21.2,16.1,0,33.4
2026-08-26,ecmwf,2,21,16.2,0.3,33.3
2026-08-26,ecmwf,3,21.6,16.4,0,34.6
2026-08-26,ecmwf,4,21.8,16,0.6,29.3
2026-08-26,ecmwf,5,21.7,16.3,0,33.5
2026-08-26,ecmwf,6,21.1,17.3,0,32.9
2026-08-26,ecmwf,7,22.4,16.4,2.7,30.8
2026-08-26,gem,1,24.4,12.7,0,32.4
2026-08-26,gem,2,23.7,14.2,0,32.8
2026-08-26,gem,3,21.4,16.5,0.1,34.6
2026-08-26,gem,4,21.6,16,0,36.4
2026-08-26,gem,5,22.5,16.3,0,33.5
2026-08-26,gem,6,21.8,17.7,0,30.6
2026-08-26,gem,7,21.6,15.9,0,27.7
2026-08-26,gfs,1,23.9,13.9,0,32.8
2026-08-26,gfs,2,23.7,14,0,35.9
2026-08-26,gfs,3,23,14.9,0.3,35.6
2026-08-26,gfs,4,24.2,15.4,0,33.2
2026-08-26,gfs,5,25,16,0.6,29.7
2026-08-26,gfs,6,24.7,15.6,0,29.5
2026-08-26,gfs,7,24.1,15.9,0,34
2026-08-26,icon,1,24,12.5,0,29
2026-08-26,icon,2,22.9,14.5,0,27.5
2026-08-26,icon,3,22.7,14.9,0,30.2
2026-08-26,icon,4,23.3,15.3,0,29.6
2026-08-26,icon,5,24,14.5,0,29.6
2026-08-26,icon,6,25.8,14.8,0,28.8
2026-08-26,ukmo,1,21.9,14.4,0,30.6
2026-08-26,ukmo,2,21.1,15.7,0,33.1
2026-08-26,ukmo,3,21,15.4,0,34.9
2026-08-26,ukmo,4,21.5,16.2,0,32.8
2026-08-26,ukmo,5,22.1,16,0.2,33.1
2026-08-26,ukmo,6,21.2,18,0.4,33.5
2026-08-27,arpege,1,26,15.7,0.1,35.1
2026-08-27,arpege,2,26.2,15.8,0,31.3
2026-08-27,arpege,3,25.2,17.1,2.5,33.2
2026-08-27,ecmwf,1,22.4,16.8,0,40.4
2026-08-27,ecmwf,2,22.7,16.9,0.3,32.2
2026-08-27,ecmwf,3,21.8,17.4,1.2,31.1
2026-08-27,ecmwf,4,22,17.3,0,31.7
2026-08-27,ecmwf,5,21.7,17.8,0,32.8
2026-08-27,ecmwf,6,20.7,18.1,3.3,26.4
2026-08-27,ecmwf,7,21.4,19.2,6.6,30
2026-08-27,gem,1,26.3,16,0,36
2026-08-27,gem,2,26.3,15.5,0,33.1
2026-08-27,gem,3,21.7,17.9,0,37.8
2026-08-27,gem,4,22.9,18,0,36.7
2026-08-27,gem,5,22.7,19.6,0,36.7
2026-08-27,gem,6,23.5,19.4,4.2,36.7
2026-08-27,gem,7,25.1,19,0,29.9
2026-08-27,gfs,1,25.3,16.4,0.5,32.4
2026-08-27,gfs,2,25.4,14.8,3.6,31.6
2026-08-27,gfs,3,25.6,17.7,0.1,32.7
2026-08-27,gfs,4,25.2,16.7,2.1,24.4
2026-08-27,gfs,5,26.3,15.9,0.8,27.1
2026-08-27,gfs,6,25.2,18.5,1.1,30.6
2026-08-27,gfs,7,24.8,17.9,4.5,33
2026-08-27,icon,1,25.8,15.8,0,31.1
2026-08-27,icon,2,24.4,15,0,26.3
2026-08-27,icon,3,23.7,15.6,0,29.3
2026-08-27,icon,4,23.4,15.3,0,32.5
2026-08-27,icon,5,23.8,16.1,0,35.3
2026-08-27,icon,6,24.5,17.8,0.2,29.2
2026-08-27,ukmo,1,23,15.8,0,29.9
2026-08-27,ukmo,2,22.5,16.9,3.2,34.6
2026-08-27,ukmo,3,21.9,16.8,1.5,34.9
2026-08-27,ukmo,4,21.5,17.2,1.4,33.8
2026-08-27,ukmo,5,21.9,16.9,2.7,32
2026-08-27,ukmo,6,21.7,18.1,1.8,32.8
2026-08-28,arpege,1,21.3,16.7,20.4,37
2026-08-28,arpege,2,22,16.9,6.4,27.9
2026-08-28,arpege,3,21.7,16.9,12.1,32.9
2026-08-28,ecmwf,1,21.3,18.6,5.1,37.7
2026-08-28,ecmwf,2,20.6,17.8,18,37.5
2026-08-28,ecmwf,3,20.3,18.4,26.7,34.7
2026-08-28,ecmwf,4,20.9,18.2,13.5,31
2026-08-28,ecmwf,5,20.5,18.5,51.6,36.9
2026-08-28,ecmwf,6,20,18.4,23.7,43.2
2026-08-28,ecmwf,7,19.4,18.1,13.5,31.8
2026-08-28,gem,1,21.9,17.3,2.4,33.8
2026-08-28,gem,2,21.8,16.7,3.3,31.7
2026-08-28,gem,3,20.5,16.7,9.9,36.4
2026-08-28,gem,4,21.8,18.1,14.1,53.6
2026-08-28,gem,5,21.7,18.4,7.7,42.5
2026-08-28,gem,6,19.7,18.5,30.9,40
2026-08-28,gem,7,21.4,17.9,10.7,50.4
2026-08-28,gfs,1,21.2,16.7,24,35.8
2026-08-28,gfs,2,20.3,16.9,18.5,32.2
2026-08-28,gfs,3,21.3,16.7,17.1,32.6
2026-08-28,gfs,4,20,16.8,23.7,32.1
2026-08-28,gfs,5,19.5,17,9.7,33.1
2026-08-28,gfs,6,20,15.5,22.9,31.3
2026-08-28,gfs,7,20.5,16.1,20.2,28.8
2026-08-28,icon,1,20.6,17,16.5,25.2
2026-08-28,icon,2,20.4,17.6,12.4,26.6
2026-08-28,icon,3,20.3,17.3,9.6,24.5
2026-08-28,icon,4,21,17.3,19.6,37.2
2026-08-28,icon,5,20.9,17.3,14,31.7
2026-08-28,icon,6,20.2,15.8,14.1,28.1
2026-08-28,ukmo,1,20.5,17.5,3.5,33.1
2026-08-28,ukmo,2,19.9,18.1,8,34.2
2026-08-28,ukmo,3,19.2,17.7,9.8,34.9
2026-08-28,ukmo,4,20.2,17.5,29.1,41
2026-08-28,ukmo,5,20.5,18.4,18.1,36.7
2026-08-28,ukmo,6,20.4,18.3,55.6,32.4
2026-08-29,arpege,1,19.4,17.1,19.8,44.8
2026-08-29,arpege,2,20.3,17.2,6.1,42
2026-08-29,arpege,3,19.9,16.9,11.1,52.3
2026-08-29,ecmwf,1,19.2,17.4,5.4,46.1
2026-08-29,ecmwf,2,19.1,17.3,3.9,41.4
2026-08-29,ecmwf,3,19.3,17.3,5.1,47.5
2026-08-29,ecmwf,4,19.2,17.3,12.9,45.2
2026-08-29,ecmwf,5,19,17.4,7.5,44.7
2026-08-29,ecmwf,6,18.7,16.8,2.7,40.8
2026-08-29,ecmwf,7,18.9,17.3,9.9,43.9
2026-08-29,gem,1,20,16.1,4.6,38.2
2026-08-29,gem,2,19.8,16.5,2.8,43.6
2026-08-29,gem,3,19.7,16.7,1.7,37.8
2026-08-29,gem,4,18.8,17.5,5.9,46.4
2026-08-29,gem,5,19.1,17.3,6,45.7
2026-08-29,gem,6,19.1,17,9.5,47.9
2026-08-29,gem,7,19.3,16.9,2.5,45.4
2026-08-29,gfs,1,19.3,16.4,3,36
2026-08-29,gfs,2,19.7,15.7,1.4,37.4
2026-08-29,gfs,3,19.8,15.6,6.3,37.8
2026-08-29,gfs,4,19.7,16.8,4.3,33.7
2026-08-29,gfs,5,20,16.6,3.2,29.5
2026-08-29,gfs,6,19,16,5.1,37.4
2026-08-29,gfs,7,19,16.5,5.8,45.5
2026-08-29,icon,1,20,16.8,3.6,34.4
2026-08-29,icon,2,19.2,16.9,0.6,33.9
2026-08-29,icon,3,19.8,16.8,2.2,30.3
2026-08-29,icon,4,19.9,16.8,2.8,35.7
2026-08-29,icon,5,20.2,16.9,4.9,32.2
2026-08-29,icon,6,19.6,15.7,0,31
2026-08-29,ukmo,1,19,17.3,17.8,46.1
2026-08-29,ukmo,2,18.7,17.4,0.1,38.9
2026-08-29,ukmo,3,18.9,17.2,4.4,43.9
2026-08-29,ukmo,4,19,17.2,8.4,49
2026-08-29,ukmo,5,19.6,17.2,4.9,46.4
2026-08-29,ukmo,6,19.6,17.6,20.1,56.2
2026-08-30,arpege,1,19.3,17.7,8.7,45.6
2026-08-30,arpege,2,19.5,16.8,8.2,49.3
2026-08-30,arpege,3,20.1,16.7,9.6,43.4
2026-08-30,ecmwf,1,18.7,18.3,9.6,46.2
2026-08-30,ecmwf,2,19,18.3,12.6,45.4
2026-08-30,ecmwf,3,19.1,18.1,3.6,47.5
2026-08-30,ecmwf,4,19.2,18.3,4.5,40.9
2026-08-30,ecmwf,5,19.3,18.1,6.9,48.4
2026-08-30,ecmwf,6,19,17.6,15,35.7
2026-08-30,ecmwf,7,18.2,17.3,7.2,41.8
2026-08-30,gem,1,19.9,15.5,22.5,33.1
2026-08-30,gem,2,20.4,15.3,7.6,37.4
2026-08-30,gem,3,19.4,17.3,5.8,43.2
2026-08-30,gem,4,19,16.9,12.4,45.4
2026-08-30,gem,5,19.7,18,5.1,41.4
2026-08-30,gem,6,19,17.7,7.2,41.4
2026-08-30,gem,7,19.4,17.1,7.1,47.2
2026-08-30,gfs,1,19.4,16.7,17.2,43.4
2026-08-30,gfs,2,19.6,16.5,10.2,45.4
2026-08-30,gfs,3,19,17.1,2.6,45
2026-08-30,gfs,4,19.4,17.1,3.2,47.7
2026-08-30,gfs,5,19.2,16.5,4.8,39.2
2026-08-30,gfs,6,19.5,16.3,3.5,38.4
2026-08-30,gfs,7,18.7,16.8,4.5,36.5
2026-08-30,icon,1,19.4,17.2,13.5,40.1
2026-08-30,icon,2,19,17.4,6.8,35
2026-08-30,icon,3,19.8,17.4,1.1,32.7
2026-08-30,icon,4,19.9,17.5,1.5,34.6
2026-08-30,icon,5,19.4,17,6.2,46
2026-08-30,icon,6,18.9,16.6,3.2,27
2026-08-30,ukmo,1,19,17.6,8.9,44.3
2026-08-30,ukmo,2,18.4,17.3,6.8,42.8
2026-08-30,ukmo,3,18.7,17,2,42.1
2026-08-30,ukmo,4,18.7,17.3,3.8,41.8
2026-08-30,ukmo,5,18.9,17.6,4.6,50
2026-08-30,ukmo,6,19.4,18.2,4,45.7
2026-08-31,arpege,1,18.6,16.5,8.2,44.4
2026-08-31,arpege,2,18.6,16.4,17.9,35
2026-08-31,arpege,3,18.3,16.5,22.5,40.8
2026-08-31,ecmwf,1,18.6,16.8,15.3,37.4
2026-08-31,ecmwf,2,18.9,17,12,39.2
2026-08-31,ecmwf,3,18.8,16.3,22.5,43.6
2026-08-31,ecmwf,4,19.2,17,13.8,43.9
2026-08-31,ecmwf,5,19.2,17.1,21.9,45.6
2026-08-31,ecmwf,6,19.2,17.4,4.8,46.6
2026-08-31,ecmwf,7,18.2,16.9,13.5,50.7
2026-08-31,gem,1,18.9,15.3,7,33.5
2026-08-31,gem,2,19.2,15.8,14.3,37.1
2026-08-31,gem,3,18.7,16.4,13.8,39.6
2026-08-31,gem,4,18.9,17.3,2.5,41.4
2026-08-31,gem,5,19,17,16.4,45.4
2026-08-31,gem,6,18.3,17.1,20.2,47.9
2026-08-31,gem,7,19.1,16.5,25.2,52.6
2026-08-31,gfs,1,18.1,16.4,12.9,34.9
2026-08-31,gfs,2,17.9,16.3,10.3,34.9
2026-08-31,gfs,3,17.8,16.3,11.4,33.1
2026-08-31,gfs,4,17.8,16.1,8.1,35.2
2026-08-31,gfs,5,18.4,15.2,13,29.2
2026-08-31,gfs,6,17.7,15.4,8.4,40.8
2026-08-31,gfs,7,18,15.8,9.3,46.8
2026-08-31,icon,1,18.9,16.9,4.8,33.7
2026-08-31,icon,2,17.7,16.5,13.4,30.1
2026-08-31,icon,3,18,16,16.9,29.1
2026-08-31,icon,4,18,16.6,8.9,31.4
2026-08-31,icon,5,17.6,16.4,14.9,42.4
2026-08-31,icon,6,18.5,16.5,3.5,39.1
2026-08-31,ukmo,1,18.6,17,7.4,44.6
2026-08-31,ukmo,2,18.9,17.6,11.2,45.4
2026-08-31,ukmo,3,18.7,17.2,21.8,42.8
2026-08-31,ukmo,4,19,17.5,10.4,46.8
2026-08-31,ukmo,5,18.7,17.7,17.2,49
2026-08-31,ukmo,6,18.9,17.3,13.1,41.4
2026-09-01,arpege,1,18.8,17.1,0,36
2026-09-01,arpege,2,18.5,16.9,6,36.5
2026-09-01,arpege,3,18.2,16.3,12.9,39.7
2026-09-01,ecmwf,1,18.3,17.3,2.7,38.3
2026-09-01,ecmwf,2,18.6,17.7,3.6,38.5
2026-09-01,ecmwf,3,18.3,17.6,2.7,40.4
2026-09-01,ecmwf,4,18.2,17.2,12.3,38.5
2026-09-01,ecmwf,5,18.8,17.3,3,45.2
2026-09-01,ecmwf,6,18.7,17.2,7.5,46.5
2026-09-01,ecmwf,7,18.4,16.8,3.3,43.3
2026-09-01,gem,1,19.3,15.6,2,33.5
2026-09-01,gem,2,18.9,15.8,1.4,33.8
2026-09-01,gem,3,18,17.1,1.2,38.9
2026-09-01,gem,4,18.4,16.5,5.7,36.4
2026-09-01,gem,5,18,16.7,4.9,36.7
2026-09-01,gem,6,18.9,15.8,1.2,47.2
2026-09-01,gem,7,18.3,16.2,3,44.6
2026-09-01,gfs,1,18.3,16.4,3,35
2026-09-01,gfs,2,18.5,16.5,2.1,40.4
2026-09-01,gfs,3,18.1,16.3,2.9,37.4
2026-09-01,gfs,4,18.6,16,2.1,30.2
2026-09-01,gfs,5,18.3,15.9,0.4,32.8
2026-09-01,gfs,6,17.8,15.9,5.8,37.9
2026-09-01,gfs,7,18.1,14.3,11,57.3
2026-09-01,icon,1,19.1,17.2,2.1,36
2026-09-01,icon,2,18.2,16.8,0.8,28.8
2026-09-01,icon,3,18.1,16.1,6.6,31.8
2026-09-01,icon,4,18.1,16.5,4.6,32.1
2026-09-01,icon,5,18.7,16.4,1.6,40
2026-09-01,icon,6,19.2,16.3,1,31.9
2026-09-01,ukmo,1,18.3,17,6.2,37.4
2026-09-01,ukmo,2,18.4,17.6,1.7,40.3
2026-09-01,ukmo,3,18.4,17.6,3.1,42.8
2026-09-01,ukmo,4,18.6,17.6,2.8,46.4
2026-09-01,ukmo,5,18.6,16.3,8,47.2
2026-09-01,ukmo,6,18.8,16.6,7.6,60.5
2026-09-02,arpege,1,19.1,16.8,6.5,33.1
2026-09-02,arpege,2,18.6,16.6,16.7,32.4
2026-09-02,arpege,3,18.8,16.9,12.4,33.4
2026-09-02,ecmwf,1,19,17.3,4.5,34.2
2026-09-02,ecmwf,2,18.7,16.9,7.8,36
2026-09-02,ecmwf,3,18.7,16.9,11.7,37.5
2026-09-02,ecmwf,4,19,17,10.5,47.5
2026-09-02,ecmwf,5,18.1,17.1,2.4,33.5
2026-09-02,ecmwf,6,17.5,15.5,7.8,44.9
2026-09-02,ecmwf,7,17.4,16.2,12.3,50.5
2026-09-02,gem,1,20.2,15.7,6.1,29.5
2026-09-02,gem,2,19.5,15.5,3.4,30.2
2026-09-02,gem,3,18.7,16.7,7.6,38.5
2026-09-02,gem,4,18.8,15.9,5.7,46.4
2026-09-02,gem,5,17.9,16.3,3.5,37.4
2026-09-02,gem,6,19.1,15.9,11.7,45.7
2026-09-02,gem,7,18,16.3,0.2,32
2026-09-02,gfs,1,19.3,16.2,6.2,29
2026-09-02,gfs,2,19.2,15.8,6.4,31.3
2026-09-02,gfs,3,18.8,16.4,7.7,31.4
2026-09-02,gfs,4,19.2,15.1,2.6,35.6
2026-09-02,gfs,5,18.5,15,1.3,25.7
2026-09-02,gfs,6,17.4,14.7,7.7,32.3
2026-09-02,gfs,7,17.2,14.8,1,39.6
2026-09-02,icon,1,19.1,16.7,0.3,27.2
2026-09-02,icon,2,18.2,16.7,5.8,27.9
2026-09-02,icon,3,18,16.2,11.3,27.2
2026-09-02,icon,4,18,16.7,6.8,32.4
2026-09-02,icon,5,19,16,3,42.3
2026-09-02,icon,6,19.6,15.9,5.4,43.9
2026-09-02,ukmo,1,18.7,17.2,1.2,35.6
2026-09-02,ukmo,2,19,17,3.1,41
2026-09-02,ukmo,3,19.2,17.3,8.1,48.2
2026-09-02,ukmo,4,19.3,16.9,3,47.5
2026-09-02,ukmo,5,18.8,17.2,0.4,40
2026-09-02,ukmo,6,18.3,16.8,9.4,51.1
2026-09-03,arpege,1,19,17,18.8,42.8
2026-09-03,arpege,2,19.5,16.5,7.3,42.4
2026-09-03,arpege,3,19.6,16.9,5.2,47
2026-09-03,ecmwf,1,19,17.4,6.3,43.7
2026-09-03,ecmwf,2,19.1,17.3,6,46.5
2026-09-03,ecmwf,3,19,17.3,8.4,41.1
2026-09-03,ecmwf,4,18.9,17.8,7.5,49.1
2026-09-03,ecmwf,5,19.3,17.4,4.5,49.6
2026-09-03,ecmwf,6,19.5,17.3,7.8,43.7
2026-09-03,ecmwf,7,19.3,16.1,6.3,50.2
2026-09-03,gem,1,18.9,14.9,7,42.8
2026-09-03,gem,2,18.7,16.3,6.9,40.7
2026-09-03,gem,3,18.9,16.9,4.1,44.3
2026-09-03,gem,4,18.8,17.8,10.7,49
2026-09-03,gem,5,18.7,15.2,0.2,45.4
2026-09-03,gem,6,18.6,15.4,12.2,46.1
2026-09-03,gem,7,18.3,15.8,4.3,55.1
2026-09-03,gfs,1,19.5,15.8,7.1,39
2026-09-03,gfs,2,19.2,15.6,3,39.8
2026-09-03,gfs,3,19.2,15.8,6.5,39.3
2026-09-03,gfs,4,18.8,17,4.6,38.7
2026-09-03,gfs,5,19.2,15.7,7.3,40.1
2026-09-03,gfs,6,18.5,14.8,4.4,39.3
2026-09-03,gfs,7,17.5,14.6,5.6,30.9
2026-09-03,icon,1,20,16.1,10.5,39
2026-09-03,icon,2,19.4,16.8,3.9,34.1
2026-09-03,icon,3,19.2,16.3,8.8,35.6
2026-09-03,icon,4,18.8,17.2,8.6,38.4
2026-09-03,icon,5,18.8,16.2,8.3,41.1
2026-09-03,icon,6,17.8,15.6,6.2,44
2026-09-03,ukmo,1,19,16.9,6.9,42.5
2026-09-03,ukmo,2,18.7,17,7,49.3
2026-09-03,ukmo,3,18.6,17.8,14.8,55.4
2026-09-03,ukmo,4,19.1,17.4,7.3,49.7
2026-09-03,ukmo,5,18.5,16.7,0,47.9
2026-09-03,ukmo,6,18.3,16.9,5.5,45.7
2026-09-04,arpege,1,18.5,17,39,50.7
2026-09-04,arpege,2,19.2,16.7,26.1,51.8
2026-09-04,arpege,3,19,16.6,18.3,65.4
2026-09-04,ecmwf,1,18.7,17.8,23.4,51.3
2026-09-04,ecmwf,2,18.9,17.3,21,49.1
2026-09-04,ecmwf,3,19.2,17.4,3.9,42.7
2026-09-04,ecmwf,4,19.9,18,18.6,52.1
2026-09-04,ecmwf,5,18.9,18,13.8,46.3
2026-09-04,ecmwf,6,19,17.9,1.8,39.6
2026-09-04,ecmwf,7,19.3,18.6,2.1,41.2
2026-09-04,gem,1,17.9,15.8,29,45
2026-09-04,gem,2,18.1,15.3,18.4,39.2
2026-09-04,gem,3,19.5,16.1,20.5,53.3
2026-09-04,gem,4,18.7,16.1,12.7,51.5
2026-09-04,gem,5,18.5,17.4,1.1,44.3
2026-09-04,gem,6,18.3,15.7,2.8,52.2
2026-09-04,gem,7,17.8,15.7,1.9,47.9
2026-09-04,gfs,1,17.6,16,18.6,43.8
2026-09-04,gfs,2,18.1,16,11.2,40
2026-09-04,gfs,3,19.7,16,4.9,54.1
2026-09-04,gfs,4,17.8,15.7,7.6,38.8
2026-09-04,gfs,5,17.6,15.5,13.2,44.7
2026-09-04,gfs,6,16.6,15.3,6.3,48
2026-09-04,gfs,7,19.4,14.2,13.6,53.4
2026-09-04,icon,1,18.7,16.8,13.7,41.7
2026-09-04,icon,2,18.3,16.3,14.1,28
2026-09-04,icon,3,18.3,16.8,9.6,31
2026-09-04,icon,4,19.8,16.6,10.4,40.6
2026-09-04,icon,5,18.7,16.7,4.5,32.7
2026-09-04,icon,6,18.7,15.7,5.6,35.7
2026-09-04,ukmo,1,18.7,17.1,12,45.4
2026-09-04,ukmo,2,18.9,16.5,27.6,49
2026-09-04,ukmo,3,19.4,16.6,14.4,58.3
2026-09-04,ukmo,4,19.5,17,6.7,57.6
2026-09-04,ukmo,5,18.4,17,1.5,47.9
2026-09-04,ukmo,6,18.2,17.1,1.1,54.7
2026-09-05,arpege,1,17.4,16,0.6,50
2026-09-05,arpege,2,17.4,15.9,9.8,44.5
2026-09-05,arpege,3,18,16.1,3.7,38.2
2026-09-05,ecmwf,1,18.3,16.6,7.5,52.2
2026-09-05,ecmwf,2,18,16.7,7.5,51.5
2026-09-05,ecmwf,3,18.4,16.9,5.1,52
2026-09-05,ecmwf,4,18.8,16.9,3.3,50.1
2026-09-05,ecmwf,5,19,17.2,4.2,46
2026-09-05,ecmwf,6,18.3,17.6,0.9,42
2026-09-05,ecmwf,7,20.8,18.3,3,41.5
2026-09-05,gem,1,16.6,14.1,3.7,44.3
2026-09-05,gem,2,17,14.6,2.4,44.3
2026-09-05,gem,3,17,15.9,4.9,51.8
2026-09-05,gem,4,17.6,16.1,1.6,48.6
2026-09-05,gem,5,18.2,16.4,0.4,42.8
2026-09-05,gem,6,17.8,15.8,0.7,50.4
2026-09-05,gem,7,18.1,15.3,3.6,51.1
2026-09-05,gfs,1,16.8,15.2,3.3,45.9
2026-09-05,gfs,2,17.2,15.4,3,46.4
2026-09-05,gfs,3,17.5,15.8,2.8,42.5
2026-09-05,gfs,4,17.4,15.5,2.9,41.3
2026-09-05,gfs,5,17.4,15.3,5.3,40.3
2026-09-05,gfs,6,17.1,15.2,2.8,49.6
2026-09-05,gfs,7,17.3,14.7,2.6,41.6
2026-09-05,icon,1,17.9,15.8,2.2,44.3
2026-09-05,icon,2,17.5,15.9,1.7,36
2026-09-05,icon,3,17.8,16,1.7,32.6
2026-09-05,icon,4,17.3,15.8,0.7,36.4
2026-09-05,icon,5,17.5,15.7,0.2,42.4
2026-09-05,icon,6,17.8,15,0,37.9
2026-09-05,ukmo,1,18.1,15,6.6,50.8
2026-09-05,ukmo,2,18.3,16.8,0,50.4
2026-09-05,ukmo,3,18,17.2,0.2,48.2
2026-09-05,ukmo,4,18,17.5,0,44.3
2026-09-05,ukmo,5,18.1,15.5,3.5,41
2026-09-05,ukmo,6,18.2,17.4,0,54.4
2026-09-06,arpege,1,18.6,16,0.1,46.9
2026-09-06,arpege,2,19,15.8,0,40.9
2026-09-06,arpege,3,19,16.1,0,35.1
2026-09-06,ecmwf,1,18.7,16.7,0.3,48.2
2026-09-06,ecmwf,2,18.4,16.5,0.6,49.8
2026-09-06,ecmwf,3,18.2,16.7,0.3,50.7
2026-09-06,ecmwf,4,18.3,16.9,0,45.3
2026-09-06,ecmwf,5,18.4,17,0,37.9
2026-09-06,ecmwf,6,17.8,15.7,7.5,34
2026-09-06,ecmwf,7,19.6,17,0.3,33.5
2026-09-06,gem,1,18.8,13.9,0.4,38.2
2026-09-06,gem,2,18.9,14.1,0.4,40
2026-09-06,gem,3,17,15.9,0,40.3
2026-09-06,gem,4,16.8,16,0,42.1
2026-09-06,gem,5,17.1,16.3,0,27.7
2026-09-06,gem,6,18.9,16.2,0,29.9
2026-09-06,gem,7,20.3,16.1,0,37.8
2026-09-06,gfs,1,18,15.2,0,35.9
2026-09-06,gfs,2,18.2,15.4,0,37.6
2026-09-06,gfs,3,17.7,14.9,0,36
2026-09-06,gfs,4,17.5,15.2,0,36.9
2026-09-06,gfs,5,18.2,15.5,1.2,40.8
2026-09-06,gfs,6,17.8,15.3,0.1,41
2026-09-06,gfs,7,17.1,15.3,0.6,44.2
2026-09-06,icon,1,18.6,15.2,0,40.1
2026-09-06,icon,2,18.4,16.2,0,31.7
2026-09-06,icon,3,19.1,16.4,0,26.8
2026-09-06,icon,4,18.5,16.1,0,20.4
2026-09-06,icon,5,18.3,15.3,0,23.4
2026-09-06,icon,6,19.5,14.9,0,31.2
2026-09-06,ukmo,1,18.1,15.4,0.3,40.7
2026-09-06,ukmo,2,18.2,16.7,0,45.7
2026-09-06,ukmo,3,18.6,17,0,34.6
2026-09-06,ukmo,4,19.2,16.7,0,33.8
2026-09-06,ukmo,5,19.1,16.8,0,30.2
2026-09-06,ukmo,6,17.6,15.5,1.1,36
2026-09-07,arpege,1,23.3,15.4,0,25.9
2026-09-07,arpege,2,20.8,15.1,0,25.3
2026-09-07,arpege,3,20.6,14.6,0.1,38.6
2026-09-07,ecmwf,1,20.4,17,0.6,30.3
2026-09-07,ecmwf,2,20.6,16.8,0.6,31.4
2026-09-07,ecmwf,3,21.1,17.1,0.3,30.2
2026-09-07,ecmwf,4,20.4,16.5,0,28.9
2026-09-07,ecmwf,5,20.8,17.4,3.9,30.1
2026-09-07,ecmwf,6,20,17,0.9,50.7
2026-09-07,ecmwf,7,20.4,17.2,0.9,47.5
2026-09-07,gem,1,24.1,14.3,0,25.6
2026-09-07,gem,2,23.6,14.5,0,29.2
2026-09-07,gem,3,21.1,16.2,0,34.2
2026-09-07,gem,4,20.6,15.9,0,31
2026-09-07,gem,5,20.5,16.2,0.1,41
2026-09-07,gem,6,20.2,17.8,0,35.6
2026-09-07,gem,7,21.5,17.3,0.3,39.6
2026-09-07,gfs,1,21.8,15.7,0,24.1
2026-09-07,gfs,2,21.4,15.8,0.1,25.9
2026-09-07,gfs,3,22,15.5,0.4,22.2
2026-09-07,gfs,4,20.5,15,0,24.4
2026-09-07,gfs,5,21.4,15.2,0,24
2026-09-07,gfs,6,19.1,15.5,0,27.8
2026-09-07,gfs,7,21.1,15.6,0,25.7
2026-09-07,icon,1,20.8,14.9,0,23
2026-09-07,icon,2,21.5,15.7,0.1,20.8
2026-09-07,icon,3,20.6,15.9,2.4,22.4
2026-09-07,icon,4,21.6,15.9,0.5,22.2
2026-09-07,icon,5,20.7,15.2,0.9,31.2
2026-09-07,icon,6,21.1,15.3,0,30.3
2026-09-07,ukmo,1,20.2,16.7,0.8,29.2
2026-09-07,ukmo,2,19.8,15.9,0.4,30.6
2026-09-07,ukmo,3,19.4,16.5,0.6,31.7
2026-09-07,ukmo,4,19.7,16.9,0.7,34.9
2026-09-07,ukmo,5,19,16.6,0.7,33.8
2026-09-07,ukmo,6,19,15.3,1.2,50
2026-09-08,arpege,1,18.9,16.1,6.5,42.8
2026-09-08,arpege,2,19.3,15.9,9.6,43.3
2026-09-08,arpege,3,18.3,16.1,15.2,35.1
2026-09-08,ecmwf,1,18.9,16.9,12.6,38.2
2026-09-08,ecmwf,2,18.8,16.4,13.8,40.8
2026-09-08,ecmwf,3,18.8,17.1,5.7,44.9
2026-09-08,ecmwf,4,18.7,15.9,10.8,39.4
2026-09-08,ecmwf,5,18.9,16.9,3.6,46.1
2026-09-08,ecmwf,6,17.3,15.6,12,38.3
2026-09-08,ecmwf,7,18.1,16.4,11.4,46.9
2026-09-08,gem,1,19,15.1,9.5,35.3
2026-09-08,gem,2,18.1,15,8.9,32
2026-09-08,gem,3,18.4,16,2.9,42.8
2026-09-08,gem,4,19.7,15.9,2,45.4
2026-09-08,gem,5,18.2,16.3,3.1,45
2026-09-08,gem,6,20,16.3,1.8,48.2
2026-09-08,gem,7,18.2,15.9,3.5,43.2
2026-09-08,gfs,1,18.2,15.3,8.4,37.4
2026-09-08,gfs,2,17.8,15.3,9.2,34.9
2026-09-08,gfs,3,18.3,15.2,2.5,36.9
2026-09-08,gfs,4,17.9,15.9,6.3,35.8
2026-09-08,gfs,5,18.6,15.6,1.5,42.5
2026-09-08,gfs,6,18.7,15.4,4.7,42.4
2026-09-08,gfs,7,20.5,15.3,1.1,28
2026-09-08,icon,1,18.4,14.6,8.1,31.6
2026-09-08,icon,2,18.8,15.5,7.5,30.1
2026-09-08,icon,3,18.1,15.8,11.5,29.6
2026-09-08,icon,4,18.4,15.2,1,29.8
2026-09-08,icon,5,18.4,15.2,1.1,39.8
2026-09-08,icon,6,17.6,14.7,19,32.3
2026-09-08,ukmo,1,18.5,15.6,31.5,40
2026-09-08,ukmo,2,18.2,16,15.2,40.7
2026-09-08,ukmo,3,18.3,16.8,2.2,43.9
2026-09-08,ukmo,4,18.7,16.3,6.4,42.8
2026-09-08,ukmo,5,17.9,16.7,3.7,52.2
2026-09-08,ukmo,6,18.5,16.4,2.9,54.7
2026-09-09,arpege,1,16.5,13.2,30.6,39.4
2026-09-09,arpege,2,16.9,14.8,12.9,49.7
2026-09-09,arpege,3,17.7,15.1,13.5,39.3
2026-09-09,ecmwf,1,16.8,15.8,9.3,42.3
2026-09-09,ecmwf,2,17.5,16,6.6,40
2026-09-09,ecmwf,3,17.4,15.8,6,39.6
2026-09-09,ecmwf,4,17.7,15.2,9.3,45.7
2026-09-09,ecmwf,5,17.4,14.8,8.1,52.8
2026-09-09,ecmwf,6,17.2,15.9,18.6,55.5
2026-09-09,ecmwf,7,18.4,13.6,14.1,40.5
2026-09-09,gem,1,17.1,12.9,4.5,31
2026-09-09,gem,2,17.9,13.5,1.7,35.3
2026-09-09,gem,3,16.9,14.4,3.4,42.5
2026-09-09,gem,4,16.5,14.7,6.4,44.6
2026-09-09,gem,5,16.1,14.6,4.5,41.8
2026-09-09,gem,6,16,14.4,9.9,40.3
2026-09-09,gem,7,16.8,13.8,18.2,45
2026-09-09,gfs,1,17,14.2,5,36
2026-09-09,gfs,2,17.1,13.8,3.5,48.9
2026-09-09,gfs,3,16.9,14.4,6,38.2
2026-09-09,gfs,4,17.5,14.7,6.5,40.6
2026-09-09,gfs,5,16.5,14.7,10.6,43.2
2026-09-09,gfs,6,16.1,14.1,9.8,45.4
2026-09-09,gfs,7,15.9,14.2,7.1,42.6
2026-09-09,icon,1,17.2,14.3,7,31.5
2026-09-09,icon,2,16.5,15,3.2,29.4
2026-09-09,icon,3,16.7,14.5,1.7,41.3
2026-09-09,icon,4,15.8,14.7,11.8,37.3
2026-09-09,icon,5,16.8,14.3,7,36.2
2026-09-09,icon,6,16.8,14.5,3.8,35.5
2026-09-09,ukmo,1,17,14.2,10,38.5
2026-09-09,ukmo,2,17.7,15.8,4.8,38.2
2026-09-09,ukmo,3,17.1,15.4,4.9,46.1
2026-09-09,ukmo,4,16.5,15.3,13.5,41.8
2026-09-09,ukmo,5,17.3,14.9,5.9,58.7
2026-09-09,ukmo,6,16.7,15.6,17.1,54
2026-09-10,arpege,1,16.3,14.3,0.1,39
2026-09-10,arpege,2,17.1,12.7,0.4,41.4
2026-09-10,arpege,3,17.2,15,1,40.6
2026-09-10,ecmwf,1,17.6,15.4,0.3,42.2
2026-09-10,ecmwf,2,17.4,15.5,0.3,38.7
2026-09-10,ecmwf,3,16.6,15.7,1.8,29.4
2026-09-10,ecmwf,4,17.1,15.6,1.5,30.4
2026-09-10,ecmwf,5,17.2,15.5,6,46.8
2026-09-10,ecmwf,6,16.4,15.2,14.7,40.7
2026-09-10,ecmwf,7,16.9,14.6,9.9,47.4
2026-09-10,gem,1,16.8,11.9,0.1,31
2026-09-10,gem,2,17,12.7,0.1,32
2026-09-10,gem,3,16.5,15,0,36.7
2026-09-10,gem,4,16.2,15.1,2.3,43.6
2026-09-10,gem,5,16.1,14.6,3.7,46.8
2026-09-10,gem,6,16.1,14.3,2.1,36.7
2026-09-10,gem,7,15.5,13.7,7,41.4
2026-09-10,gfs,1,16.1,13.7,0.8,33.5
2026-09-10,gfs,2,16.2,13.7,0.2,32.7
2026-09-10,gfs,3,16.6,13.8,0,32.8
2026-09-10,gfs,4,17.3,14.7,8.3,39.9
2026-09-10,gfs,5,17,14.8,1.7,35.7
2026-09-10,gfs,6,17.2,15.4,4.1,33.8
2026-09-10,gfs,7,16,14.4,6.4,37.6
2026-09-10,icon,1,16.9,13.5,0,27.3
2026-09-10,icon,2,17.6,14.9,0,23.4
2026-09-10,icon,3,16.9,14.2,0,23
2026-09-10,icon,4,17.1,14.3,2.3,31
2026-09-10,icon,5,16.2,14.3,7.2,31.6
2026-09-10,icon,6,17.2,14.6,4.1,35.7
2026-09-10,ukmo,1,16.7,15.3,0,40.3
2026-09-10,ukmo,2,16.6,15.3,0,39.2
2026-09-10,ukmo,3,16.3,15.6,0,34.9
2026-09-10,ukmo,4,16.7,15.1,0.8,45
2026-09-10,ukmo,5,17.5,15.5,2.8,52.6
2026-09-10,ukmo,6,16.4,15.7,1.4,43.2
2026-09-11,arpege,1,17.4,14.4,1.5,34.7
2026-09-11,arpege,2,17.9,12.4,1.4,30.6
2026-09-11,arpege,3,18.4,13.6,0,22.7
2026-09-11,ecmwf,1,17.5,16.2,1.8,34.2
2026-09-11,ecmwf,2,18.1,16,1.5,32.9
2026-09-11,ecmwf,3,17.8,16.2,4.2,32.1
2026-09-11,ecmwf,4,18,15.5,0.3,32.7
2026-09-11,ecmwf,5,17.6,15.9,0,28.2
2026-09-11,ecmwf,6,17.4,14.8,10.5,37.5
2026-09-11,ecmwf,7,16.9,15.2,8.4,36.8
2026-09-11,gem,1,18,12,0.4,27.4
2026-09-11,gem,2,18.3,12.3,1,25.2
2026-09-11,gem,3,17.9,14.7,0,20.9
2026-09-11,gem,4,17.6,15.6,0,28.1
2026-09-11,gem,5,17.2,15.6,1.5,28.4
2026-09-11,gem,6,16.4,14.8,7.8,33.5
2026-09-11,gem,7,16.6,15,6.4,47.9
2026-09-11,gfs,1,16.7,14.4,1.3,28.2
2026-09-11,gfs,2,17.3,14.3,1.3,28.6
2026-09-11,gfs,3,18.1,13.8,3.4,31.7
2026-09-11,gfs,4,18,14.8,0.8,23.4
2026-09-11,gfs,5,18.6,15.1,2.8,35.6
2026-09-11,gfs,6,17.9,13.5,11.2,41.1
2026-09-11,gfs,7,17.9,14.1,13.5,40.4
2026-09-11,icon,1,17.2,14.8,0.3,28.5
2026-09-11,icon,2,17.5,15.1,0.1,22.5
2026-09-11,icon,3,17.6,14.9,0.4,21.5
2026-09-11,icon,4,17.3,15.2,0.5,20.2
2026-09-11,icon,5,16.7,14.5,1.4,27.4
2026-09-11,icon,6,16,14.1,7.2,30.8
2026-09-11,ukmo,1,17.8,16.2,0.9,34.6
2026-09-11,ukmo,2,17.5,16.5,0.7,34.6
2026-09-11,ukmo,3,18.2,15.6,0,32.4
2026-09-11,ukmo,4,17,15.6,0.3,22.7
2026-09-11,ukmo,5,17.8,15.1,5,42.1
2026-09-11,ukmo,6,17.4,15.6,3,40.3
2026-09-12,arpege,1,18.1,15.3,2.5,36.1
2026-09-12,arpege,2,18.6,14,0.9,37.8
2026-09-12,arpege,3,18.5,12.9,1,33.3
2026-09-12,ecmwf,1,17.9,16.9,3,38.2
2026-09-12,ecmwf,2,18.5,16.7,0.3,38.4
2026-09-12,ecmwf,3,18.6,16.6,1.2,33.8
2026-09-12,ecmwf,4,18.2,16.9,3,35.8
2026-09-12,ecmwf,5,18.3,16,0.3,31.1
2026-09-12,ecmwf,6,17.4,16.6,1.8,22.7
2026-09-12,ecmwf,7,16.8,14.9,3,29.2
2026-09-12,gem,1,18.8,13.9,2.3,33.8
2026-09-12,gem,2,18.9,13.6,1.7,31
2026-09-12,gem,3,17.9,16.2,3.2,40.3
2026-09-12,gem,4,17.2,13.5,0.2,20.5
2026-09-12,gem,5,17.3,15.9,1.3,23.8
2026-09-12,gem,6,17.1,14,0.3,25.6
2026-09-12,gem,7,18,14.9,3.5,47.9
2026-09-12,gfs,1,18.2,15.7,1.4,33.3
2026-09-12,gfs,2,18,15.3,2.3,31.1
2026-09-12,gfs,3,18.6,15.2,0.1,33.2
2026-09-12,gfs,4,17,14.4,0.9,24.8
2026-09-12,gfs,5,18.1,14.8,0.3,18
2026-09-12,gfs,6,18.2,15,0,25.1
2026-09-12,gfs,7,18.2,11.9,4.2,40
2026-09-12,icon,1,18.2,15.4,3.4,29.1
2026-09-12,icon,2,18.1,15.8,4.9,27.6
2026-09-12,icon,3,18.1,15.6,0.4,22.1
2026-09-12,icon,4,18.5,16,0.3,24.4
2026-09-12,icon,5,18,15.2,0.6,28
2026-09-12,icon,6,18.2,15.6,1.8,34.2
2026-09-12,ukmo,1,18.1,16.7,0.4,31.3
2026-09-12,ukmo,2,18.3,17,1,37.4
2026-09-12,ukmo,3,18,16.7,3.4,43.9
2026-09-12,ukmo,4,17.8,16.4,0,29.9
2026-09-12,ukmo,5,18.1,17,0,23
2026-09-12,ukmo,6,16.9,16,0.6,29.5
2026-09-13,arpege,1,18.2,14.3,2.6,33.1
2026-09-13,arpege,2,18.3,14.4,4.7,29.1
2026-09-13,arpege,3,18,14.6,3.6,40.5
2026-09-13,ecmwf,1,18.3,16.1,3.6,36.7
2026-09-13,ecmwf,2,18.3,16,2.1,38.9
2026-09-13,ecmwf,3,18.6,16.8,11.1,35.8
2026-09-13,ecmwf,4,18.4,17.4,4.8,36
2026-09-13,ecmwf,5,17.9,16,3.6,38.7
2026-09-13,ecmwf,6,17.6,17,3.3,39.5
2026-09-13,ecmwf,7,17.9,16.5,6,44.5
2026-09-13,gem,1,18.8,13.5,1.7,28.8
2026-09-13,gem,2,19.1,12.6,1.8,25.6
2026-09-13,gem,3,18,16.2,1.9,29.2
2026-09-13,gem,4,18.3,16,4.1,29.5
2026-09-13,gem,5,17.8,16.1,8.4,31
2026-09-13,gem,6,17.9,15,0.9,36.7
2026-09-13,gem,7,17.2,13.7,1.5,16.2
2026-09-13,gfs,1,17.9,14.1,3.7,28.2
2026-09-13,gfs,2,17.9,14.2,2.3,29.2
2026-09-13,gfs,3,18.7,14.5,1,31.6
2026-09-13,gfs,4,18.3,14.3,2.9,31.4
2026-09-13,gfs,5,18.9,15.5,2.8,29.6
2026-09-13,gfs,6,17.9,14.4,0.8,29.8
2026-09-13,gfs,7,18.7,15.3,1.1,29
2026-09-13,icon,1,17.9,13.7,2.2,30.1
2026-09-13,icon,2,18.3,14.8,2.3,26.4
2026-09-13,icon,3,18.3,15,3.8,27.2
2026-09-13,icon,4,18.9,15,16.1,23.5
2026-09-13,icon,5,18.6,14.4,0.2,27.7
2026-09-13,icon,6,18.6,15.7,4.4,37.7
2026-09-13,ukmo,1,18,15.8,1.8,32.8
2026-09-13,ukmo,2,17.6,15.3,2.2,36.4
2026-09-13,ukmo,3,17.8,16.1,1.6,40.3
2026-09-13,ukmo,4,18.1,15,1.5,43.6
2026-09-13,ukmo,5,18.2,16.8,5.9,41.8
2026-09-13,ukmo,6,18.2,16,3.5,43.6
2026-09-14,arpege,1,17.6,14.3,0,24.1
2026-09-14,arpege,2,17.2,13.6,0,20.4
2026-09-14,arpege,3,17.5,12,0,21
2026-09-14,ecmwf,1,17.6,16,0,25.1
2026-09-14,ecmwf,2,17.4,16.2,0,29
2026-09-14,ecmwf,3,17.9,15.8,0,24.7
2026-09-14,ecmwf,4,18.4,15.5,0,28.6
2026-09-14,ecmwf,5,18.2,15.9,0.6,30.7
2026-09-14,ecmwf,6,17.7,15.9,0,36.4
2026-09-14,ecmwf,7,18.4,17.7,2.1,40.4
2026-09-14,gem,1,17.9,11.4,0,17.6
2026-09-14,gem,2,18,11.6,0,14.4
2026-09-14,gem,3,17.6,15.4,0,17.6
2026-09-14,gem,4,16.6,15.5,0,17.6
2026-09-14,gem,5,16.9,15.7,0,26.3
2026-09-14,gem,6,17.5,15.5,2.3,25.6
2026-09-14,gem,7,17.5,15.9,0.7,26.6
2026-09-14,gfs,1,17,14.1,0,22.2
2026-09-14,gfs,2,17,13.9,0,19.9
2026-09-14,gfs,3,16.7,13.7,0,20.8
2026-09-14,gfs,4,17.3,13.9,0,23.2
2026-09-14,gfs,5,17.1,13.7,0,19.4
2026-09-14,gfs,6,17,14.3,0.1,22.9
2026-09-14,gfs,7,19.3,14.8,0.3,26.8
2026-09-14,icon,1,16.9,13.6,0,17.8
2026-09-14,icon,2,17.2,14.4,0,15.8
2026-09-14,icon,3,17,14.4,0.1,17.9
2026-09-14,icon,4,16.8,14.7,0,20.1
2026-09-14,icon,5,19.5,16.2,0.3,21
2026-09-14,icon,6,20.4,17.3,0,21.9
2026-09-14,ukmo,1,17.2,15.6,0,24.5
2026-09-14,ukmo,2,17.2,14.6,0,26.3
2026-09-14,ukmo,3,17.4,14.7,0,28.1
2026-09-14,ukmo,4,17.2,13.9,0.7,31
2026-09-14,ukmo,5,17.9,15.5,0,28.4
2026-09-14,ukmo,6,17.4,15,0,32
2026-09-15,arpege,1,20.6,15.8,0.1,29.6
2026-09-15,arpege,2,20.8,14.9,0.2,26.7
2026-09-15,arpege,3,20.4,16.2,1,29.1
2026-09-15,ecmwf,1,18.9,17.8,0.3,28.1
2026-09-15,ecmwf,2,19,17.2,0.3,29.9
2026-09-15,ecmwf,3,19,16.6,1.8,27.9
2026-09-15,ecmwf,4,19,17.5,2.1,34.4
2026-09-15,ecmwf,5,18.5,16.5,3.3,44
2026-09-15,ecmwf,6,19.4,16.6,3.3,37.9
2026-09-15,ecmwf,7,18.3,16.8,4.5,41.9
2026-09-15,gem,1,22.4,12.8,2.5,40.7
2026-09-15,gem,2,20.6,14.2,0.9,27.4
2026-09-15,gem,3,19.2,17.3,0.5,27.7
2026-09-15,gem,4,19.7,16.3,1.7,29.9
2026-09-15,gem,5,18.6,16.4,7.8,36
2026-09-15,gem,6,18.7,15.5,6.9,29.9
2026-09-15,gem,7,20,15.9,0,21.2
2026-09-15,gfs,1,20.3,16.3,0.9,26.3
2026-09-15,gfs,2,20.1,15.1,2,28.2
2026-09-15,gfs,3,19.5,15.5,4,26.8
2026-09-15,gfs,4,19.3,15.2,11.8,29.2
2026-09-15,gfs,5,19.4,14.7,0,25.9
2026-09-15,gfs,6,19.4,14.1,0,26.4
2026-09-15,gfs,7,19.4,15.2,0,34.4
2026-09-15,icon,1,19.8,15.6,0.1,23
2026-09-15,icon,2,20.4,15.9,1.8,22.7
2026-09-15,icon,3,20.4,16.5,1.9,25.7
2026-09-15,icon,4,19,15.8,3.7,28.2
2026-09-15,icon,5,18.6,15.2,11.4,28.8
2026-09-15,icon,6,18.9,15.7,9.4,36.4
2026-09-15,ukmo,1,18.2,16.7,3.7,29.2
2026-09-15,ukmo,2,18.1,15.9,2.2,31.7
2026-09-15,ukmo,3,18.8,16.9,2.4,29.5
2026-09-15,ukmo,4,18,16.5,5.7,38.9
2026-09-15,ukmo,5,18,16.7,4.8,41.4
2026-09-15,ukmo,6,18.1,14.9,1.1,45
2026-09-16,arpege,1,17.6,15.5,0,30
2026-09-16,arpege,2,17.7,15.4,3.9,30.2
2026-09-16,arpege,3,17.6,15,2.7,30.7
2026-09-16,ecmwf,1,17.8,15.8,0.9,34.3
2026-09-16,ecmwf,2,18.2,16,0.6,34.9
2026-09-16,ecmwf,3,17.7,16.1,3,29.5
2026-09-16,ecmwf,4,18.1,15.9,4.2,32.6
2026-09-16,ecmwf,5,17.3,15.4,4.5,34.4
2026-09-16,ecmwf,6,17.9,16.1,5.1,45
2026-09-16,ecmwf,7,17.5,15.8,4.5,44.2
2026-09-16,gem,1,17.1,14.3,4,29.5
2026-09-16,gem,2,18,14.1,0.5,31
2026-09-16,gem,3,18.1,15.2,3.1,29.2
2026-09-16,gem,4,17.7,16.3,7.7,40.7
2026-09-16,gem,5,17.7,15.2,2.9,28.4
2026-09-16,gem,6,16.9,15,5.4,29.2
2026-09-16,gem,7,17.5,14.9,3.5,35.6
2026-09-16,gfs,1,17.2,14.8,1.9,26.1
2026-09-16,gfs,2,17,14.7,2.5,32.4
2026-09-16,gfs,3,17.6,14,1.7,26.4
2026-09-16,gfs,4,17.2,14.2,30,25.5
2026-09-16,gfs,5,17.6,14.5,1,27
2026-09-16,gfs,6,17.4,14.5,6.5,36.6
2026-09-16,gfs,7,18.7,15.2,0.4,35.9
2026-09-16,icon,1,17.4,15.4,1.1,26.1
2026-09-16,icon,2,16.7,14.9,2.6,21.6
2026-09-16,icon,3,16.4,14.3,2.8,20.2
2026-09-16,icon,4,16.6,14.4,2.2,17.7
2026-09-16,icon,5,16.2,13.4,1.1,28.6
2026-09-16,icon,6,15.8,14.4,9.2,34.3
2026-09-16,ukmo,1,17.4,14.3,0.2,32.8
2026-09-16,ukmo,2,16.9,15.6,4.6,37.4
2026-09-16,ukmo,3,17.3,15.5,3.5,33.8
2026-09-16,ukmo,4,16.8,15.7,6,34.2
2026-09-16,ukmo,5,16.8,15.7,4.1,47.9
2026-09-16,ukmo,6,17.2,15.7,3.1,44.3
2026-09-17,arpege,1,16.7,15.3,26.1,51.4
2026-09-17,arpege,2,16.9,14.5,8.1,46.5
2026-09-17,arpege,3,17.1,15.2,2.3,42.8
2026-09-17,ecmwf,1,16.8,15.5,11.7,47.4
2026-09-17,ecmwf,2,16.9,15.7,9,45.7
2026-09-17,ecmwf,3,17.3,15.7,7.2,47.7
2026-09-17,ecmwf,4,17.3,15.6,4.5,43.4
2026-09-17,ecmwf,5,16.4,14.9,7.8,45
2026-09-17,ecmwf,6,16.8,15.5,9.6,51.9
2026-09-17,ecmwf,7,16.4,15.5,12.9,50.1
2026-09-17,gem,1,18,13.4,8.2,40.7
2026-09-17,gem,2,17.3,13.8,9.5,36
2026-09-17,gem,3,17.4,15.1,8.2,45
2026-09-17,gem,4,16.4,15.1,13.7,48.2
2026-09-17,gem,5,16.2,15,8.4,50.8
2026-09-17,gem,6,16.1,13.6,7.7,47.9
2026-09-17,gem,7,15.7,14.6,14.3,56.2
2026-09-17,gfs,1,16.6,14.2,11.8,41.9
2026-09-17,gfs,2,17,14.1,6.7,36.6
2026-09-17,gfs,3,16.6,14,4,39.2
2026-09-17,gfs,4,16.2,14,2.3,40.4
2026-09-17,gfs,5,15.8,13.7,4.1,35.2
2026-09-17,gfs,6,15.9,14.2,10.1,44.6
2026-09-17,gfs,7,17.3,13.9,6.9,29.9
2026-09-17,icon,1,16.5,15.1,8.2,37
2026-09-17,icon,2,16.3,14.2,7,39
2026-09-17,icon,3,16.6,14.4,4.6,37.4
2026-09-17,icon,4,15.6,14.2,5.8,35.2
2026-09-17,icon,5,15.4,13.3,3.6,37.7
2026-09-17,icon,6,16.8,14.3,5.8,38
2026-09-17,ukmo,1,17.2,15.2,15.3,46.4
2026-09-17,ukmo,2,17,14.9,4.3,46.1
2026-09-17,ukmo,3,16.3,15,6.4,46.8
2026-09-17,ukmo,4,16.6,15,5,50.8
2026-09-17,ukmo,5,16.3,15.5,1.9,53.6
2026-09-17,ukmo,6,16.8,16.2,5.7,46.4
2026-09-18,arpege,1,17,14.7,2.1,42.8
2026-09-18,arpege,2,17.4,14.8,7.2,42.6
2026-09-18,arpege,3,17.8,14.9,4.8,36.7
2026-09-18,ecmwf,1,17.4,16,3.6,44.1
2026-09-18,ecmwf,2,17.5,16.2,2.7,44.2
2026-09-18,ecmwf,3,17.1,16.3,3,44.1
2026-09-18,ecmwf,4,17.4,16.1,3.6,43.9
2026-09-18,ecmwf,5,16.6,14,23.7,50.5
2026-09-18,ecmwf,6,16.7,14.2,21.9,48.9
2026-09-18,ecmwf,7,15.7,14.8,18.9,54.4
2026-09-18,gem,1,17.2,13.9,3.2,31.7
2026-09-18,gem,2,17.1,13.2,5.4,39.6
2026-09-18,gem,3,16.7,15.2,7.4,37.4
2026-09-18,gem,4,16.7,15.3,2.7,38.5
2026-09-18,gem,5,16.6,15,11,48.2
2026-09-18,gem,6,16.3,14.4,4.7,46.4
2026-09-18,gem,7,15.7,14.4,5.6,42.8
2026-09-18,gfs,1,17,14.8,3,33.9
2026-09-18,gfs,2,17.1,15,4.3,33.5
2026-09-18,gfs,3,16.6,14.5,6.9,35.3
2026-09-18,gfs,4,16.5,14.2,5,30.5
2026-09-18,gfs,5,16.3,14.3,10.4,43.2
2026-09-18,gfs,6,16.4,14.3,6.4,31.4
2026-09-18,gfs,7,15.8,14.3,7.3,42.4
2026-09-18,icon,1,17.2,14.3,8.1,32.9
2026-09-18,icon,2,16.4,14.7,1,30.2
2026-09-18,icon,3,17.2,14.5,2.2,26.2
2026-09-18,icon,4,16.7,15.1,0.4,28
2026-09-18,icon,5,16.3,14.6,5.9,34.5
2026-09-18,icon,6,16.5,14.7,1,24.9
2026-09-18,ukmo,1,17,14.7,4.6,43.2
2026-09-18,ukmo,2,17.2,16.1,0.5,41.8
2026-09-18,ukmo,3,17.1,15.9,1.3,39.2
2026-09-18,ukmo,4,16.9,15.7,5,38.2
2026-09-18,ukmo,5,16,14.9,10.1,51.8
2026-09-18,ukmo,6,17.1,15.3,15.7,49.7
2026-09-19,arpege,1,18.1,15.8,12.2,47.8
2026-09-19,arpege,2,18.7,16.3,2.8,44.8
2026-09-19,arpege,3,18.6,16,3,46.3
2026-09-19,ecmwf,1,18.3,16.1,5.7,51
2026-09-19,ecmwf,2,18.1,16.1,3.6,48.9
2026-09-19,ecmwf,3,18.2,16.3,5.1,48.9
2026-09-19,ecmwf,4,18.5,15.7,4.2,47.4
2026-09-19,ecmwf,5,18.2,15.8,3.9,47
2026-09-19,ecmwf,6,17.9,14.3,17.1,49.4
2026-09-19,ecmwf,7,17.4,15.7,3.9,54.2
2026-09-19,gem,1,17.8,14.8,11.3,45.7
2026-09-19,gem,2,17.9,14.6,5.7,41.8
2026-09-19,gem,3,17.9,15.5,5.2,44.3
2026-09-19,gem,4,17.7,15.3,1.4,44.3
2026-09-19,gem,5,17.4,15.7,5.1,44.3
2026-09-19,gem,6,17.9,14.6,3.1,46.4
2026-09-19,gem,7,17.5,15,3.3,36
2026-09-19,gfs,1,17.7,15.4,4.8,42.7
2026-09-19,gfs,2,17.6,15,3.2,43.5
2026-09-19,gfs,3,17.5,15.1,4.5,38.7
2026-09-19,gfs,4,17.4,14.3,1.8,38.2
2026-09-19,gfs,5,17.3,14.4,1.4,34.1
2026-09-19,gfs,6,16.4,14,4.7,47.5
2026-09-19,gfs,7,16.9,14.3,8.1,52.2
2026-09-19,icon,1,18.2,15.5,0.6,40
2026-09-19,icon,2,18.4,15.9,3.2,37.5
2026-09-19,icon,3,18.6,15.6,5.4,35
2026-09-19,icon,4,17.6,15.3,0.5,35
2026-09-19,icon,5,17.4,14.6,3.1,38.8
2026-09-19,icon,6,18.2,14.4,2.5,39.6
2026-09-19,ukmo,1,17.9,15.9,3.3,46.8
2026-09-19,ukmo,2,18.3,16.3,6.3,50.4
2026-09-19,ukmo,3,18.2,16.3,3,46.8
2026-09-19,ukmo,4,18.1,15.7,1.7,49.7
2026-09-19,ukmo,5,17.4,15.5,2.5,50
2026-09-19,ukmo,6,17.8,15.5,12.5,51.1
2026-09-20,arpege,1,17.4,15.8,1.5,54.3
2026-09-20,arpege,2,17.7,15.8,3.3,45.4
2026-09-20,arpege,3,17.8,15.3,2.3,48.1
2026-09-20,ecmwf,1,18.1,15.3,4.5,58.8
2026-09-20,ecmwf,2,18.1,16.1,3.6,53.5
2026-09-20,ecmwf,3,17.8,16.2,5.7,53.8
2026-09-20,ecmwf,4,18.2,15.8,17.1,51.9
2026-09-20,ecmwf,5,18.3,15.6,10.2,55.4
2026-09-20,ecmwf,6,17.5,16.2,3.9,51.7
2026-09-20,ecmwf,7,17.4,15.1,3.9,39.9
2026-09-20,gem,1,16.4,13.8,3.1,46.1
2026-09-20,gem,2,17.3,13.7,4,47.9
2026-09-20,gem,3,18.1,14.5,2.6,58
2026-09-20,gem,4,18.3,15.1,1.5,46.4
2026-09-20,gem,5,17.6,15.8,0.5,43.6
2026-09-20,gem,6,18.2,15.4,1,43.6
2026-09-20,gem,7,17.9,15.5,3,34.9
2026-09-20,gfs,1,17,14.6,2.8,46.4
2026-09-20,gfs,2,17.1,14.5,2.3,43.4
2026-09-20,gfs,3,17.2,14.6,1.3,45.2
2026-09-20,gfs,4,16.7,14.2,1.4,42.6
2026-09-20,gfs,5,17.4,14.6,1.2,41.1
2026-09-20,gfs,6,18.4,14.5,1.4,29
2026-09-20,gfs,7,16.1,14.3,1.6,47.7
2026-09-20,icon,1,17.7,15.1,0.8,46.6
2026-09-20,icon,2,17.9,14.5,5.4,40.7
2026-09-20,icon,3,17.8,14.4,5.5,36.4
2026-09-20,icon,4,17.9,14.3,6.9,38.5
2026-09-20,icon,5,16.7,14.6,1.8,37.7
2026-09-20,icon,6,17.1,14.1,5.4,40
2026-09-20,ukmo,1,17.8,14.7,0.6,50
2026-09-20,ukmo,2,18,15.8,2.3,55.4
2026-09-20,ukmo,3,18.1,16.2,4.3,48.2
2026-09-20,ukmo,4,18,16.3,9.7,45.4
2026-09-20,ukmo,5,18,15.3,2.8,59
2026-09-20,ukmo,6,17.8,16,3.9,43.2
2026-09-21,arpege,1,16.7,15.1,0,57.2
2026-09-21,arpege,2,17,15,0.6,50.7
2026-09-21,arpege,3,17.3,15.7,0,45.5
2026-09-21,ecmwf,1,16,15.5,3,58
2026-09-21,ecmwf,2,16.3,15.3,1.8,57.5
2026-09-21,ecmwf,3,16.7,15.4,1.8,57.9
2026-09-21,ecmwf,4,16.7,15.3,4.5,53.7
2026-09-21,ecmwf,5,15.6,15.3,5.7,55.4
2026-09-21,ecmwf,6,16.5,15.9,0.6,51.5
2026-09-21,ecmwf,7,16.6,15.4,0.3,48.9
2026-09-21,gem,1,16.1,13.3,3.1,48.2
2026-09-21,gem,2,16.1,13.2,2.9,50.8
2026-09-21,gem,3,16,14.7,0.2,53.6
2026-09-21,gem,4,15.9,14.8,1.9,47.2
2026-09-21,gem,5,16.1,14.9,0.3,43.2
2026-09-21,gem,6,17.6,15.3,0,43.6
2026-09-21,gem,7,18.3,15.8,0.3,27
2026-09-21,gfs,1,15.5,14.1,0.2,46.6
2026-09-21,gfs,2,15.8,14.2,0.6,46.5
2026-09-21,gfs,3,16.2,14.4,0.7,41.9
2026-09-21,gfs,4,16,14.2,1.6,43.3
2026-09-21,gfs,5,15.7,14,1,38
2026-09-21,gfs,6,16.1,13.7,0.9,39.3
2026-09-21,gfs,7,18.6,14.8,0.2,34
2026-09-21,icon,1,16.3,13.8,0.8,44.6
2026-09-21,icon,2,16.2,14.3,1.5,34.4
2026-09-21,icon,3,16.4,14.4,0.4,37.5
2026-09-21,icon,4,16.4,14.2,0.7,37
2026-09-21,icon,5,16.1,14.2,0,39.1
2026-09-21,icon,6,17.6,14,0.4,34.1
2026-09-21,ukmo,1,15.7,14.2,1.7,51.5
2026-09-21,ukmo,2,16.2,15.4,0,55.1
2026-09-21,ukmo,3,16.3,15.7,0,54
2026-09-21,ukmo,4,16.3,15.5,0,42.5
2026-09-21,ukmo,5,16.8,15.5,0.6,52.2
2026-09-21,ukmo,6,16.3,15.4,2.5,40.7
2026-09-22,arpege,1,16,11.4,0,29.6
2026-09-22,arpege,2,17,13.3,0,25.5
2026-09-22,arpege,3,16.9,12.8,0,18.7
2026-09-22,ecmwf,1,16,14.5,0,35.6
2026-09-22,ecmwf,2,16,15.3,0,34.5
2026-09-22,ecmwf,3,16.7,15.8,0,30.6
2026-09-22,ecmwf,4,17.2,14.7,0,29.2
2026-09-22,ecmwf,5,16.5,15.1,0,41.4
2026-09-22,ecmwf,6,16,15.3,0,43
2026-09-22,ecmwf,7,17.7,15.7,0,34.5
2026-09-22,gem,1,17.1,10.7,0,24.1
2026-09-22,gem,2,17.2,11.4,0,26.3
2026-09-22,gem,3,16.4,14.6,0.4,28.1
2026-09-22,gem,4,16.7,14.7,1.3,32.8
2026-09-22,gem,5,15.8,14.6,0,32.4
2026-09-22,gem,6,17.1,14.9,0,27
2026-09-22,gem,7,17.7,15.2,0,20.2
2026-09-22,gfs,1,16.3,12.6,0,25.9
2026-09-22,gfs,2,16,13.3,0,27
2026-09-22,gfs,3,16.6,13.3,0,26
2026-09-22,gfs,4,16.6,13.7,0,21.2
2026-09-22,gfs,5,15.9,13.9,0,32.3
2026-09-22,gfs,6,16.1,12.3,0,25.5
2026-09-22,gfs,7,16.5,13.8,0.2,29.9
2026-09-22,icon,1,16.2,10.9,0,20.1
2026-09-22,icon,2,16.6,13.1,0,16.6
2026-09-22,icon,3,16.9,14.1,0,17.4
2026-09-22,icon,4,16.7,13.6,0,19.6
2026-09-22,icon,5,17.1,13.3,0,23.5
2026-09-22,icon,6,17.4,13.2,0,22.4
2026-09-22,ukmo,1,15.7,14.9,0,29.9
2026-09-22,ukmo,2,16.1,15.2,0,30.2
2026-09-22,ukmo,3,16.5,15,0.2,24.8
2026-09-22,ukmo,4,16.5,14.7,0,22
2026-09-22,ukmo,5,16.8,15.4,0,20.5
2026-09-22,ukmo,6,17.6,15.2,0,33.1
2026-09-23,arpege,1,16.6,10.2,8.1,44.8
2026-09-23,arpege,2,16.8,11.4,1.1,18.8
2026-09-23,arpege,3,17.5,14.7,6.5,34.2
2026-09-23,ecmwf,1,17.1,15.7,10.8,45.3
2026-09-23,ecmwf,2,17,15.7,8.4,43.1
2026-09-23,ecmwf,3,17,16.2,0.9,17.6
2026-09-23,ecmwf,4,17.2,16,0.6,22.2
2026-09-23,ecmwf,5,17.8,13.9,6.6,27.7
2026-09-23,ecmwf,6,17.3,12.1,0,22.5
2026-09-23,ecmwf,7,17,13.1,0,22.4
2026-09-23,gem,1,16.9,9.6,9.5,33.5
2026-09-23,gem,2,16.8,11,9.7,21.2
2026-09-23,gem,3,16.8,14.8,0.5,23.4
2026-09-23,gem,4,16.9,15.7,0.1,20.2
2026-09-23,gem,5,16.6,14.1,0.9,22.3
2026-09-23,gem,6,16.2,12.2,0,15.5
2026-09-23,gem,7,17.4,13.1,6.6,20.5
2026-09-23,gfs,1,16.7,12.9,5.4,40.9
2026-09-23,gfs,2,16.1,11.9,18.9,36.5
2026-09-23,gfs,3,16,12.2,0,13.7
2026-09-23,gfs,4,16.4,13.5,0,18.7
2026-09-23,gfs,5,16.6,12.4,0.8,32.8
2026-09-23,gfs,6,16,9.9,0,11.3
2026-09-23,gfs,7,17.1,12.8,0.6,18.6
2026-09-23,icon,1,16.1,11,9.5,34.7
2026-09-23,icon,2,17.3,12.8,10.1,27.8
2026-09-23,icon,3,17.4,13.8,3.5,20.8
2026-09-23,icon,4,16.4,13.5,10.1,23.6
2026-09-23,icon,5,16.6,14,0,14.6
2026-09-23,icon,6,16.8,13,0.9,35.4
2026-09-23,ukmo,1,17.2,14.8,10.3,42.5
2026-09-23,ukmo,2,16.6,15.1,0.6,30.2
2026-09-23,ukmo,3,16.6,16.2,3.3,14.8
2026-09-23,ukmo,4,16.9,15.5,15.8,38.2
2026-09-23,ukmo,5,16.7,15.8,11.3,34.6
2026-09-23,ukmo,6,17.7,14.5,26.9,51.8
2026-09-24,arpege,1,15.1,13.9,1.1,60.3
2026-09-24,arpege,2,16.3,12.6,3,48.7
2026-09-24,arpege,3,16.8,13.4,3.5,41.4
2026-09-24,ecmwf,1,15.8,14.4,1.8,54.1
2026-09-24,ecmwf,2,15.8,15,1.8,62.2
2026-09-24,ecmwf,3,16.6,15,3.6,55.7
2026-09-24,ecmwf,4,16.6,15.4,16.8,36.2
2026-09-24,ecmwf,5,16.5,14.2,8.7,28.3
2026-09-24,ecmwf,6,16.8,15.3,0.6,47.3
2026-09-24,ecmwf,7,17.3,12,0,31.5
2026-09-24,gem,1,15,12.3,1,51.1
2026-09-24,gem,2,15.6,12.9,1.3,55.8
2026-09-24,gem,3,16,14.6,4.4,47.2
2026-09-24,gem,4,16.5,14.5,1,36.4
2026-09-24,gem,5,16.6,14.5,1.6,37.8
2026-09-24,gem,6,17,15.1,0.2,32.8
2026-09-24,gem,7,15.3,12.6,2,23.8
2026-09-24,gfs,1,15.1,13.2,0.9,48.1
2026-09-24,gfs,2,14.9,13.3,0.4,52.1
2026-09-24,gfs,3,16.5,13,0.1,34.4
2026-09-24,gfs,4,17.5,12.9,11.2,19
2026-09-24,gfs,5,16.9,12.5,2.8,49
2026-09-24,gfs,6,17.6,12,1,26
2026-09-24,gfs,7,15,11.9,3.3,37
2026-09-24,icon,1,14.9,13.3,0.1,41.8
2026-09-24,icon,2,15.2,14.1,0.8,36.3
2026-09-24,icon,3,15.3,13.8,3.1,38.2
2026-09-24,icon,4,15.9,13.9,7,24.2
2026-09-24,icon,5,17.3,12.6,0.5,13.5
2026-09-24,icon,6,17.8,11.4,0,34.5
2026-09-24,ukmo,1,15.6,13.7,3.1,57.2
2026-09-24,ukmo,2,16.1,14.7,4.2,55.4
2026-09-24,ukmo,3,16.3,14.3,3.3,39.2
2026-09-24,ukmo,4,16.5,15.2,0.6,46.4
2026-09-24,ukmo,5,15.8,13.1,0.4,48.2
2026-09-24,ukmo,6,15.5,14.9,2.6,55.4
2026-09-25,arpege,1,16.5,13.2,0,26.9
2026-09-25,arpege,2,16.9,11.1,0,21.8
2026-09-25,arpege,3,17.2,12,0,25
2026-09-25,ecmwf,1,16.8,14.7,0,25.7
2026-09-25,ecmwf,2,16.7,14.6,0,25.8
2026-09-25,ecmwf,3,16.7,14.4,0,28
2026-09-25,ecmwf,4,16.6,14.7,0,29.1
2026-09-25,ecmwf,5,16.6,15.1,0.3,28.4
2026-09-25,ecmwf,6,17.6,15.4,0,33.1
2026-09-25,ecmwf,7,17.2,15.1,0.3,28.8
2026-09-25,gem,1,16.8,10.2,0,22.3
2026-09-25,gem,2,16.4,10.4,0,22.7
2026-09-25,gem,3,15.6,14.5,0,30.6
2026-09-25,gem,4,16.1,14.2,0,24.1
2026-09-25,gem,5,16.2,12.2,0,19.4
2026-09-25,gem,6,15.4,13.4,0,12.2
2026-09-25,gem,7,15.7,14.2,0,21.2
2026-09-25,gfs,1,15.9,12.8,0,21.1
2026-09-25,gfs,2,15.9,12.8,0,25
2026-09-25,gfs,3,16,12.9,0,23.2
2026-09-25,gfs,4,15.7,13.5,0.3,23.2
2026-09-25,gfs,5,17,10.3,0,18
2026-09-25,gfs,6,18,11.1,0,15.2
2026-09-25,gfs,7,18.9,11.3,0,14.9
2026-09-25,icon,1,15.9,12.5,0,20.8
2026-09-25,icon,2,16.1,13.3,0,19.3
2026-09-25,icon,3,16.4,13.2,0,17.4
2026-09-25,icon,4,16.7,13.6,0,22.7
2026-09-25,icon,5,17.3,12.2,0,21.8
2026-09-25,icon,6,17.3,14.3,0,27.2
2026-09-25,ukmo,1,16.1,14.4,0,24.8
2026-09-25,ukmo,2,16.3,14.5,0,28.4
2026-09-25,ukmo,3,16.3,14.6,0,30.2
2026-09-25,ukmo,4,16,14.5,0,20.9
2026-09-25,ukmo,5,16.7,15.1,0,29.2
2026-09-25,ukmo,6,16.5,13.1,0,22.3
2026-09-26,arpege,1,16.7,11.5,0,24.7
2026-09-26,arpege,2,17.2,12.3,0.4,21.6
2026-09-26,arpege,3,17.7,11.7,0.1,20.5
2026-09-26,ecmwf,1,16.6,15.3,0,23.9
2026-09-26,ecmwf,2,16.6,15.3,0.6,22.5
2026-09-26,ecmwf,3,16.5,15.2,0.3,22.1
2026-09-26,ecmwf,4,16.3,15.3,0,23.5
2026-09-26,ecmwf,5,16.6,15.6,2.7,22
2026-09-26,ecmwf,6,17,15.8,0,26.6
2026-09-26,ecmwf,7,17.3,16.3,0.6,19.8
2026-09-26,gem,1,17.5,10.6,0.1,17.3
2026-09-26,gem,2,16.8,10.9,1.1,22
2026-09-26,gem,3,15.7,14.2,0,31.7
2026-09-26,gem,4,16.1,14.5,0.2,39.6
2026-09-26,gem,5,16.9,14.7,0,22.3
2026-09-26,gem,6,17.4,12.7,0,33.8
2026-09-26,gem,7,15.5,13.4,0,11.5
2026-09-26,gfs,1,16.5,12.3,0.3,17.6
2026-09-26,gfs,2,16.6,12.5,0,16.6
2026-09-26,gfs,3,16.2,12.4,0,20.6
2026-09-26,gfs,4,17.1,12.1,0,19.6
2026-09-26,gfs,5,18,11.5,0,20.9
2026-09-26,gfs,6,16.3,11.6,0,12.7
2026-09-26,gfs,7,15.6,11.2,0.2,13.5
2026-09-26,icon,1,17.2,11.8,0.2,16.7
2026-09-26,icon,2,16.7,13.5,0.4,15.5
2026-09-26,icon,3,16.7,12.4,0,18.7
2026-09-26,icon,4,16.3,13,0,17.3
2026-09-26,icon,5,17.4,12.1,0.6,30.9
2026-09-26,icon,6,16.9,13.4,1.8,24.7
2026-09-26,ukmo,1,16.3,15.6,0.3,23.8
2026-09-26,ukmo,2,16.1,14.7,1.5,31
2026-09-26,ukmo,3,16.3,15.1,1.1,25.6
2026-09-26,ukmo,4,16.2,14.4,3.9,27.4
2026-09-26,ukmo,5,16.8,15.1,0.1,31.3
2026-09-26,ukmo,6,16.9,14.7,0.5,20.5
2026-09-27,arpege,1,20.9,8.3,0,31.7
2026-09-27,arpege,2,18.7,9.6,0,31.3
2026-09-27,arpege,3,17.8,9.6,0,33.3
2026-09-27,ecmwf,1,19.2,12.5,0,32
2026-09-27,ecmwf,2,19,12.7,0,32.6
2026-09-27,ecmwf,3,18.8,13.5,0,33.1
2026-09-27,ecmwf,4,18.5,13.2,0,32.5
2026-09-27,ecmwf,5,18.5,12.6,0,30.1
2026-09-27,ecmwf,6,17.7,14.8,0,25.2
2026-09-27,ecmwf,7,18.9,15.2,0,25.3
2026-09-27,gem,1,21.3,8.1,0,33.1
2026-09-27,gem,2,21.1,8,0,31.3
2026-09-27,gem,3,18.2,12.1,0,31
2026-09-27,gem,4,17,12.8,0,29.5
2026-09-27,gem,5,15.8,13.4,0,16.6
2026-09-27,gem,6,17.5,14.6,0,28.8
2026-09-27,gem,7,16.8,14,0,26.3
2026-09-27,gfs,1,19.8,10.5,0,27.4
2026-09-27,gfs,2,19.4,10.1,0,25.1
2026-09-27,gfs,3,19.2,10.6,0,25.3
2026-09-27,gfs,4,18.9,9.9,0,20.3
2026-09-27,gfs,5,19.1,13.1,0,20.6
2026-09-27,gfs,6,18.5,12.6,0,24
2026-09-27,gfs,7,17.3,11.4,0,23
2026-09-27,icon,1,20.5,9.5,0,25.4
2026-09-27,icon,2,19.9,10.5,0,24.3
2026-09-27,icon,3,17.6,10.7,0,22.1
2026-09-27,icon,4,19.2,10.2,0,21.3
2026-09-27,icon,5,18.1,12.1,0,13.6
2026-09-27,icon,6,16.4,14.2,0.7,19.6
2026-09-27,metno,1,19.7,9.7,0,28.8
2026-09-27,mosmix,1,19.8,9.4,0,25.9
2026-09-27,ukmo,1,19.3,10.5,0,28.8
2026-09-27,ukmo,2,18.1,11.8,0,29.2
2026-09-27,ukmo,3,17.2,14,0,24.8
2026-09-27,ukmo,4,16.4,13.2,0,24.8
2026-09-27,ukmo,5,16.6,14.4,0,23.8
2026-09-27,ukmo,6,16.9,14.8,0,24.8
2026-09-28,arpege,1,17.7,15.3,3.3,20.7
2026-09-28,arpege,2,18.8,15.6,0,17.7
2026-09-28,arpege,3,18.8,15,0.9,28.5
2026-09-28,ecmwf,1,18.1,16.2,0,25.6
2026-09-28,ecmwf,2,18.1,15.9,0,25
2026-09-28,ecmwf,3,17.7,16.4,0.3,21.6
2026-09-28,ecmwf,4,17.4,16.6,0,21
2026-09-28,ecmwf,5,17.2,15.4,0.3,21.8
2026-09-28,ecmwf,6,17.3,15.9,0.6,20.3
2026-09-28,ecmwf,7,18.3,16.7,7.5,19.4
2026-09-28,gem,1,19.6,14.6,0,22
2026-09-28,gem,2,19.1,14.7,0,25.2
2026-09-28,gem,3,17.7,15.1,2.5,28.8
2026-09-28,gem,4,17,14.7,8.4,31.7
2026-09-28,gem,5,16.6,13.2,5.1,20.5
2026-09-28,gem,6,17.1,14.7,0.2,29.9
2026-09-28,gem,7,18.6,14.1,0.7,30.6
2026-09-28,gfs,1,18.1,15.2,0,21.2
2026-09-28,gfs,2,18.4,15.2,0,17.2
2026-09-28,gfs,3,18.5,14.9,0,23.2
2026-09-28,gfs,4,19.6,14.9,0,16.4
2026-09-28,gfs,5,18.3,12.3,0,16.1
2026-09-28,gfs,6,17.3,13.4,0,14.4
2026-09-28,gfs,7,17.2,14,2.5,17.7
2026-09-28,icon,1,17.9,14.7,2.4,14.1
2026-09-28,icon,2,17.9,15.6,0.3,15.4
2026-09-28,icon,3,17.9,14.8,0.3,16.3
2026-09-28,icon,4,18.3,14.9,0,11.3
2026-09-28,icon,5,18.9,14.2,3,14.1
2026-09-28,icon,6,18.1,12.3,4,17.3
2026-09-28,metno,1,17.8,15.1,0,17.6
2026-09-28,metno,2,18.7,14.3,0,18.7
2026-09-28,mosmix,1,18.1,15,0,13
2026-09-28,mosmix,2,18.7,15.2,0,14.8
2026-09-28,ukmo,1,17,15.6,0.4,27
2026-09-28,ukmo,2,16.6,15,0.3,20.5
2026-09-28,ukmo,3,16.5,15.5,0,22.7
2026-09-28,ukmo,4,16,14.4,0.4,28.4
2026-09-28,ukmo,5,16.4,14.2,0,24.8
2026-09-28,ukmo,6,17.3,14.8,0.9,26.6
2026-09-29,metno,1,21.5,14.6,0,22.7
2026-09-29,metno,2,21,14,0,26.3
2026-09-29,metno,3,20.8,14,0,24.8
2026-09-29,mosmix,1,19.9,14.5,0.3,18.5
2026-09-29,mosmix,2,20.2,14.6,0,20.4
2026-09-29,mosmix,3,21.2,14.8,0,16.7
2026-09-30,metno,1,21.6,14.7,0,23.4
2026-09-30,metno,2,20.8,13.7,0,29.2
2026-09-30,metno,3,20.4,14.1,0,28.1
2026-09-30,metno,4,20.7,14.7,0,27.4
2026-09-30,mosmix,1,20.4,13.9,0,22.2
2026-09-30,mosmix,2,20.7,13.4,0,22.2
2026-09-30,mosmix,3,20.1,13.4,0,24.1
2026-09-30,mosmix,4,20.4,14.2,0,22.2
2026-10-01,metno,2,17.6,15,6.7,22.3
2026-10-01,metno,3,17.9,13.9,4,26.3
2026-10-01,metno,4,18.5,14.9,3.5,23.4
2026-10-01,metno,5,18.6,15.4,3,24.5
2026-10-01,mosmix,2,17.1,14.1,5.2,16.7
2026-10-01,mosmix,3,16.7,13.4,3.8,18.5
2026-10-01,mosmix,4,17.4,14.7,2.3,18.5
2026-10-01,mosmix,5,18,14,0,20.4
2026-10-02,metno,3,16.9,14.8,1.1,14.4
2026-10-02,metno,4,16.8,13.7,0.8,12.2
2026-10-02,metno,5,16.9,13.8,0.6,12.2
2026-10-02,metno,6,17.1,14.9,4.9,16.6
2026-10-02,mosmix,3,18,13.1,0,14.8
2026-10-02,mosmix,4,17.7,13.4,0,16.7
2026-10-02,mosmix,5,17.9,14.3,0,20.4
2026-10-02,mosmix,6,17.1,13.3,0,18.5
2026-10-03,metno,4,15.7,12.4,0,9.4
2026-10-03,metno,5,16.3,12.6,0,11.5
2026-10-03,metno,6,16.7,12.3,0,11.9
2026-10-03,metno,7,16.6,13.8,0,12.2
2026-10-03,mosmix,4,17,12.5,0,14.8
2026-10-03,mosmix,5,17.2,12.2,0,16.7
2026-10-03,mosmix,6,17.2,12.7,0,16.7
2026-10-03,mosmix,7,16.4,13,0,16.7
2026-10-04,metno,5,15.4,13.1,0,13.7
2026-10-04,metno,6,16,13.4,0,15.5
2026-10-04,metno,7,16.2,12.4,0,18.7
2026-10-04,mosmix,5,16.2,12.7,0,18.5
2026-10-04,mosmix,6,16.5,12.7,0,18.5
2026-10-04,mosmix,7,16,12.6,0,16.7
2026-10-05,metno,6,16.1,13.8,0,15.5
2026-10-05,metno,7,15.9,12.8,0,18.7
2026-10-05,mosmix,6,16.6,13.5,0,25.9
2026-10-05,mosmix,7,15.7,12.4,0,22.2
2026-10-06,metno,7,16.3,13.7,0,17.3
2026-10-06,mosmix,7,16.6,13.9,0,24.1
